mtllib demo.mtl

o Default 
usemtl 0x40A3CB
v -1.905 11.991 0.2
v -1.905 11.991 0.2
v -1.923 12.002 0.2
v -1.939 12.012 0.2
v -1.954 12.021 0.2
v -1.968 12.029 0.2
v -1.982 12.037 0.2
v -1.995 12.045 0.2
v -2.008 12.052 0.2
v -2.021 12.06 0.2
v -2.035 12.068 0.2
v -2.049 12.076 0.2
v -2.049 12.076 0.2
v -2.056 12.08 0.2
v -2.062 12.085 0.2
v -2.068 12.091 0.2
v -2.072 12.096 0.2
v -2.075 12.102 0.2
v -2.077 12.109 0.2
v -2.078 12.116 0.2
v -2.079 12.124 0.2
v -2.08 12.132 0.2
v -2.08 12.141 0.2
v -2.08 12.316 0.2
v -2.08 12.316 0.2
v -2.08 12.324 0.2
v -2.078 12.331 0.2
v -2.076 12.338 0.2
v -2.074 12.344 0.2
v -2.071 12.349 0.2
v -2.067 12.354 0.2
v -2.063 12.359 0.2
v -2.058 12.363 0.2
v -2.054 12.366 0.2
v -2.049 12.369 0.2
v -2.049 12.369 0.2
v -2.037 12.376 0.2
v -2.025 12.383 0.2
v -2.011 12.392 0.2
v -1.995 12.4 0.2
v -1.98 12.41 0.2
v -1.963 12.419 0.2
v -1.947 12.429 0.2
v -1.931 12.439 0.2
v -1.915 12.448 0.2
v -1.901 12.457 0.2
v -1.901 12.457 0.2
v -1.891 12.462 0.2
v -1.881 12.466 0.2
v -1.872 12.469 0.2
v -1.862 12.471 0.2
v -1.853 12.472 0.2
v -1.843 12.471 0.2
v -1.834 12.469 0.2
v -1.825 12.466 0.2
v -1.815 12.462 0.2
v -1.805 12.457 0.2
v -1.805 12.457 0.2
v -1.788 12.447 0.2
v -1.773 12.438 0.2
v -1.761 12.431 0.2
v -1.75 12.424 0.2
v -1.74 12.418 0.2
v -1.729 12.412 0.2
v -1.718 12.406 0.2
v -1.705 12.398 0.2
v -1.691 12.39 0.2
v -1.673 12.38 0.2
v -1.673 12.38 0.2
v -1.663 12.374 0.2
v -1.655 12.368 0.2
v -1.647 12.363 0.2
v -1.641 12.356 0.2
v -1.636 12.35 0.2
v -1.632 12.343 0.2
v -1.629 12.335 0.2
v -1.626 12.327 0.2
v -1.625 12.318 0.2
v -1.625 12.308 0.2
v -1.625 12.14 0.2
v -1.625 12.14 0.2
v -1.625 12.13 0.2
v -1.626 12.121 0.2
v -1.628 12.113 0.2
v -1.631 12.106 0.2
v -1.634 12.099 0.2
v -1.638 12.092 0.2
v -1.643 12.086 0.2
v -1.648 12.081 0.2
v -1.654 12.076 0.2
v -1.661 12.072 0.2
v -1.661 12.072 0.2
v -1.679 12.062 0.2
v -1.694 12.053 0.2
v -1.708 12.045 0.2
v -1.721 12.037 0.2
v -1.734 12.03 0.2
v -1.746 12.023 0.2
v -1.758 12.016 0.2
v -1.771 12.008 0.2
v -1.786 12 0.2
v -1.801 11.991 0.2
v -1.801 11.991 0.2
v -1.813 11.985 0.2
v -1.824 11.98 0.2
v -1.834 11.977 0.2
v -1.844 11.975 0.2
v -1.854 11.974 0.2
v -1.864 11.975 0.2
v -1.874 11.977 0.2
v -1.884 11.98 0.2
v -1.894 11.985 0.2
v -1.905 11.991 0.2
v -1.905 11.991 0.2
v -1.905 11.991 0.2
v -1.905 11.991 0
v -1.905 11.991 0.2
v -1.905 11.991 0
v -1.923 12.002 0.2
v -1.923 12.002 0
v -1.939 12.012 0.2
v -1.939 12.012 0
v -1.954 12.021 0.2
v -1.954 12.021 0
v -1.968 12.029 0.2
v -1.968 12.029 0
v -1.982 12.037 0.2
v -1.982 12.037 0
v -1.995 12.045 0.2
v -1.995 12.045 0
v -2.008 12.052 0.2
v -2.008 12.052 0
v -2.021 12.06 0.2
v -2.021 12.06 0
v -2.035 12.068 0.2
v -2.035 12.068 0
v -2.049 12.076 0.2
v -2.049 12.076 0
v -2.049 12.076 0.2
v -2.049 12.076 0
v -2.056 12.08 0.2
v -2.056 12.08 0
v -2.062 12.085 0.2
v -2.062 12.085 0
v -2.068 12.091 0.2
v -2.068 12.091 0
v -2.072 12.096 0.2
v -2.072 12.096 0
v -2.075 12.102 0.2
v -2.075 12.102 0
v -2.077 12.109 0.2
v -2.077 12.109 0
v -2.078 12.116 0.2
v -2.078 12.116 0
v -2.079 12.124 0.2
v -2.079 12.124 0
v -2.08 12.132 0.2
v -2.08 12.132 0
v -2.08 12.141 0.2
v -2.08 12.141 0
v -2.08 12.316 0.2
v -2.08 12.316 0
v -2.08 12.316 0.2
v -2.08 12.316 0
v -2.08 12.324 0.2
v -2.08 12.324 0
v -2.078 12.331 0.2
v -2.078 12.331 0
v -2.076 12.338 0.2
v -2.076 12.338 0
v -2.074 12.344 0.2
v -2.074 12.344 0
v -2.071 12.349 0.2
v -2.071 12.349 0
v -2.067 12.354 0.2
v -2.067 12.354 0
v -2.063 12.359 0.2
v -2.063 12.359 0
v -2.058 12.363 0.2
v -2.058 12.363 0
v -2.054 12.366 0.2
v -2.054 12.366 0
v -2.049 12.369 0.2
v -2.049 12.369 0
v -2.049 12.369 0.2
v -2.049 12.369 0
v -2.037 12.376 0.2
v -2.037 12.376 0
v -2.025 12.383 0.2
v -2.025 12.383 0
v -2.011 12.392 0.2
v -2.011 12.392 0
v -1.995 12.4 0.2
v -1.995 12.4 0
v -1.98 12.41 0.2
v -1.98 12.41 0
v -1.963 12.419 0.2
v -1.963 12.419 0
v -1.947 12.429 0.2
v -1.947 12.429 0
v -1.931 12.439 0.2
v -1.931 12.439 0
v -1.915 12.448 0.2
v -1.915 12.448 0
v -1.901 12.457 0.2
v -1.901 12.457 0
v -1.901 12.457 0.2
v -1.901 12.457 0
v -1.891 12.462 0.2
v -1.891 12.462 0
v -1.881 12.466 0.2
v -1.881 12.466 0
v -1.872 12.469 0.2
v -1.872 12.469 0
v -1.862 12.471 0.2
v -1.862 12.471 0
v -1.853 12.472 0.2
v -1.853 12.472 0
v -1.843 12.471 0.2
v -1.843 12.471 0
v -1.834 12.469 0.2
v -1.834 12.469 0
v -1.825 12.466 0.2
v -1.825 12.466 0
v -1.815 12.462 0.2
v -1.815 12.462 0
v -1.805 12.457 0.2
v -1.805 12.457 0
v -1.805 12.457 0.2
v -1.805 12.457 0
v -1.788 12.447 0.2
v -1.788 12.447 0
v -1.773 12.438 0.2
v -1.773 12.438 0
v -1.761 12.431 0.2
v -1.761 12.431 0
v -1.75 12.424 0.2
v -1.75 12.424 0
v -1.74 12.418 0.2
v -1.74 12.418 0
v -1.729 12.412 0.2
v -1.729 12.412 0
v -1.718 12.406 0.2
v -1.718 12.406 0
v -1.705 12.398 0.2
v -1.705 12.398 0
v -1.691 12.39 0.2
v -1.691 12.39 0
v -1.673 12.38 0.2
v -1.673 12.38 0
v -1.673 12.38 0.2
v -1.673 12.38 0
v -1.663 12.374 0.2
v -1.663 12.374 0
v -1.655 12.368 0.2
v -1.655 12.368 0
v -1.647 12.363 0.2
v -1.647 12.363 0
v -1.641 12.356 0.2
v -1.641 12.356 0
v -1.636 12.35 0.2
v -1.636 12.35 0
v -1.632 12.343 0.2
v -1.632 12.343 0
v -1.629 12.335 0.2
v -1.629 12.335 0
v -1.626 12.327 0.2
v -1.626 12.327 0
v -1.625 12.318 0.2
v -1.625 12.318 0
v -1.625 12.308 0.2
v -1.625 12.308 0
v -1.625 12.14 0.2
v -1.625 12.14 0
v -1.625 12.14 0.2
v -1.625 12.14 0
v -1.625 12.13 0.2
v -1.625 12.13 0
v -1.626 12.121 0.2
v -1.626 12.121 0
v -1.628 12.113 0.2
v -1.628 12.113 0
v -1.631 12.106 0.2
v -1.631 12.106 0
v -1.634 12.099 0.2
v -1.634 12.099 0
v -1.638 12.092 0.2
v -1.638 12.092 0
v -1.643 12.086 0.2
v -1.643 12.086 0
v -1.648 12.081 0.2
v -1.648 12.081 0
v -1.654 12.076 0.2
v -1.654 12.076 0
v -1.661 12.072 0.2
v -1.661 12.072 0
v -1.661 12.072 0.2
v -1.661 12.072 0
v -1.679 12.062 0.2
v -1.679 12.062 0
v -1.694 12.053 0.2
v -1.694 12.053 0
v -1.708 12.045 0.2
v -1.708 12.045 0
v -1.721 12.037 0.2
v -1.721 12.037 0
v -1.734 12.03 0.2
v -1.734 12.03 0
v -1.746 12.023 0.2
v -1.746 12.023 0
v -1.758 12.016 0.2
v -1.758 12.016 0
v -1.771 12.008 0.2
v -1.771 12.008 0
v -1.786 12 0.2
v -1.786 12 0
v -1.801 11.991 0.2
v -1.801 11.991 0
v -1.801 11.991 0.2
v -1.801 11.991 0
v -1.813 11.985 0.2
v -1.813 11.985 0
v -1.824 11.98 0.2
v -1.824 11.98 0
v -1.834 11.977 0.2
v -1.834 11.977 0
v -1.844 11.975 0.2
v -1.844 11.975 0
v -1.854 11.974 0.2
v -1.854 11.974 0
v -1.864 11.975 0.2
v -1.864 11.975 0
v -1.874 11.977 0.2
v -1.874 11.977 0
v -1.884 11.98 0.2
v -1.884 11.98 0
v -1.894 11.985 0.2
v -1.894 11.985 0
v -1.905 11.991 0.2
v -1.905 11.991 0
v -1.905 11.991 0.2
v -1.905 11.991 0

f -231 -232 -233
f -233 -234 -235
f -235 -236 -237
f -237 -238 -239
f -248 -249 -250
f -253 -254 -255
f -255 -256 -257
f -257 -258 -259
f -259 -260 -261
f -264 -265 -266
f -266 -267 -268
f -268 -269 -270
f -270 -271 -272
f -276 -277 -278
f -287 -288 -289
f -289 -290 -291
f -291 -292 -293
f -293 -294 -295
f -309 -310 -311
f -311 -312 -313
f -313 -314 -315
f -315 -316 -317
f -320 -321 -322
f -322 -323 -324
f -324 -325 -326
f -326 -327 -328
f -231 -233 -235
f -235 -237 -239
f -253 -255 -257
f -257 -259 -261
f -264 -266 -268
f -268 -270 -272
f -287 -289 -291
f -291 -293 -295
f -309 -311 -313
f -313 -315 -317
f -320 -322 -324
f -324 -326 -328
f -231 -235 -239
f -253 -257 -261
f -264 -268 -272
f -287 -291 -295
f -309 -313 -317
f -320 -324 -328
f -264 -272 -273
f -320 -328 -329
f -309 -317 -319
f -319 -320 -329
f -329 -331 -332
f -339 -340 -230
f -230 -231 -239
f -239 -241 -242
f -248 -250 -252
f -252 -253 -261
f -261 -263 -264
f -264 -273 -275
f -284 -286 -287
f -287 -295 -297
f -306 -308 -309
f -309 -319 -329
f -329 -332 -333
f -339 -230 -239
f -239 -242 -243
f -247 -248 -252
f -252 -261 -264
f -264 -275 -276
f -283 -284 -287
f -287 -297 -298
f -305 -306 -309
f -309 -329 -333
f -338 -339 -239
f -239 -243 -244
f -247 -252 -264
f -264 -276 -278
f -282 -283 -287
f -287 -298 -299
f -304 -305 -309
f -309 -333 -334
f -337 -338 -239
f -239 -244 -245
f -246 -247 -264
f -264 -278 -279
f -282 -287 -299
f -304 -309 -334
f -336 -337 -239
f -245 -246 -264
f -264 -279 -280
f -281 -282 -299
f -303 -304 -334
f -335 -336 -239
f -239 -245 -264
f -264 -280 -281
f -281 -299 -300
f -302 -303 -334
f -334 -335 -239
f -239 -264 -281
f -281 -300 -301
f -301 -302 -334
f -334 -239 -281
f -281 -301 -334
f -228 -227 -226
f -226 -227 -225
f -226 -225 -224
f -224 -225 -223
f -224 -223 -222
f -222 -223 -221
f -222 -221 -220
f -220 -221 -219
f -220 -219 -218
f -218 -219 -217
f -218 -217 -216
f -216 -217 -215
f -216 -215 -214
f -214 -215 -213
f -214 -213 -212
f -212 -213 -211
f -212 -211 -210
f -210 -211 -209
f -210 -209 -208
f -208 -209 -207
f -208 -207 -206
f -206 -207 -205
f -206 -205 -204
f -204 -205 -203
f -204 -203 -202
f -202 -203 -201
f -202 -201 -200
f -200 -201 -199
f -200 -199 -198
f -198 -199 -197
f -198 -197 -196
f -196 -197 -195
f -196 -195 -194
f -194 -195 -193
f -194 -193 -192
f -192 -193 -191
f -192 -191 -190
f -190 -191 -189
f -190 -189 -188
f -188 -189 -187
f -188 -187 -186
f -186 -187 -185
f -186 -185 -184
f -184 -185 -183
f -184 -183 -182
f -182 -183 -181
f -182 -181 -180
f -180 -181 -179
f -180 -179 -178
f -178 -179 -177
f -178 -177 -176
f -176 -177 -175
f -176 -175 -174
f -174 -175 -173
f -174 -173 -172
f -172 -173 -171
f -172 -171 -170
f -170 -171 -169
f -170 -169 -168
f -168 -169 -167
f -168 -167 -166
f -166 -167 -165
f -166 -165 -164
f -164 -165 -163
f -164 -163 -162
f -162 -163 -161
f -162 -161 -160
f -160 -161 -159
f -160 -159 -158
f -158 -159 -157
f -158 -157 -156
f -156 -157 -155
f -156 -155 -154
f -154 -155 -153
f -154 -153 -152
f -152 -153 -151
f -152 -151 -150
f -150 -151 -149
f -150 -149 -148
f -148 -149 -147
f -148 -147 -146
f -146 -147 -145
f -146 -145 -144
f -144 -145 -143
f -144 -143 -142
f -142 -143 -141
f -142 -141 -140
f -140 -141 -139
f -140 -139 -138
f -138 -139 -137
f -138 -137 -136
f -136 -137 -135
f -136 -135 -134
f -134 -135 -133
f -134 -133 -132
f -132 -133 -131
f -132 -131 -130
f -130 -131 -129
f -130 -129 -128
f -128 -129 -127
f -128 -127 -126
f -126 -127 -125
f -126 -125 -124
f -124 -125 -123
f -124 -123 -122
f -122 -123 -121
f -122 -121 -120
f -120 -121 -119
f -120 -119 -118
f -118 -119 -117
f -118 -117 -116
f -116 -117 -115
f -116 -115 -114
f -114 -115 -113
f -114 -113 -112
f -112 -113 -111
f -112 -111 -110
f -110 -111 -109
f -110 -109 -108
f -108 -109 -107
f -108 -107 -106
f -106 -107 -105
f -106 -105 -104
f -104 -105 -103
f -104 -103 -102
f -102 -103 -101
f -102 -101 -100
f -100 -101 -99
f -100 -99 -98
f -98 -99 -97
f -98 -97 -96
f -96 -97 -95
f -96 -95 -94
f -94 -95 -93
f -94 -93 -92
f -92 -93 -91
f -92 -91 -90
f -90 -91 -89
f -90 -89 -88
f -88 -89 -87
f -88 -87 -86
f -86 -87 -85
f -86 -85 -84
f -84 -85 -83
f -84 -83 -82
f -82 -83 -81
f -82 -81 -80
f -80 -81 -79
f -80 -79 -78
f -78 -79 -77
f -78 -77 -76
f -76 -77 -75
f -76 -75 -74
f -74 -75 -73
f -74 -73 -72
f -72 -73 -71
f -72 -71 -70
f -70 -71 -69
f -70 -69 -68
f -68 -69 -67
f -68 -67 -66
f -66 -67 -65
f -66 -65 -64
f -64 -65 -63
f -64 -63 -62
f -62 -63 -61
f -62 -61 -60
f -60 -61 -59
f -60 -59 -58
f -58 -59 -57
f -58 -57 -56
f -56 -57 -55
f -56 -55 -54
f -54 -55 -53
f -54 -53 -52
f -52 -53 -51
f -52 -51 -50
f -50 -51 -49
f -50 -49 -48
f -48 -49 -47
f -48 -47 -46
f -46 -47 -45
f -46 -45 -44
f -44 -45 -43
f -44 -43 -42
f -42 -43 -41
f -42 -41 -40
f -40 -41 -39
f -40 -39 -38
f -38 -39 -37
f -38 -37 -36
f -36 -37 -35
f -36 -35 -34
f -34 -35 -33
f -34 -33 -32
f -32 -33 -31
f -32 -31 -30
f -30 -31 -29
f -30 -29 -28
f -28 -29 -27
f -28 -27 -26
f -26 -27 -25
f -26 -25 -24
f -24 -25 -23
f -24 -23 -22
f -22 -23 -21
f -22 -21 -20
f -20 -21 -19
f -20 -19 -18
f -18 -19 -17
f -18 -17 -16
f -16 -17 -15
f -16 -15 -14
f -14 -15 -13
f -14 -13 -12
f -12 -13 -11
f -12 -11 -10
f -10 -11 -9
f -10 -9 -8
f -8 -9 -7
f -8 -7 -6
f -6 -7 -5
f -6 -5 -4
f -4 -5 -3
f -4 -3 -2
f -2 -3 -1

o Default 
usemtl 0x9A9A9A
v 0.408 11.991 0.2
v 0.408 11.991 0.2
v 0.39 12.002 0.2
v 0.374 12.012 0.2
v 0.359 12.021 0.2
v 0.344 12.029 0.2
v 0.331 12.037 0.2
v 0.318 12.045 0.2
v 0.305 12.052 0.2
v 0.292 12.06 0.2
v 0.278 12.068 0.2
v 0.264 12.076 0.2
v 0.264 12.076 0.2
v 0.257 12.08 0.2
v 0.251 12.085 0.2
v 0.245 12.091 0.2
v 0.241 12.096 0.2
v 0.238 12.102 0.2
v 0.236 12.109 0.2
v 0.234 12.116 0.2
v 0.234 12.124 0.2
v 0.233 12.132 0.2
v 0.233 12.141 0.2
v 0.233 12.316 0.2
v 0.233 12.316 0.2
v 0.233 12.324 0.2
v 0.235 12.331 0.2
v 0.236 12.338 0.2
v 0.239 12.344 0.2
v 0.242 12.349 0.2
v 0.246 12.354 0.2
v 0.25 12.359 0.2
v 0.255 12.363 0.2
v 0.259 12.366 0.2
v 0.264 12.369 0.2
v 0.264 12.369 0.2
v 0.275 12.376 0.2
v 0.288 12.383 0.2
v 0.302 12.392 0.2
v 0.318 12.4 0.2
v 0.333 12.41 0.2
v 0.35 12.419 0.2
v 0.366 12.429 0.2
v 0.382 12.439 0.2
v 0.398 12.448 0.2
v 0.412 12.457 0.2
v 0.412 12.457 0.2
v 0.422 12.462 0.2
v 0.432 12.466 0.2
v 0.441 12.469 0.2
v 0.451 12.471 0.2
v 0.46 12.472 0.2
v 0.469 12.471 0.2
v 0.479 12.469 0.2
v 0.488 12.466 0.2
v 0.498 12.462 0.2
v 0.508 12.457 0.2
v 0.508 12.457 0.2
v 0.525 12.447 0.2
v 0.539 12.438 0.2
v 0.552 12.431 0.2
v 0.563 12.424 0.2
v 0.573 12.418 0.2
v 0.584 12.412 0.2
v 0.595 12.406 0.2
v 0.608 12.398 0.2
v 0.622 12.39 0.2
v 0.64 12.38 0.2
v 0.64 12.38 0.2
v 0.65 12.374 0.2
v 0.658 12.368 0.2
v 0.665 12.363 0.2
v 0.672 12.356 0.2
v 0.677 12.35 0.2
v 0.681 12.343 0.2
v 0.684 12.335 0.2
v 0.687 12.327 0.2
v 0.688 12.318 0.2
v 0.688 12.308 0.2
v 0.688 12.14 0.2
v 0.688 12.14 0.2
v 0.688 12.13 0.2
v 0.687 12.121 0.2
v 0.685 12.113 0.2
v 0.682 12.106 0.2
v 0.679 12.099 0.2
v 0.675 12.092 0.2
v 0.67 12.086 0.2
v 0.665 12.081 0.2
v 0.659 12.076 0.2
v 0.652 12.072 0.2
v 0.652 12.072 0.2
v 0.634 12.062 0.2
v 0.619 12.053 0.2
v 0.605 12.045 0.2
v 0.592 12.037 0.2
v 0.579 12.03 0.2
v 0.567 12.023 0.2
v 0.555 12.016 0.2
v 0.542 12.008 0.2
v 0.527 12 0.2
v 0.512 11.991 0.2
v 0.512 11.991 0.2
v 0.5 11.985 0.2
v 0.489 11.98 0.2
v 0.479 11.977 0.2
v 0.469 11.975 0.2
v 0.459 11.974 0.2
v 0.449 11.975 0.2
v 0.439 11.977 0.2
v 0.429 11.98 0.2
v 0.419 11.985 0.2
v 0.408 11.991 0.2
v 0.408 11.991 0.2
v 0.408 11.991 0.2
v 0.408 11.991 0
v 0.408 11.991 0.2
v 0.408 11.991 0
v 0.39 12.002 0.2
v 0.39 12.002 0
v 0.374 12.012 0.2
v 0.374 12.012 0
v 0.359 12.021 0.2
v 0.359 12.021 0
v 0.344 12.029 0.2
v 0.344 12.029 0
v 0.331 12.037 0.2
v 0.331 12.037 0
v 0.318 12.045 0.2
v 0.318 12.045 0
v 0.305 12.052 0.2
v 0.305 12.052 0
v 0.292 12.06 0.2
v 0.292 12.06 0
v 0.278 12.068 0.2
v 0.278 12.068 0
v 0.264 12.076 0.2
v 0.264 12.076 0
v 0.264 12.076 0.2
v 0.264 12.076 0
v 0.257 12.08 0.2
v 0.257 12.08 0
v 0.251 12.085 0.2
v 0.251 12.085 0
v 0.245 12.091 0.2
v 0.245 12.091 0
v 0.241 12.096 0.2
v 0.241 12.096 0
v 0.238 12.102 0.2
v 0.238 12.102 0
v 0.236 12.109 0.2
v 0.236 12.109 0
v 0.234 12.116 0.2
v 0.234 12.116 0
v 0.234 12.124 0.2
v 0.234 12.124 0
v 0.233 12.132 0.2
v 0.233 12.132 0
v 0.233 12.141 0.2
v 0.233 12.141 0
v 0.233 12.316 0.2
v 0.233 12.316 0
v 0.233 12.316 0.2
v 0.233 12.316 0
v 0.233 12.324 0.2
v 0.233 12.324 0
v 0.235 12.331 0.2
v 0.235 12.331 0
v 0.236 12.338 0.2
v 0.236 12.338 0
v 0.239 12.344 0.2
v 0.239 12.344 0
v 0.242 12.349 0.2
v 0.242 12.349 0
v 0.246 12.354 0.2
v 0.246 12.354 0
v 0.25 12.359 0.2
v 0.25 12.359 0
v 0.255 12.363 0.2
v 0.255 12.363 0
v 0.259 12.366 0.2
v 0.259 12.366 0
v 0.264 12.369 0.2
v 0.264 12.369 0
v 0.264 12.369 0.2
v 0.264 12.369 0
v 0.275 12.376 0.2
v 0.275 12.376 0
v 0.288 12.383 0.2
v 0.288 12.383 0
v 0.302 12.392 0.2
v 0.302 12.392 0
v 0.318 12.4 0.2
v 0.318 12.4 0
v 0.333 12.41 0.2
v 0.333 12.41 0
v 0.35 12.419 0.2
v 0.35 12.419 0
v 0.366 12.429 0.2
v 0.366 12.429 0
v 0.382 12.439 0.2
v 0.382 12.439 0
v 0.398 12.448 0.2
v 0.398 12.448 0
v 0.412 12.457 0.2
v 0.412 12.457 0
v 0.412 12.457 0.2
v 0.412 12.457 0
v 0.422 12.462 0.2
v 0.422 12.462 0
v 0.432 12.466 0.2
v 0.432 12.466 0
v 0.441 12.469 0.2
v 0.441 12.469 0
v 0.451 12.471 0.2
v 0.451 12.471 0
v 0.46 12.472 0.2
v 0.46 12.472 0
v 0.469 12.471 0.2
v 0.469 12.471 0
v 0.479 12.469 0.2
v 0.479 12.469 0
v 0.488 12.466 0.2
v 0.488 12.466 0
v 0.498 12.462 0.2
v 0.498 12.462 0
v 0.508 12.457 0.2
v 0.508 12.457 0
v 0.508 12.457 0.2
v 0.508 12.457 0
v 0.525 12.447 0.2
v 0.525 12.447 0
v 0.539 12.438 0.2
v 0.539 12.438 0
v 0.552 12.431 0.2
v 0.552 12.431 0
v 0.563 12.424 0.2
v 0.563 12.424 0
v 0.573 12.418 0.2
v 0.573 12.418 0
v 0.584 12.412 0.2
v 0.584 12.412 0
v 0.595 12.406 0.2
v 0.595 12.406 0
v 0.608 12.398 0.2
v 0.608 12.398 0
v 0.622 12.39 0.2
v 0.622 12.39 0
v 0.64 12.38 0.2
v 0.64 12.38 0
v 0.64 12.38 0.2
v 0.64 12.38 0
v 0.65 12.374 0.2
v 0.65 12.374 0
v 0.658 12.368 0.2
v 0.658 12.368 0
v 0.665 12.363 0.2
v 0.665 12.363 0
v 0.672 12.356 0.2
v 0.672 12.356 0
v 0.677 12.35 0.2
v 0.677 12.35 0
v 0.681 12.343 0.2
v 0.681 12.343 0
v 0.684 12.335 0.2
v 0.684 12.335 0
v 0.687 12.327 0.2
v 0.687 12.327 0
v 0.688 12.318 0.2
v 0.688 12.318 0
v 0.688 12.308 0.2
v 0.688 12.308 0
v 0.688 12.14 0.2
v 0.688 12.14 0
v 0.688 12.14 0.2
v 0.688 12.14 0
v 0.688 12.13 0.2
v 0.688 12.13 0
v 0.687 12.121 0.2
v 0.687 12.121 0
v 0.685 12.113 0.2
v 0.685 12.113 0
v 0.682 12.106 0.2
v 0.682 12.106 0
v 0.679 12.099 0.2
v 0.679 12.099 0
v 0.675 12.092 0.2
v 0.675 12.092 0
v 0.67 12.086 0.2
v 0.67 12.086 0
v 0.665 12.081 0.2
v 0.665 12.081 0
v 0.659 12.076 0.2
v 0.659 12.076 0
v 0.652 12.072 0.2
v 0.652 12.072 0
v 0.652 12.072 0.2
v 0.652 12.072 0
v 0.634 12.062 0.2
v 0.634 12.062 0
v 0.619 12.053 0.2
v 0.619 12.053 0
v 0.605 12.045 0.2
v 0.605 12.045 0
v 0.592 12.037 0.2
v 0.592 12.037 0
v 0.579 12.03 0.2
v 0.579 12.03 0
v 0.567 12.023 0.2
v 0.567 12.023 0
v 0.555 12.016 0.2
v 0.555 12.016 0
v 0.542 12.008 0.2
v 0.542 12.008 0
v 0.527 12 0.2
v 0.527 12 0
v 0.512 11.991 0.2
v 0.512 11.991 0
v 0.512 11.991 0.2
v 0.512 11.991 0
v 0.5 11.985 0.2
v 0.5 11.985 0
v 0.489 11.98 0.2
v 0.489 11.98 0
v 0.479 11.977 0.2
v 0.479 11.977 0
v 0.469 11.975 0.2
v 0.469 11.975 0
v 0.459 11.974 0.2
v 0.459 11.974 0
v 0.449 11.975 0.2
v 0.449 11.975 0
v 0.439 11.977 0.2
v 0.439 11.977 0
v 0.429 11.98 0.2
v 0.429 11.98 0
v 0.419 11.985 0.2
v 0.419 11.985 0
v 0.408 11.991 0.2
v 0.408 11.991 0
v 0.408 11.991 0.2
v 0.408 11.991 0

f -231 -232 -233
f -233 -234 -235
f -235 -236 -237
f -237 -238 -239
f -253 -254 -255
f -255 -256 -257
f -257 -258 -259
f -259 -260 -261
f -264 -265 -266
f -266 -267 -268
f -268 -269 -270
f -270 -271 -272
f -287 -288 -289
f -289 -290 -291
f -291 -292 -293
f -293 -294 -295
f -309 -310 -311
f -311 -312 -313
f -313 -314 -315
f -315 -316 -317
f -320 -321 -322
f -322 -323 -324
f -324 -325 -326
f -326 -327 -328
f -231 -233 -235
f -235 -237 -239
f -253 -255 -257
f -257 -259 -261
f -264 -266 -268
f -268 -270 -272
f -287 -289 -291
f -291 -293 -295
f -309 -311 -313
f -313 -315 -317
f -320 -322 -324
f -324 -326 -328
f -231 -235 -239
f -253 -257 -261
f -264 -268 -272
f -287 -291 -295
f -309 -313 -317
f -320 -324 -328
f -264 -272 -273
f -320 -328 -329
f -309 -317 -319
f -319 -320 -329
f -329 -331 -332
f -339 -340 -230
f -230 -231 -239
f -239 -241 -242
f -249 -250 -252
f -252 -253 -261
f -261 -263 -264
f -264 -273 -275
f -284 -286 -287
f -287 -295 -297
f -306 -308 -309
f -309 -319 -329
f -329 -332 -333
f -339 -230 -239
f -239 -242 -243
f -248 -249 -252
f -252 -261 -264
f -264 -275 -276
f -283 -284 -287
f -287 -297 -298
f -305 -306 -309
f -309 -329 -333
f -338 -339 -239
f -239 -243 -244
f -247 -248 -252
f -252 -264 -276
f -282 -283 -287
f -287 -298 -299
f -304 -305 -309
f -309 -333 -334
f -337 -338 -239
f -239 -244 -245
f -247 -252 -276
f -282 -287 -299
f -303 -304 -309
f -309 -334 -335
f -336 -337 -239
f -246 -247 -276
f -281 -282 -299
f -303 -309 -335
f -335 -336 -239
f -245 -246 -276
f -280 -281 -299
f -302 -303 -335
f -335 -239 -245
f -245 -276 -277
f -279 -280 -299
f -301 -302 -335
f -335 -245 -277
f -278 -279 -299
f -300 -301 -335
f -335 -277 -278
f -278 -299 -300
f -300 -335 -278
f -228 -227 -226
f -226 -227 -225
f -226 -225 -224
f -224 -225 -223
f -224 -223 -222
f -222 -223 -221
f -222 -221 -220
f -220 -221 -219
f -220 -219 -218
f -218 -219 -217
f -218 -217 -216
f -216 -217 -215
f -216 -215 -214
f -214 -215 -213
f -214 -213 -212
f -212 -213 -211
f -212 -211 -210
f -210 -211 -209
f -210 -209 -208
f -208 -209 -207
f -208 -207 -206
f -206 -207 -205
f -206 -205 -204
f -204 -205 -203
f -204 -203 -202
f -202 -203 -201
f -202 -201 -200
f -200 -201 -199
f -200 -199 -198
f -198 -199 -197
f -198 -197 -196
f -196 -197 -195
f -196 -195 -194
f -194 -195 -193
f -194 -193 -192
f -192 -193 -191
f -192 -191 -190
f -190 -191 -189
f -190 -189 -188
f -188 -189 -187
f -188 -187 -186
f -186 -187 -185
f -186 -185 -184
f -184 -185 -183
f -184 -183 -182
f -182 -183 -181
f -182 -181 -180
f -180 -181 -179
f -180 -179 -178
f -178 -179 -177
f -178 -177 -176
f -176 -177 -175
f -176 -175 -174
f -174 -175 -173
f -174 -173 -172
f -172 -173 -171
f -172 -171 -170
f -170 -171 -169
f -170 -169 -168
f -168 -169 -167
f -168 -167 -166
f -166 -167 -165
f -166 -165 -164
f -164 -165 -163
f -164 -163 -162
f -162 -163 -161
f -162 -161 -160
f -160 -161 -159
f -160 -159 -158
f -158 -159 -157
f -158 -157 -156
f -156 -157 -155
f -156 -155 -154
f -154 -155 -153
f -154 -153 -152
f -152 -153 -151
f -152 -151 -150
f -150 -151 -149
f -150 -149 -148
f -148 -149 -147
f -148 -147 -146
f -146 -147 -145
f -146 -145 -144
f -144 -145 -143
f -144 -143 -142
f -142 -143 -141
f -142 -141 -140
f -140 -141 -139
f -140 -139 -138
f -138 -139 -137
f -138 -137 -136
f -136 -137 -135
f -136 -135 -134
f -134 -135 -133
f -134 -133 -132
f -132 -133 -131
f -132 -131 -130
f -130 -131 -129
f -130 -129 -128
f -128 -129 -127
f -128 -127 -126
f -126 -127 -125
f -126 -125 -124
f -124 -125 -123
f -124 -123 -122
f -122 -123 -121
f -122 -121 -120
f -120 -121 -119
f -120 -119 -118
f -118 -119 -117
f -118 -117 -116
f -116 -117 -115
f -116 -115 -114
f -114 -115 -113
f -114 -113 -112
f -112 -113 -111
f -112 -111 -110
f -110 -111 -109
f -110 -109 -108
f -108 -109 -107
f -108 -107 -106
f -106 -107 -105
f -106 -105 -104
f -104 -105 -103
f -104 -103 -102
f -102 -103 -101
f -102 -101 -100
f -100 -101 -99
f -100 -99 -98
f -98 -99 -97
f -98 -97 -96
f -96 -97 -95
f -96 -95 -94
f -94 -95 -93
f -94 -93 -92
f -92 -93 -91
f -92 -91 -90
f -90 -91 -89
f -90 -89 -88
f -88 -89 -87
f -88 -87 -86
f -86 -87 -85
f -86 -85 -84
f -84 -85 -83
f -84 -83 -82
f -82 -83 -81
f -82 -81 -80
f -80 -81 -79
f -80 -79 -78
f -78 -79 -77
f -78 -77 -76
f -76 -77 -75
f -76 -75 -74
f -74 -75 -73
f -74 -73 -72
f -72 -73 -71
f -72 -71 -70
f -70 -71 -69
f -70 -69 -68
f -68 -69 -67
f -68 -67 -66
f -66 -67 -65
f -66 -65 -64
f -64 -65 -63
f -64 -63 -62
f -62 -63 -61
f -62 -61 -60
f -60 -61 -59
f -60 -59 -58
f -58 -59 -57
f -58 -57 -56
f -56 -57 -55
f -56 -55 -54
f -54 -55 -53
f -54 -53 -52
f -52 -53 -51
f -52 -51 -50
f -50 -51 -49
f -50 -49 -48
f -48 -49 -47
f -48 -47 -46
f -46 -47 -45
f -46 -45 -44
f -44 -45 -43
f -44 -43 -42
f -42 -43 -41
f -42 -41 -40
f -40 -41 -39
f -40 -39 -38
f -38 -39 -37
f -38 -37 -36
f -36 -37 -35
f -36 -35 -34
f -34 -35 -33
f -34 -33 -32
f -32 -33 -31
f -32 -31 -30
f -30 -31 -29
f -30 -29 -28
f -28 -29 -27
f -28 -27 -26
f -26 -27 -25
f -26 -25 -24
f -24 -25 -23
f -24 -23 -22
f -22 -23 -21
f -22 -21 -20
f -20 -21 -19
f -20 -19 -18
f -18 -19 -17
f -18 -17 -16
f -16 -17 -15
f -16 -15 -14
f -14 -15 -13
f -14 -13 -12
f -12 -13 -11
f -12 -11 -10
f -10 -11 -9
f -10 -9 -8
f -8 -9 -7
f -8 -7 -6
f -6 -7 -5
f -6 -5 -4
f -4 -5 -3
f -4 -3 -2
f -2 -3 -1

o Default 
usemtl 0x50B09A
v 2.5 11.991 0.2
v 2.5 11.991 0.2
v 2.482 12.002 0.2
v 2.466 12.012 0.2
v 2.451 12.021 0.2
v 2.436 12.029 0.2
v 2.423 12.037 0.2
v 2.41 12.045 0.2
v 2.397 12.052 0.2
v 2.384 12.06 0.2
v 2.37 12.068 0.2
v 2.356 12.076 0.2
v 2.356 12.076 0.2
v 2.349 12.08 0.2
v 2.342 12.085 0.2
v 2.337 12.091 0.2
v 2.333 12.096 0.2
v 2.33 12.102 0.2
v 2.328 12.109 0.2
v 2.326 12.116 0.2
v 2.325 12.124 0.2
v 2.325 12.132 0.2
v 2.325 12.141 0.2
v 2.325 12.316 0.2
v 2.325 12.316 0.2
v 2.325 12.324 0.2
v 2.326 12.331 0.2
v 2.328 12.338 0.2
v 2.331 12.344 0.2
v 2.334 12.349 0.2
v 2.338 12.354 0.2
v 2.342 12.359 0.2
v 2.346 12.363 0.2
v 2.351 12.366 0.2
v 2.356 12.369 0.2
v 2.356 12.369 0.2
v 2.367 12.376 0.2
v 2.38 12.383 0.2
v 2.394 12.392 0.2
v 2.409 12.4 0.2
v 2.425 12.41 0.2
v 2.441 12.419 0.2
v 2.458 12.429 0.2
v 2.474 12.439 0.2
v 2.489 12.448 0.2
v 2.504 12.457 0.2
v 2.504 12.457 0.2
v 2.514 12.462 0.2
v 2.523 12.466 0.2
v 2.533 12.469 0.2
v 2.542 12.471 0.2
v 2.552 12.472 0.2
v 2.561 12.471 0.2
v 2.571 12.469 0.2
v 2.58 12.466 0.2
v 2.59 12.462 0.2
v 2.6 12.457 0.2
v 2.6 12.457 0.2
v 2.617 12.447 0.2
v 2.631 12.438 0.2
v 2.644 12.431 0.2
v 2.655 12.424 0.2
v 2.665 12.418 0.2
v 2.676 12.412 0.2
v 2.687 12.406 0.2
v 2.7 12.398 0.2
v 2.714 12.39 0.2
v 2.732 12.38 0.2
v 2.732 12.38 0.2
v 2.741 12.374 0.2
v 2.75 12.368 0.2
v 2.757 12.363 0.2
v 2.764 12.356 0.2
v 2.769 12.35 0.2
v 2.773 12.343 0.2
v 2.776 12.335 0.2
v 2.778 12.327 0.2
v 2.78 12.318 0.2
v 2.78 12.308 0.2
v 2.78 12.14 0.2
v 2.78 12.14 0.2
v 2.78 12.13 0.2
v 2.779 12.121 0.2
v 2.777 12.113 0.2
v 2.774 12.106 0.2
v 2.771 12.099 0.2
v 2.767 12.092 0.2
v 2.762 12.086 0.2
v 2.757 12.081 0.2
v 2.75 12.076 0.2
v 2.744 12.072 0.2
v 2.744 12.072 0.2
v 2.726 12.062 0.2
v 2.711 12.053 0.2
v 2.697 12.045 0.2
v 2.684 12.037 0.2
v 2.671 12.03 0.2
v 2.659 12.023 0.2
v 2.646 12.016 0.2
v 2.633 12.008 0.2
v 2.619 12 0.2
v 2.604 11.991 0.2
v 2.604 11.991 0.2
v 2.592 11.985 0.2
v 2.581 11.98 0.2
v 2.571 11.977 0.2
v 2.56 11.975 0.2
v 2.55 11.974 0.2
v 2.541 11.975 0.2
v 2.531 11.977 0.2
v 2.521 11.98 0.2
v 2.511 11.985 0.2
v 2.5 11.991 0.2
v 2.5 11.991 0.2
v 2.5 11.991 0.2
v 2.5 11.991 0
v 2.5 11.991 0.2
v 2.5 11.991 0
v 2.482 12.002 0.2
v 2.482 12.002 0
v 2.466 12.012 0.2
v 2.466 12.012 0
v 2.451 12.021 0.2
v 2.451 12.021 0
v 2.436 12.029 0.2
v 2.436 12.029 0
v 2.423 12.037 0.2
v 2.423 12.037 0
v 2.41 12.045 0.2
v 2.41 12.045 0
v 2.397 12.052 0.2
v 2.397 12.052 0
v 2.384 12.06 0.2
v 2.384 12.06 0
v 2.37 12.068 0.2
v 2.37 12.068 0
v 2.356 12.076 0.2
v 2.356 12.076 0
v 2.356 12.076 0.2
v 2.356 12.076 0
v 2.349 12.08 0.2
v 2.349 12.08 0
v 2.342 12.085 0.2
v 2.342 12.085 0
v 2.337 12.091 0.2
v 2.337 12.091 0
v 2.333 12.096 0.2
v 2.333 12.096 0
v 2.33 12.102 0.2
v 2.33 12.102 0
v 2.328 12.109 0.2
v 2.328 12.109 0
v 2.326 12.116 0.2
v 2.326 12.116 0
v 2.325 12.124 0.2
v 2.325 12.124 0
v 2.325 12.132 0.2
v 2.325 12.132 0
v 2.325 12.141 0.2
v 2.325 12.141 0
v 2.325 12.316 0.2
v 2.325 12.316 0
v 2.325 12.316 0.2
v 2.325 12.316 0
v 2.325 12.324 0.2
v 2.325 12.324 0
v 2.326 12.331 0.2
v 2.326 12.331 0
v 2.328 12.338 0.2
v 2.328 12.338 0
v 2.331 12.344 0.2
v 2.331 12.344 0
v 2.334 12.349 0.2
v 2.334 12.349 0
v 2.338 12.354 0.2
v 2.338 12.354 0
v 2.342 12.359 0.2
v 2.342 12.359 0
v 2.346 12.363 0.2
v 2.346 12.363 0
v 2.351 12.366 0.2
v 2.351 12.366 0
v 2.356 12.369 0.2
v 2.356 12.369 0
v 2.356 12.369 0.2
v 2.356 12.369 0
v 2.367 12.376 0.2
v 2.367 12.376 0
v 2.38 12.383 0.2
v 2.38 12.383 0
v 2.394 12.392 0.2
v 2.394 12.392 0
v 2.409 12.4 0.2
v 2.409 12.4 0
v 2.425 12.41 0.2
v 2.425 12.41 0
v 2.441 12.419 0.2
v 2.441 12.419 0
v 2.458 12.429 0.2
v 2.458 12.429 0
v 2.474 12.439 0.2
v 2.474 12.439 0
v 2.489 12.448 0.2
v 2.489 12.448 0
v 2.504 12.457 0.2
v 2.504 12.457 0
v 2.504 12.457 0.2
v 2.504 12.457 0
v 2.514 12.462 0.2
v 2.514 12.462 0
v 2.523 12.466 0.2
v 2.523 12.466 0
v 2.533 12.469 0.2
v 2.533 12.469 0
v 2.542 12.471 0.2
v 2.542 12.471 0
v 2.552 12.472 0.2
v 2.552 12.472 0
v 2.561 12.471 0.2
v 2.561 12.471 0
v 2.571 12.469 0.2
v 2.571 12.469 0
v 2.58 12.466 0.2
v 2.58 12.466 0
v 2.59 12.462 0.2
v 2.59 12.462 0
v 2.6 12.457 0.2
v 2.6 12.457 0
v 2.6 12.457 0.2
v 2.6 12.457 0
v 2.617 12.447 0.2
v 2.617 12.447 0
v 2.631 12.438 0.2
v 2.631 12.438 0
v 2.644 12.431 0.2
v 2.644 12.431 0
v 2.655 12.424 0.2
v 2.655 12.424 0
v 2.665 12.418 0.2
v 2.665 12.418 0
v 2.676 12.412 0.2
v 2.676 12.412 0
v 2.687 12.406 0.2
v 2.687 12.406 0
v 2.7 12.398 0.2
v 2.7 12.398 0
v 2.714 12.39 0.2
v 2.714 12.39 0
v 2.732 12.38 0.2
v 2.732 12.38 0
v 2.732 12.38 0.2
v 2.732 12.38 0
v 2.741 12.374 0.2
v 2.741 12.374 0
v 2.75 12.368 0.2
v 2.75 12.368 0
v 2.757 12.363 0.2
v 2.757 12.363 0
v 2.764 12.356 0.2
v 2.764 12.356 0
v 2.769 12.35 0.2
v 2.769 12.35 0
v 2.773 12.343 0.2
v 2.773 12.343 0
v 2.776 12.335 0.2
v 2.776 12.335 0
v 2.778 12.327 0.2
v 2.778 12.327 0
v 2.78 12.318 0.2
v 2.78 12.318 0
v 2.78 12.308 0.2
v 2.78 12.308 0
v 2.78 12.14 0.2
v 2.78 12.14 0
v 2.78 12.14 0.2
v 2.78 12.14 0
v 2.78 12.13 0.2
v 2.78 12.13 0
v 2.779 12.121 0.2
v 2.779 12.121 0
v 2.777 12.113 0.2
v 2.777 12.113 0
v 2.774 12.106 0.2
v 2.774 12.106 0
v 2.771 12.099 0.2
v 2.771 12.099 0
v 2.767 12.092 0.2
v 2.767 12.092 0
v 2.762 12.086 0.2
v 2.762 12.086 0
v 2.757 12.081 0.2
v 2.757 12.081 0
v 2.75 12.076 0.2
v 2.75 12.076 0
v 2.744 12.072 0.2
v 2.744 12.072 0
v 2.744 12.072 0.2
v 2.744 12.072 0
v 2.726 12.062 0.2
v 2.726 12.062 0
v 2.711 12.053 0.2
v 2.711 12.053 0
v 2.697 12.045 0.2
v 2.697 12.045 0
v 2.684 12.037 0.2
v 2.684 12.037 0
v 2.671 12.03 0.2
v 2.671 12.03 0
v 2.659 12.023 0.2
v 2.659 12.023 0
v 2.646 12.016 0.2
v 2.646 12.016 0
v 2.633 12.008 0.2
v 2.633 12.008 0
v 2.619 12 0.2
v 2.619 12 0
v 2.604 11.991 0.2
v 2.604 11.991 0
v 2.604 11.991 0.2
v 2.604 11.991 0
v 2.592 11.985 0.2
v 2.592 11.985 0
v 2.581 11.98 0.2
v 2.581 11.98 0
v 2.571 11.977 0.2
v 2.571 11.977 0
v 2.56 11.975 0.2
v 2.56 11.975 0
v 2.55 11.974 0.2
v 2.55 11.974 0
v 2.541 11.975 0.2
v 2.541 11.975 0
v 2.531 11.977 0.2
v 2.531 11.977 0
v 2.521 11.98 0.2
v 2.521 11.98 0
v 2.511 11.985 0.2
v 2.511 11.985 0
v 2.5 11.991 0.2
v 2.5 11.991 0
v 2.5 11.991 0.2
v 2.5 11.991 0

f -231 -232 -233
f -233 -234 -235
f -235 -236 -237
f -237 -238 -239
f -248 -249 -250
f -253 -254 -255
f -255 -256 -257
f -257 -258 -259
f -259 -260 -261
f -264 -265 -266
f -266 -267 -268
f -268 -269 -270
f -270 -271 -272
f -287 -288 -289
f -289 -290 -291
f -291 -292 -293
f -293 -294 -295
f -309 -310 -311
f -311 -312 -313
f -313 -314 -315
f -315 -316 -317
f -320 -321 -322
f -322 -323 -324
f -324 -325 -326
f -326 -327 -328
f -231 -233 -235
f -235 -237 -239
f -253 -255 -257
f -257 -259 -261
f -264 -266 -268
f -268 -270 -272
f -287 -289 -291
f -291 -293 -295
f -309 -311 -313
f -313 -315 -317
f -320 -322 -324
f -324 -326 -328
f -231 -235 -239
f -253 -257 -261
f -264 -268 -272
f -287 -291 -295
f -309 -313 -317
f -320 -324 -328
f -264 -272 -273
f -320 -328 -329
f -309 -317 -319
f -319 -320 -329
f -329 -331 -332
f -339 -340 -230
f -230 -231 -239
f -239 -241 -242
f -248 -250 -252
f -252 -253 -261
f -261 -263 -264
f -264 -273 -275
f -275 -276 -277
f -284 -286 -287
f -287 -295 -297
f -306 -308 -309
f -309 -319 -329
f -329 -332 -333
f -339 -230 -239
f -239 -242 -243
f -247 -248 -252
f -252 -261 -264
f -264 -275 -277
f -283 -284 -287
f -287 -297 -298
f -305 -306 -309
f -309 -329 -333
f -338 -339 -239
f -239 -243 -244
f -247 -252 -264
f -264 -277 -278
f -282 -283 -287
f -287 -298 -299
f -304 -305 -309
f -309 -333 -334
f -337 -338 -239
f -239 -244 -245
f -246 -247 -264
f -264 -278 -279
f -282 -287 -299
f -304 -309 -334
f -336 -337 -239
f -245 -246 -264
f -264 -279 -280
f -281 -282 -299
f -303 -304 -334
f -335 -336 -239
f -239 -245 -264
f -264 -280 -281
f -281 -299 -300
f -302 -303 -334
f -334 -335 -239
f -239 -264 -281
f -281 -300 -301
f -301 -302 -334
f -334 -239 -281
f -281 -301 -334
f -228 -227 -226
f -226 -227 -225
f -226 -225 -224
f -224 -225 -223
f -224 -223 -222
f -222 -223 -221
f -222 -221 -220
f -220 -221 -219
f -220 -219 -218
f -218 -219 -217
f -218 -217 -216
f -216 -217 -215
f -216 -215 -214
f -214 -215 -213
f -214 -213 -212
f -212 -213 -211
f -212 -211 -210
f -210 -211 -209
f -210 -209 -208
f -208 -209 -207
f -208 -207 -206
f -206 -207 -205
f -206 -205 -204
f -204 -205 -203
f -204 -203 -202
f -202 -203 -201
f -202 -201 -200
f -200 -201 -199
f -200 -199 -198
f -198 -199 -197
f -198 -197 -196
f -196 -197 -195
f -196 -195 -194
f -194 -195 -193
f -194 -193 -192
f -192 -193 -191
f -192 -191 -190
f -190 -191 -189
f -190 -189 -188
f -188 -189 -187
f -188 -187 -186
f -186 -187 -185
f -186 -185 -184
f -184 -185 -183
f -184 -183 -182
f -182 -183 -181
f -182 -181 -180
f -180 -181 -179
f -180 -179 -178
f -178 -179 -177
f -178 -177 -176
f -176 -177 -175
f -176 -175 -174
f -174 -175 -173
f -174 -173 -172
f -172 -173 -171
f -172 -171 -170
f -170 -171 -169
f -170 -169 -168
f -168 -169 -167
f -168 -167 -166
f -166 -167 -165
f -166 -165 -164
f -164 -165 -163
f -164 -163 -162
f -162 -163 -161
f -162 -161 -160
f -160 -161 -159
f -160 -159 -158
f -158 -159 -157
f -158 -157 -156
f -156 -157 -155
f -156 -155 -154
f -154 -155 -153
f -154 -153 -152
f -152 -153 -151
f -152 -151 -150
f -150 -151 -149
f -150 -149 -148
f -148 -149 -147
f -148 -147 -146
f -146 -147 -145
f -146 -145 -144
f -144 -145 -143
f -144 -143 -142
f -142 -143 -141
f -142 -141 -140
f -140 -141 -139
f -140 -139 -138
f -138 -139 -137
f -138 -137 -136
f -136 -137 -135
f -136 -135 -134
f -134 -135 -133
f -134 -133 -132
f -132 -133 -131
f -132 -131 -130
f -130 -131 -129
f -130 -129 -128
f -128 -129 -127
f -128 -127 -126
f -126 -127 -125
f -126 -125 -124
f -124 -125 -123
f -124 -123 -122
f -122 -123 -121
f -122 -121 -120
f -120 -121 -119
f -120 -119 -118
f -118 -119 -117
f -118 -117 -116
f -116 -117 -115
f -116 -115 -114
f -114 -115 -113
f -114 -113 -112
f -112 -113 -111
f -112 -111 -110
f -110 -111 -109
f -110 -109 -108
f -108 -109 -107
f -108 -107 -106
f -106 -107 -105
f -106 -105 -104
f -104 -105 -103
f -104 -103 -102
f -102 -103 -101
f -102 -101 -100
f -100 -101 -99
f -100 -99 -98
f -98 -99 -97
f -98 -97 -96
f -96 -97 -95
f -96 -95 -94
f -94 -95 -93
f -94 -93 -92
f -92 -93 -91
f -92 -91 -90
f -90 -91 -89
f -90 -89 -88
f -88 -89 -87
f -88 -87 -86
f -86 -87 -85
f -86 -85 -84
f -84 -85 -83
f -84 -83 -82
f -82 -83 -81
f -82 -81 -80
f -80 -81 -79
f -80 -79 -78
f -78 -79 -77
f -78 -77 -76
f -76 -77 -75
f -76 -75 -74
f -74 -75 -73
f -74 -73 -72
f -72 -73 -71
f -72 -71 -70
f -70 -71 -69
f -70 -69 -68
f -68 -69 -67
f -68 -67 -66
f -66 -67 -65
f -66 -65 -64
f -64 -65 -63
f -64 -63 -62
f -62 -63 -61
f -62 -61 -60
f -60 -61 -59
f -60 -59 -58
f -58 -59 -57
f -58 -57 -56
f -56 -57 -55
f -56 -55 -54
f -54 -55 -53
f -54 -53 -52
f -52 -53 -51
f -52 -51 -50
f -50 -51 -49
f -50 -49 -48
f -48 -49 -47
f -48 -47 -46
f -46 -47 -45
f -46 -45 -44
f -44 -45 -43
f -44 -43 -42
f -42 -43 -41
f -42 -41 -40
f -40 -41 -39
f -40 -39 -38
f -38 -39 -37
f -38 -37 -36
f -36 -37 -35
f -36 -35 -34
f -34 -35 -33
f -34 -33 -32
f -32 -33 -31
f -32 -31 -30
f -30 -31 -29
f -30 -29 -28
f -28 -29 -27
f -28 -27 -26
f -26 -27 -25
f -26 -25 -24
f -24 -25 -23
f -24 -23 -22
f -22 -23 -21
f -22 -21 -20
f -20 -21 -19
f -20 -19 -18
f -18 -19 -17
f -18 -17 -16
f -16 -17 -15
f -16 -15 -14
f -14 -15 -13
f -14 -13 -12
f -12 -13 -11
f -12 -11 -10
f -10 -11 -9
f -10 -9 -8
f -8 -9 -7
f -8 -7 -6
f -6 -7 -5
f -6 -5 -4
f -4 -5 -3
f -4 -3 -2
f -2 -3 -1

o Default 
usemtl 0xFFFFFF
v 6.884 -4.136 0.2
v -6.1 -4.136 0.2
v -6.1 -4.136 0.2
v -6.102 -4.137 0.2
v -6.103 -4.138 0.2
v -6.105 -4.139 0.2
v -6.105 -4.141 0.2
v -6.105 -4.142 0.2
v -6.105 -4.144 0.2
v -6.105 -4.146 0.2
v -6.103 -4.147 0.2
v -6.102 -4.148 0.2
v -6.1 -4.148 0.2
v 6.884 -4.148 0.2
v 6.884 -4.148 0.2
v 6.886 -4.148 0.2
v 6.887 -4.147 0.2
v 6.889 -4.146 0.2
v 6.889 -4.144 0.2
v 6.889 -4.142 0.2
v 6.889 -4.141 0.2
v 6.889 -4.139 0.2
v 6.887 -4.138 0.2
v 6.886 -4.137 0.2
v 6.884 -4.136 0.2
v 6.884 -4.136 0.2
v 6.884 -4.136 0
v -6.1 -4.136 0.2
v -6.1 -4.136 0
v -6.1 -4.136 0.2
v -6.1 -4.136 0
v -6.102 -4.137 0.2
v -6.102 -4.137 0
v -6.103 -4.138 0.2
v -6.103 -4.138 0
v -6.105 -4.139 0.2
v -6.105 -4.139 0
v -6.105 -4.141 0.2
v -6.105 -4.141 0
v -6.105 -4.142 0.2
v -6.105 -4.142 0
v -6.105 -4.144 0.2
v -6.105 -4.144 0
v -6.105 -4.146 0.2
v -6.105 -4.146 0
v -6.103 -4.147 0.2
v -6.103 -4.147 0
v -6.102 -4.148 0.2
v -6.102 -4.148 0
v -6.1 -4.148 0.2
v -6.1 -4.148 0
v 6.884 -4.148 0.2
v 6.884 -4.148 0
v 6.884 -4.148 0.2
v 6.884 -4.148 0
v 6.886 -4.148 0.2
v 6.886 -4.148 0
v 6.887 -4.147 0.2
v 6.887 -4.147 0
v 6.889 -4.146 0.2
v 6.889 -4.146 0
v 6.889 -4.144 0.2
v 6.889 -4.144 0
v 6.889 -4.142 0.2
v 6.889 -4.142 0
v 6.889 -4.141 0.2
v 6.889 -4.141 0
v 6.889 -4.139 0.2
v 6.889 -4.139 0
v 6.887 -4.138 0.2
v 6.887 -4.138 0
v 6.886 -4.137 0.2
v 6.886 -4.137 0
v 6.884 -4.136 0.2
v 6.884 -4.136 0

f -72 -71 -70
f -70 -69 -68
f -68 -67 -66
f -66 -65 -64
f -60 -59 -58
f -58 -57 -56
f -56 -55 -54
f -54 -53 -52
f -72 -70 -68
f -68 -66 -64
f -60 -58 -56
f -56 -54 -52
f -72 -68 -64
f -60 -56 -52
f -72 -64 -63
f -60 -52 -75
f -72 -63 -61
f -61 -60 -75
f -75 -73 -72
f -72 -61 -75
f -50 -49 -48
f -48 -49 -47
f -48 -47 -46
f -46 -47 -45
f -46 -45 -44
f -44 -45 -43
f -44 -43 -42
f -42 -43 -41
f -42 -41 -40
f -40 -41 -39
f -40 -39 -38
f -38 -39 -37
f -38 -37 -36
f -36 -37 -35
f -36 -35 -34
f -34 -35 -33
f -34 -33 -32
f -32 -33 -31
f -32 -31 -30
f -30 -31 -29
f -30 -29 -28
f -28 -29 -27
f -28 -27 -26
f -26 -27 -25
f -26 -25 -24
f -24 -25 -23
f -24 -23 -22
f -22 -23 -21
f -22 -21 -20
f -20 -21 -19
f -20 -19 -18
f -18 -19 -17
f -18 -17 -16
f -16 -17 -15
f -16 -15 -14
f -14 -15 -13
f -14 -13 -12
f -12 -13 -11
f -12 -11 -10
f -10 -11 -9
f -10 -9 -8
f -8 -9 -7
f -8 -7 -6
f -6 -7 -5
f -6 -5 -4
f -4 -5 -3
f -4 -3 -2
f -2 -3 -1

o Default 
usemtl 0xFFFFFF
v -4.342 11.89 0.2
v -4.342 10.858 0.2
v -4.342 10.858 0.2
v -4.342 10.856 0.2
v -4.341 10.854 0.2
v -4.339 10.853 0.2
v -4.338 10.852 0.2
v -4.336 10.852 0.2
v -4.334 10.852 0.2
v -4.333 10.853 0.2
v -4.331 10.854 0.2
v -4.33 10.856 0.2
v -4.33 10.858 0.2
v -4.33 11.89 0.2
v -4.33 11.89 0.2
v -4.33 11.891 0.2
v -4.331 11.893 0.2
v -4.333 11.894 0.2
v -4.334 11.895 0.2
v -4.336 11.895 0.2
v -4.338 11.895 0.2
v -4.339 11.894 0.2
v -4.341 11.893 0.2
v -4.342 11.891 0.2
v -4.342 11.89 0.2
v -4.342 11.89 0.2
v -4.342 11.89 0
v -4.342 10.858 0.2
v -4.342 10.858 0
v -4.342 10.858 0.2
v -4.342 10.858 0
v -4.342 10.856 0.2
v -4.342 10.856 0
v -4.341 10.854 0.2
v -4.341 10.854 0
v -4.339 10.853 0.2
v -4.339 10.853 0
v -4.338 10.852 0.2
v -4.338 10.852 0
v -4.336 10.852 0.2
v -4.336 10.852 0
v -4.334 10.852 0.2
v -4.334 10.852 0
v -4.333 10.853 0.2
v -4.333 10.853 0
v -4.331 10.854 0.2
v -4.331 10.854 0
v -4.33 10.856 0.2
v -4.33 10.856 0
v -4.33 10.858 0.2
v -4.33 10.858 0
v -4.33 11.89 0.2
v -4.33 11.89 0
v -4.33 11.89 0.2
v -4.33 11.89 0
v -4.33 11.891 0.2
v -4.33 11.891 0
v -4.331 11.893 0.2
v -4.331 11.893 0
v -4.333 11.894 0.2
v -4.333 11.894 0
v -4.334 11.895 0.2
v -4.334 11.895 0
v -4.336 11.895 0.2
v -4.336 11.895 0
v -4.338 11.895 0.2
v -4.338 11.895 0
v -4.339 11.894 0.2
v -4.339 11.894 0
v -4.341 11.893 0.2
v -4.341 11.893 0
v -4.342 11.891 0.2
v -4.342 11.891 0
v -4.342 11.89 0.2
v -4.342 11.89 0

f -72 -71 -70
f -70 -69 -68
f -68 -67 -66
f -66 -65 -64
f -60 -59 -58
f -58 -57 -56
f -56 -55 -54
f -54 -53 -52
f -72 -70 -68
f -68 -66 -64
f -60 -58 -56
f -56 -54 -52
f -72 -68 -64
f -60 -56 -52
f -72 -64 -63
f -60 -52 -75
f -72 -63 -61
f -61 -60 -75
f -75 -73 -72
f -72 -61 -75
f -50 -49 -48
f -48 -49 -47
f -48 -47 -46
f -46 -47 -45
f -46 -45 -44
f -44 -45 -43
f -44 -43 -42
f -42 -43 -41
f -42 -41 -40
f -40 -41 -39
f -40 -39 -38
f -38 -39 -37
f -38 -37 -36
f -36 -37 -35
f -36 -35 -34
f -34 -35 -33
f -34 -33 -32
f -32 -33 -31
f -32 -31 -30
f -30 -31 -29
f -30 -29 -28
f -28 -29 -27
f -28 -27 -26
f -26 -27 -25
f -26 -25 -24
f -24 -25 -23
f -24 -23 -22
f -22 -23 -21
f -22 -21 -20
f -20 -21 -19
f -20 -19 -18
f -18 -19 -17
f -18 -17 -16
f -16 -17 -15
f -16 -15 -14
f -14 -15 -13
f -14 -13 -12
f -12 -13 -11
f -12 -11 -10
f -10 -11 -9
f -10 -9 -8
f -8 -9 -7
f -8 -7 -6
f -6 -7 -5
f -6 -5 -4
f -4 -5 -3
f -4 -3 -2
f -2 -3 -1

o Default 
usemtl 0xFFFFFF
v -2.902 10.861 0.2
v -4.336 10.861 0.2
v -4.336 10.861 0.2
v -4.338 10.86 0.2
v -4.339 10.859 0.2
v -4.341 10.858 0.2
v -4.341 10.856 0.2
v -4.341 10.855 0.2
v -4.341 10.853 0.2
v -4.341 10.851 0.2
v -4.339 10.85 0.2
v -4.338 10.849 0.2
v -4.336 10.849 0.2
v -2.902 10.849 0.2
v -2.902 10.849 0.2
v -2.9 10.849 0.2
v -2.899 10.85 0.2
v -2.897 10.851 0.2
v -2.897 10.853 0.2
v -2.897 10.855 0.2
v -2.897 10.856 0.2
v -2.897 10.858 0.2
v -2.899 10.859 0.2
v -2.9 10.86 0.2
v -2.902 10.861 0.2
v -2.902 10.861 0.2
v -2.902 10.861 0
v -4.336 10.861 0.2
v -4.336 10.861 0
v -4.336 10.861 0.2
v -4.336 10.861 0
v -4.338 10.86 0.2
v -4.338 10.86 0
v -4.339 10.859 0.2
v -4.339 10.859 0
v -4.341 10.858 0.2
v -4.341 10.858 0
v -4.341 10.856 0.2
v -4.341 10.856 0
v -4.341 10.855 0.2
v -4.341 10.855 0
v -4.341 10.853 0.2
v -4.341 10.853 0
v -4.341 10.851 0.2
v -4.341 10.851 0
v -4.339 10.85 0.2
v -4.339 10.85 0
v -4.338 10.849 0.2
v -4.338 10.849 0
v -4.336 10.849 0.2
v -4.336 10.849 0
v -2.902 10.849 0.2
v -2.902 10.849 0
v -2.902 10.849 0.2
v -2.902 10.849 0
v -2.9 10.849 0.2
v -2.9 10.849 0
v -2.899 10.85 0.2
v -2.899 10.85 0
v -2.897 10.851 0.2
v -2.897 10.851 0
v -2.897 10.853 0.2
v -2.897 10.853 0
v -2.897 10.855 0.2
v -2.897 10.855 0
v -2.897 10.856 0.2
v -2.897 10.856 0
v -2.897 10.858 0.2
v -2.897 10.858 0
v -2.899 10.859 0.2
v -2.899 10.859 0
v -2.9 10.86 0.2
v -2.9 10.86 0
v -2.902 10.861 0.2
v -2.902 10.861 0

f -72 -71 -70
f -70 -69 -68
f -68 -67 -66
f -66 -65 -64
f -60 -59 -58
f -58 -57 -56
f -56 -55 -54
f -54 -53 -52
f -72 -70 -68
f -68 -66 -64
f -60 -58 -56
f -56 -54 -52
f -72 -68 -64
f -60 -56 -52
f -72 -64 -63
f -60 -52 -75
f -72 -63 -61
f -61 -60 -75
f -75 -73 -72
f -72 -61 -75
f -50 -49 -48
f -48 -49 -47
f -48 -47 -46
f -46 -47 -45
f -46 -45 -44
f -44 -45 -43
f -44 -43 -42
f -42 -43 -41
f -42 -41 -40
f -40 -41 -39
f -40 -39 -38
f -38 -39 -37
f -38 -37 -36
f -36 -37 -35
f -36 -35 -34
f -34 -35 -33
f -34 -33 -32
f -32 -33 -31
f -32 -31 -30
f -30 -31 -29
f -30 -29 -28
f -28 -29 -27
f -28 -27 -26
f -26 -27 -25
f -26 -25 -24
f -24 -25 -23
f -24 -23 -22
f -22 -23 -21
f -22 -21 -20
f -20 -21 -19
f -20 -19 -18
f -18 -19 -17
f -18 -17 -16
f -16 -17 -15
f -16 -15 -14
f -14 -15 -13
f -14 -13 -12
f -12 -13 -11
f -12 -11 -10
f -10 -11 -9
f -10 -9 -8
f -8 -9 -7
f -8 -7 -6
f -6 -7 -5
f -6 -5 -4
f -4 -5 -3
f -4 -3 -2
f -2 -3 -1

o Default 
usemtl 0xFFFFFF
v -2.44 10.798 0.2
v -2.899 10.798 0.2
v -2.899 10.798 0.2
v -2.901 10.797 0.2
v -2.902 10.796 0.2
v -2.904 10.795 0.2
v -2.904 10.793 0.2
v -2.904 10.792 0.2
v -2.904 10.79 0.2
v -2.904 10.788 0.2
v -2.902 10.787 0.2
v -2.901 10.786 0.2
v -2.899 10.786 0.2
v -2.44 10.786 0.2
v -2.44 10.786 0.2
v -2.438 10.786 0.2
v -2.437 10.787 0.2
v -2.435 10.788 0.2
v -2.435 10.79 0.2
v -2.435 10.792 0.2
v -2.435 10.793 0.2
v -2.435 10.795 0.2
v -2.437 10.796 0.2
v -2.438 10.797 0.2
v -2.44 10.798 0.2
v -2.44 10.798 0.2
v -2.44 10.798 0
v -2.899 10.798 0.2
v -2.899 10.798 0
v -2.899 10.798 0.2
v -2.899 10.798 0
v -2.901 10.797 0.2
v -2.901 10.797 0
v -2.902 10.796 0.2
v -2.902 10.796 0
v -2.904 10.795 0.2
v -2.904 10.795 0
v -2.904 10.793 0.2
v -2.904 10.793 0
v -2.904 10.792 0.2
v -2.904 10.792 0
v -2.904 10.79 0.2
v -2.904 10.79 0
v -2.904 10.788 0.2
v -2.904 10.788 0
v -2.902 10.787 0.2
v -2.902 10.787 0
v -2.901 10.786 0.2
v -2.901 10.786 0
v -2.899 10.786 0.2
v -2.899 10.786 0
v -2.44 10.786 0.2
v -2.44 10.786 0
v -2.44 10.786 0.2
v -2.44 10.786 0
v -2.438 10.786 0.2
v -2.438 10.786 0
v -2.437 10.787 0.2
v -2.437 10.787 0
v -2.435 10.788 0.2
v -2.435 10.788 0
v -2.435 10.79 0.2
v -2.435 10.79 0
v -2.435 10.792 0.2
v -2.435 10.792 0
v -2.435 10.793 0.2
v -2.435 10.793 0
v -2.435 10.795 0.2
v -2.435 10.795 0
v -2.437 10.796 0.2
v -2.437 10.796 0
v -2.438 10.797 0.2
v -2.438 10.797 0
v -2.44 10.798 0.2
v -2.44 10.798 0

f -72 -71 -70
f -70 -69 -68
f -68 -67 -66
f -66 -65 -64
f -60 -59 -58
f -58 -57 -56
f -56 -55 -54
f -54 -53 -52
f -72 -70 -68
f -68 -66 -64
f -60 -58 -56
f -56 -54 -52
f -72 -68 -64
f -60 -56 -52
f -72 -64 -63
f -60 -52 -75
f -72 -63 -61
f -61 -60 -75
f -75 -73 -72
f -72 -61 -75
f -50 -49 -48
f -48 -49 -47
f -48 -47 -46
f -46 -47 -45
f -46 -45 -44
f -44 -45 -43
f -44 -43 -42
f -42 -43 -41
f -42 -41 -40
f -40 -41 -39
f -40 -39 -38
f -38 -39 -37
f -38 -37 -36
f -36 -37 -35
f -36 -35 -34
f -34 -35 -33
f -34 -33 -32
f -32 -33 -31
f -32 -31 -30
f -30 -31 -29
f -30 -29 -28
f -28 -29 -27
f -28 -27 -26
f -26 -27 -25
f -26 -25 -24
f -24 -25 -23
f -24 -23 -22
f -22 -23 -21
f -22 -21 -20
f -20 -21 -19
f -20 -19 -18
f -18 -19 -17
f -18 -17 -16
f -16 -17 -15
f -16 -15 -14
f -14 -15 -13
f -14 -13 -12
f -12 -13 -11
f -12 -11 -10
f -10 -11 -9
f -10 -9 -8
f -8 -9 -7
f -8 -7 -6
f -6 -7 -5
f -6 -5 -4
f -4 -5 -3
f -4 -3 -2
f -2 -3 -1

o Default 
usemtl 0xFFFFFF
v -2.908 10.855 0.2
v -2.908 10.792 0.2
v -2.908 10.792 0.2
v -2.908 10.79 0.2
v -2.907 10.788 0.2
v -2.905 10.787 0.2
v -2.904 10.786 0.2
v -2.902 10.786 0.2
v -2.9 10.786 0.2
v -2.899 10.787 0.2
v -2.897 10.788 0.2
v -2.896 10.79 0.2
v -2.896 10.792 0.2
v -2.896 10.855 0.2
v -2.896 10.855 0.2
v -2.896 10.856 0.2
v -2.897 10.858 0.2
v -2.899 10.859 0.2
v -2.9 10.86 0.2
v -2.902 10.86 0.2
v -2.904 10.86 0.2
v -2.905 10.859 0.2
v -2.907 10.858 0.2
v -2.908 10.856 0.2
v -2.908 10.855 0.2
v -2.908 10.855 0.2
v -2.908 10.855 0
v -2.908 10.792 0.2
v -2.908 10.792 0
v -2.908 10.792 0.2
v -2.908 10.792 0
v -2.908 10.79 0.2
v -2.908 10.79 0
v -2.907 10.788 0.2
v -2.907 10.788 0
v -2.905 10.787 0.2
v -2.905 10.787 0
v -2.904 10.786 0.2
v -2.904 10.786 0
v -2.902 10.786 0.2
v -2.902 10.786 0
v -2.9 10.786 0.2
v -2.9 10.786 0
v -2.899 10.787 0.2
v -2.899 10.787 0
v -2.897 10.788 0.2
v -2.897 10.788 0
v -2.896 10.79 0.2
v -2.896 10.79 0
v -2.896 10.792 0.2
v -2.896 10.792 0
v -2.896 10.855 0.2
v -2.896 10.855 0
v -2.896 10.855 0.2
v -2.896 10.855 0
v -2.896 10.856 0.2
v -2.896 10.856 0
v -2.897 10.858 0.2
v -2.897 10.858 0
v -2.899 10.859 0.2
v -2.899 10.859 0
v -2.9 10.86 0.2
v -2.9 10.86 0
v -2.902 10.86 0.2
v -2.902 10.86 0
v -2.904 10.86 0.2
v -2.904 10.86 0
v -2.905 10.859 0.2
v -2.905 10.859 0
v -2.907 10.858 0.2
v -2.907 10.858 0
v -2.908 10.856 0.2
v -2.908 10.856 0
v -2.908 10.855 0.2
v -2.908 10.855 0

f -72 -71 -70
f -70 -69 -68
f -68 -67 -66
f -66 -65 -64
f -60 -59 -58
f -58 -57 -56
f -56 -55 -54
f -54 -53 -52
f -72 -70 -68
f -68 -66 -64
f -60 -58 -56
f -56 -54 -52
f -72 -68 -64
f -60 -56 -52
f -72 -64 -63
f -60 -52 -75
f -72 -63 -61
f -61 -60 -75
f -75 -73 -72
f -72 -61 -75
f -50 -49 -48
f -48 -49 -47
f -48 -47 -46
f -46 -47 -45
f -46 -45 -44
f -44 -45 -43
f -44 -43 -42
f -42 -43 -41
f -42 -41 -40
f -40 -41 -39
f -40 -39 -38
f -38 -39 -37
f -38 -37 -36
f -36 -37 -35
f -36 -35 -34
f -34 -35 -33
f -34 -33 -32
f -32 -33 -31
f -32 -31 -30
f -30 -31 -29
f -30 -29 -28
f -28 -29 -27
f -28 -27 -26
f -26 -27 -25
f -26 -25 -24
f -24 -25 -23
f -24 -23 -22
f -22 -23 -21
f -22 -21 -20
f -20 -21 -19
f -20 -19 -18
f -18 -19 -17
f -18 -17 -16
f -16 -17 -15
f -16 -15 -14
f -14 -15 -13
f -14 -13 -12
f -12 -13 -11
f -12 -11 -10
f -10 -11 -9
f -10 -9 -8
f -8 -9 -7
f -8 -7 -6
f -6 -7 -5
f -6 -5 -4
f -4 -5 -3
f -4 -3 -2
f -2 -3 -1

o Default 
usemtl 0xFFFFFF
v -2.434 10.984 0.2
v -2.434 11.893 0.2
v -2.434 11.893 0.2
v -2.434 11.894 0.2
v -2.435 11.896 0.2
v -2.437 11.897 0.2
v -2.438 11.898 0.2
v -2.44 11.898 0.2
v -2.442 11.898 0.2
v -2.443 11.897 0.2
v -2.445 11.896 0.2
v -2.446 11.894 0.2
v -2.446 11.893 0.2
v -2.446 10.984 0.2
v -2.446 10.984 0.2
v -2.446 10.982 0.2
v -2.445 10.98 0.2
v -2.443 10.979 0.2
v -2.442 10.978 0.2
v -2.44 10.978 0.2
v -2.438 10.978 0.2
v -2.437 10.979 0.2
v -2.435 10.98 0.2
v -2.434 10.982 0.2
v -2.434 10.984 0.2
v -2.434 10.984 0.2
v -2.434 10.984 0
v -2.434 11.893 0.2
v -2.434 11.893 0
v -2.434 11.893 0.2
v -2.434 11.893 0
v -2.434 11.894 0.2
v -2.434 11.894 0
v -2.435 11.896 0.2
v -2.435 11.896 0
v -2.437 11.897 0.2
v -2.437 11.897 0
v -2.438 11.898 0.2
v -2.438 11.898 0
v -2.44 11.898 0.2
v -2.44 11.898 0
v -2.442 11.898 0.2
v -2.442 11.898 0
v -2.443 11.897 0.2
v -2.443 11.897 0
v -2.445 11.896 0.2
v -2.445 11.896 0
v -2.446 11.894 0.2
v -2.446 11.894 0
v -2.446 11.893 0.2
v -2.446 11.893 0
v -2.446 10.984 0.2
v -2.446 10.984 0
v -2.446 10.984 0.2
v -2.446 10.984 0
v -2.446 10.982 0.2
v -2.446 10.982 0
v -2.445 10.98 0.2
v -2.445 10.98 0
v -2.443 10.979 0.2
v -2.443 10.979 0
v -2.442 10.978 0.2
v -2.442 10.978 0
v -2.44 10.978 0.2
v -2.44 10.978 0
v -2.438 10.978 0.2
v -2.438 10.978 0
v -2.437 10.979 0.2
v -2.437 10.979 0
v -2.435 10.98 0.2
v -2.435 10.98 0
v -2.434 10.982 0.2
v -2.434 10.982 0
v -2.434 10.984 0.2
v -2.434 10.984 0

f -72 -71 -70
f -70 -69 -68
f -68 -67 -66
f -66 -65 -64
f -60 -59 -58
f -58 -57 -56
f -56 -55 -54
f -54 -53 -52
f -72 -70 -68
f -68 -66 -64
f -60 -58 -56
f -56 -54 -52
f -72 -68 -64
f -60 -56 -52
f -72 -64 -63
f -60 -52 -75
f -72 -63 -61
f -61 -60 -75
f -75 -73 -72
f -72 -61 -75
f -50 -49 -48
f -48 -49 -47
f -48 -47 -46
f -46 -47 -45
f -46 -45 -44
f -44 -45 -43
f -44 -43 -42
f -42 -43 -41
f -42 -41 -40
f -40 -41 -39
f -40 -39 -38
f -38 -39 -37
f -38 -37 -36
f -36 -37 -35
f -36 -35 -34
f -34 -35 -33
f -34 -33 -32
f -32 -33 -31
f -32 -31 -30
f -30 -31 -29
f -30 -29 -28
f -28 -29 -27
f -28 -27 -26
f -26 -27 -25
f -26 -25 -24
f -24 -25 -23
f -24 -23 -22
f -22 -23 -21
f -22 -21 -20
f -20 -21 -19
f -20 -19 -18
f -18 -19 -17
f -18 -17 -16
f -16 -17 -15
f -16 -15 -14
f -14 -15 -13
f -14 -13 -12
f -12 -13 -11
f -12 -11 -10
f -10 -11 -9
f -10 -9 -8
f -8 -9 -7
f -8 -7 -6
f -6 -7 -5
f -6 -5 -4
f -4 -5 -3
f -4 -3 -2
f -2 -3 -1

o Default 
usemtl 0xFFFFFF
v -3.301 11.893 0.2
v -3.301 10.858 0.2
v -3.301 10.858 0.2
v -3.301 10.856 0.2
v -3.3 10.854 0.2
v -3.298 10.853 0.2
v -3.297 10.852 0.2
v -3.295 10.852 0.2
v -3.293 10.852 0.2
v -3.292 10.853 0.2
v -3.29 10.854 0.2
v -3.289 10.856 0.2
v -3.289 10.858 0.2
v -3.289 11.893 0.2
v -3.289 11.893 0.2
v -3.289 11.894 0.2
v -3.29 11.896 0.2
v -3.292 11.897 0.2
v -3.293 11.898 0.2
v -3.295 11.898 0.2
v -3.297 11.898 0.2
v -3.298 11.897 0.2
v -3.3 11.896 0.2
v -3.301 11.894 0.2
v -3.301 11.893 0.2
v -3.301 11.893 0.2
v -3.301 11.893 0
v -3.301 10.858 0.2
v -3.301 10.858 0
v -3.301 10.858 0.2
v -3.301 10.858 0
v -3.301 10.856 0.2
v -3.301 10.856 0
v -3.3 10.854 0.2
v -3.3 10.854 0
v -3.298 10.853 0.2
v -3.298 10.853 0
v -3.297 10.852 0.2
v -3.297 10.852 0
v -3.295 10.852 0.2
v -3.295 10.852 0
v -3.293 10.852 0.2
v -3.293 10.852 0
v -3.292 10.853 0.2
v -3.292 10.853 0
v -3.29 10.854 0.2
v -3.29 10.854 0
v -3.289 10.856 0.2
v -3.289 10.856 0
v -3.289 10.858 0.2
v -3.289 10.858 0
v -3.289 11.893 0.2
v -3.289 11.893 0
v -3.289 11.893 0.2
v -3.289 11.893 0
v -3.289 11.894 0.2
v -3.289 11.894 0
v -3.29 11.896 0.2
v -3.29 11.896 0
v -3.292 11.897 0.2
v -3.292 11.897 0
v -3.293 11.898 0.2
v -3.293 11.898 0
v -3.295 11.898 0.2
v -3.295 11.898 0
v -3.297 11.898 0.2
v -3.297 11.898 0
v -3.298 11.897 0.2
v -3.298 11.897 0
v -3.3 11.896 0.2
v -3.3 11.896 0
v -3.301 11.894 0.2
v -3.301 11.894 0
v -3.301 11.893 0.2
v -3.301 11.893 0

f -72 -71 -70
f -70 -69 -68
f -68 -67 -66
f -66 -65 -64
f -60 -59 -58
f -58 -57 -56
f -56 -55 -54
f -54 -53 -52
f -72 -70 -68
f -68 -66 -64
f -60 -58 -56
f -56 -54 -52
f -72 -68 -64
f -60 -56 -52
f -72 -64 -63
f -60 -52 -75
f -72 -63 -61
f -61 -60 -75
f -75 -73 -72
f -72 -61 -75
f -50 -49 -48
f -48 -49 -47
f -48 -47 -46
f -46 -47 -45
f -46 -45 -44
f -44 -45 -43
f -44 -43 -42
f -42 -43 -41
f -42 -41 -40
f -40 -41 -39
f -40 -39 -38
f -38 -39 -37
f -38 -37 -36
f -36 -37 -35
f -36 -35 -34
f -34 -35 -33
f -34 -33 -32
f -32 -33 -31
f -32 -31 -30
f -30 -31 -29
f -30 -29 -28
f -28 -29 -27
f -28 -27 -26
f -26 -27 -25
f -26 -25 -24
f -24 -25 -23
f -24 -23 -22
f -22 -23 -21
f -22 -21 -20
f -20 -21 -19
f -20 -19 -18
f -18 -19 -17
f -18 -17 -16
f -16 -17 -15
f -16 -15 -14
f -14 -15 -13
f -14 -13 -12
f -12 -13 -11
f -12 -11 -10
f -10 -11 -9
f -10 -9 -8
f -8 -9 -7
f -8 -7 -6
f -6 -7 -5
f -6 -5 -4
f -4 -5 -3
f -4 -3 -2
f -2 -3 -1

o Default 
usemtl 0xFFFFFF
v -4.336 11.887 0.2
v -2.44 11.887 0.2
v -2.44 11.887 0.2
v -2.438 11.887 0.2
v -2.437 11.888 0.2
v -2.435 11.889 0.2
v -2.435 11.891 0.2
v -2.435 11.893 0.2
v -2.435 11.894 0.2
v -2.435 11.896 0.2
v -2.437 11.897 0.2
v -2.438 11.898 0.2
v -2.44 11.899 0.2
v -4.336 11.899 0.2
v -4.336 11.899 0.2
v -4.338 11.898 0.2
v -4.339 11.897 0.2
v -4.341 11.896 0.2
v -4.341 11.894 0.2
v -4.341 11.893 0.2
v -4.341 11.891 0.2
v -4.341 11.889 0.2
v -4.339 11.888 0.2
v -4.338 11.887 0.2
v -4.336 11.887 0.2
v -4.336 11.887 0.2
v -4.336 11.887 0
v -2.44 11.887 0.2
v -2.44 11.887 0
v -2.44 11.887 0.2
v -2.44 11.887 0
v -2.438 11.887 0.2
v -2.438 11.887 0
v -2.437 11.888 0.2
v -2.437 11.888 0
v -2.435 11.889 0.2
v -2.435 11.889 0
v -2.435 11.891 0.2
v -2.435 11.891 0
v -2.435 11.893 0.2
v -2.435 11.893 0
v -2.435 11.894 0.2
v -2.435 11.894 0
v -2.435 11.896 0.2
v -2.435 11.896 0
v -2.437 11.897 0.2
v -2.437 11.897 0
v -2.438 11.898 0.2
v -2.438 11.898 0
v -2.44 11.899 0.2
v -2.44 11.899 0
v -4.336 11.899 0.2
v -4.336 11.899 0
v -4.336 11.899 0.2
v -4.336 11.899 0
v -4.338 11.898 0.2
v -4.338 11.898 0
v -4.339 11.897 0.2
v -4.339 11.897 0
v -4.341 11.896 0.2
v -4.341 11.896 0
v -4.341 11.894 0.2
v -4.341 11.894 0
v -4.341 11.893 0.2
v -4.341 11.893 0
v -4.341 11.891 0.2
v -4.341 11.891 0
v -4.341 11.889 0.2
v -4.341 11.889 0
v -4.339 11.888 0.2
v -4.339 11.888 0
v -4.338 11.887 0.2
v -4.338 11.887 0
v -4.336 11.887 0.2
v -4.336 11.887 0

f -72 -71 -70
f -70 -69 -68
f -68 -67 -66
f -66 -65 -64
f -60 -59 -58
f -58 -57 -56
f -56 -55 -54
f -54 -53 -52
f -72 -70 -68
f -68 -66 -64
f -60 -58 -56
f -56 -54 -52
f -72 -68 -64
f -60 -56 -52
f -72 -64 -63
f -60 -52 -75
f -72 -63 -61
f -61 -60 -75
f -75 -73 -72
f -72 -61 -75
f -50 -49 -48
f -48 -49 -47
f -48 -47 -46
f -46 -47 -45
f -46 -45 -44
f -44 -45 -43
f -44 -43 -42
f -42 -43 -41
f -42 -41 -40
f -40 -41 -39
f -40 -39 -38
f -38 -39 -37
f -38 -37 -36
f -36 -37 -35
f -36 -35 -34
f -34 -35 -33
f -34 -33 -32
f -32 -33 -31
f -32 -31 -30
f -30 -31 -29
f -30 -29 -28
f -28 -29 -27
f -28 -27 -26
f -26 -27 -25
f -26 -25 -24
f -24 -25 -23
f -24 -23 -22
f -22 -23 -21
f -22 -21 -20
f -20 -21 -19
f -20 -19 -18
f -18 -19 -17
f -18 -17 -16
f -16 -17 -15
f -16 -15 -14
f -14 -15 -13
f -14 -13 -12
f -12 -13 -11
f -12 -11 -10
f -10 -11 -9
f -10 -9 -8
f -8 -9 -7
f -8 -7 -6
f -6 -7 -5
f -6 -5 -4
f -4 -5 -3
f -4 -3 -2
f -2 -3 -1

o Default 
usemtl 0xFFFFFF
v -0.937 10.786 0.2
v 0.218 10.786 0.2
v 0.218 10.786 0.2
v 0.22 10.786 0.2
v 0.221 10.787 0.2
v 0.223 10.788 0.2
v 0.223 10.79 0.2
v 0.223 10.792 0.2
v 0.223 10.793 0.2
v 0.223 10.795 0.2
v 0.221 10.796 0.2
v 0.22 10.797 0.2
v 0.218 10.798 0.2
v -0.937 10.798 0.2
v -0.937 10.798 0.2
v -0.939 10.797 0.2
v -0.94 10.796 0.2
v -0.942 10.795 0.2
v -0.942 10.793 0.2
v -0.942 10.792 0.2
v -0.942 10.79 0.2
v -0.942 10.788 0.2
v -0.94 10.787 0.2
v -0.939 10.786 0.2
v -0.937 10.786 0.2
v -0.937 10.786 0.2
v -0.937 10.786 0
v 0.218 10.786 0.2
v 0.218 10.786 0
v 0.218 10.786 0.2
v 0.218 10.786 0
v 0.22 10.786 0.2
v 0.22 10.786 0
v 0.221 10.787 0.2
v 0.221 10.787 0
v 0.223 10.788 0.2
v 0.223 10.788 0
v 0.223 10.79 0.2
v 0.223 10.79 0
v 0.223 10.792 0.2
v 0.223 10.792 0
v 0.223 10.793 0.2
v 0.223 10.793 0
v 0.223 10.795 0.2
v 0.223 10.795 0
v 0.221 10.796 0.2
v 0.221 10.796 0
v 0.22 10.797 0.2
v 0.22 10.797 0
v 0.218 10.798 0.2
v 0.218 10.798 0
v -0.937 10.798 0.2
v -0.937 10.798 0
v -0.937 10.798 0.2
v -0.937 10.798 0
v -0.939 10.797 0.2
v -0.939 10.797 0
v -0.94 10.796 0.2
v -0.94 10.796 0
v -0.942 10.795 0.2
v -0.942 10.795 0
v -0.942 10.793 0.2
v -0.942 10.793 0
v -0.942 10.792 0.2
v -0.942 10.792 0
v -0.942 10.79 0.2
v -0.942 10.79 0
v -0.942 10.788 0.2
v -0.942 10.788 0
v -0.94 10.787 0.2
v -0.94 10.787 0
v -0.939 10.786 0.2
v -0.939 10.786 0
v -0.937 10.786 0.2
v -0.937 10.786 0

f -72 -71 -70
f -70 -69 -68
f -68 -67 -66
f -66 -65 -64
f -60 -59 -58
f -58 -57 -56
f -56 -55 -54
f -54 -53 -52
f -72 -70 -68
f -68 -66 -64
f -60 -58 -56
f -56 -54 -52
f -72 -68 -64
f -60 -56 -52
f -72 -64 -63
f -60 -52 -75
f -72 -63 -61
f -61 -60 -75
f -75 -73 -72
f -72 -61 -75
f -50 -49 -48
f -48 -49 -47
f -48 -47 -46
f -46 -47 -45
f -46 -45 -44
f -44 -45 -43
f -44 -43 -42
f -42 -43 -41
f -42 -41 -40
f -40 -41 -39
f -40 -39 -38
f -38 -39 -37
f -38 -37 -36
f -36 -37 -35
f -36 -35 -34
f -34 -35 -33
f -34 -33 -32
f -32 -33 -31
f -32 -31 -30
f -30 -31 -29
f -30 -29 -28
f -28 -29 -27
f -28 -27 -26
f -26 -27 -25
f -26 -25 -24
f -24 -25 -23
f -24 -23 -22
f -22 -23 -21
f -22 -21 -20
f -20 -21 -19
f -20 -19 -18
f -18 -19 -17
f -18 -17 -16
f -16 -17 -15
f -16 -15 -14
f -14 -15 -13
f -14 -13 -12
f -12 -13 -11
f -12 -11 -10
f -10 -11 -9
f -10 -9 -8
f -8 -9 -7
f -8 -7 -6
f -6 -7 -5
f -6 -5 -4
f -4 -5 -3
f -4 -3 -2
f -2 -3 -1

o Default 
usemtl 0xFFFFFF
v -1.792 10.786 0.2
v -1.129 10.786 0.2
v -1.129 10.786 0.2
v -1.127 10.786 0.2
v -1.126 10.787 0.2
v -1.124 10.788 0.2
v -1.124 10.79 0.2
v -1.124 10.792 0.2
v -1.124 10.793 0.2
v -1.124 10.795 0.2
v -1.126 10.796 0.2
v -1.127 10.797 0.2
v -1.129 10.798 0.2
v -1.792 10.798 0.2
v -1.792 10.798 0.2
v -1.794 10.797 0.2
v -1.795 10.796 0.2
v -1.797 10.795 0.2
v -1.797 10.793 0.2
v -1.797 10.792 0.2
v -1.797 10.79 0.2
v -1.797 10.788 0.2
v -1.795 10.787 0.2
v -1.794 10.786 0.2
v -1.792 10.786 0.2
v -1.792 10.786 0.2
v -1.792 10.786 0
v -1.129 10.786 0.2
v -1.129 10.786 0
v -1.129 10.786 0.2
v -1.129 10.786 0
v -1.127 10.786 0.2
v -1.127 10.786 0
v -1.126 10.787 0.2
v -1.126 10.787 0
v -1.124 10.788 0.2
v -1.124 10.788 0
v -1.124 10.79 0.2
v -1.124 10.79 0
v -1.124 10.792 0.2
v -1.124 10.792 0
v -1.124 10.793 0.2
v -1.124 10.793 0
v -1.124 10.795 0.2
v -1.124 10.795 0
v -1.126 10.796 0.2
v -1.126 10.796 0
v -1.127 10.797 0.2
v -1.127 10.797 0
v -1.129 10.798 0.2
v -1.129 10.798 0
v -1.792 10.798 0.2
v -1.792 10.798 0
v -1.792 10.798 0.2
v -1.792 10.798 0
v -1.794 10.797 0.2
v -1.794 10.797 0
v -1.795 10.796 0.2
v -1.795 10.796 0
v -1.797 10.795 0.2
v -1.797 10.795 0
v -1.797 10.793 0.2
v -1.797 10.793 0
v -1.797 10.792 0.2
v -1.797 10.792 0
v -1.797 10.79 0.2
v -1.797 10.79 0
v -1.797 10.788 0.2
v -1.797 10.788 0
v -1.795 10.787 0.2
v -1.795 10.787 0
v -1.794 10.786 0.2
v -1.794 10.786 0
v -1.792 10.786 0.2
v -1.792 10.786 0

f -72 -71 -70
f -70 -69 -68
f -68 -67 -66
f -66 -65 -64
f -60 -59 -58
f -58 -57 -56
f -56 -55 -54
f -54 -53 -52
f -72 -70 -68
f -68 -66 -64
f -60 -58 -56
f -56 -54 -52
f -72 -68 -64
f -60 -56 -52
f -72 -64 -63
f -60 -52 -75
f -72 -63 -61
f -61 -60 -75
f -75 -73 -72
f -72 -61 -75
f -50 -49 -48
f -48 -49 -47
f -48 -47 -46
f -46 -47 -45
f -46 -45 -44
f -44 -45 -43
f -44 -43 -42
f -42 -43 -41
f -42 -41 -40
f -40 -41 -39
f -40 -39 -38
f -38 -39 -37
f -38 -37 -36
f -36 -37 -35
f -36 -35 -34
f -34 -35 -33
f -34 -33 -32
f -32 -33 -31
f -32 -31 -30
f -30 -31 -29
f -30 -29 -28
f -28 -29 -27
f -28 -27 -26
f -26 -27 -25
f -26 -25 -24
f -24 -25 -23
f -24 -23 -22
f -22 -23 -21
f -22 -21 -20
f -20 -21 -19
f -20 -19 -18
f -18 -19 -17
f -18 -17 -16
f -16 -17 -15
f -16 -15 -14
f -14 -15 -13
f -14 -13 -12
f -12 -13 -11
f -12 -11 -10
f -10 -11 -9
f -10 -9 -8
f -8 -9 -7
f -8 -7 -6
f -6 -7 -5
f -6 -5 -4
f -4 -5 -3
f -4 -3 -2
f -2 -3 -1

o Default 
usemtl 0xFFFFFF
v -1.135 11.14 0.2
v -1.135 10.792 0.2
v -1.135 10.792 0.2
v -1.135 10.79 0.2
v -1.134 10.788 0.2
v -1.132 10.787 0.2
v -1.131 10.786 0.2
v -1.129 10.786 0.2
v -1.127 10.786 0.2
v -1.126 10.787 0.2
v -1.124 10.788 0.2
v -1.123 10.79 0.2
v -1.123 10.792 0.2
v -1.123 11.14 0.2
v -1.123 11.14 0.2
v -1.123 11.141 0.2
v -1.124 11.143 0.2
v -1.126 11.144 0.2
v -1.127 11.145 0.2
v -1.129 11.145 0.2
v -1.131 11.145 0.2
v -1.132 11.144 0.2
v -1.134 11.143 0.2
v -1.135 11.141 0.2
v -1.135 11.14 0.2
v -1.135 11.14 0.2
v -1.135 11.14 0
v -1.135 10.792 0.2
v -1.135 10.792 0
v -1.135 10.792 0.2
v -1.135 10.792 0
v -1.135 10.79 0.2
v -1.135 10.79 0
v -1.134 10.788 0.2
v -1.134 10.788 0
v -1.132 10.787 0.2
v -1.132 10.787 0
v -1.131 10.786 0.2
v -1.131 10.786 0
v -1.129 10.786 0.2
v -1.129 10.786 0
v -1.127 10.786 0.2
v -1.127 10.786 0
v -1.126 10.787 0.2
v -1.126 10.787 0
v -1.124 10.788 0.2
v -1.124 10.788 0
v -1.123 10.79 0.2
v -1.123 10.79 0
v -1.123 10.792 0.2
v -1.123 10.792 0
v -1.123 11.14 0.2
v -1.123 11.14 0
v -1.123 11.14 0.2
v -1.123 11.14 0
v -1.123 11.141 0.2
v -1.123 11.141 0
v -1.124 11.143 0.2
v -1.124 11.143 0
v -1.126 11.144 0.2
v -1.126 11.144 0
v -1.127 11.145 0.2
v -1.127 11.145 0
v -1.129 11.145 0.2
v -1.129 11.145 0
v -1.131 11.145 0.2
v -1.131 11.145 0
v -1.132 11.144 0.2
v -1.132 11.144 0
v -1.134 11.143 0.2
v -1.134 11.143 0
v -1.135 11.141 0.2
v -1.135 11.141 0
v -1.135 11.14 0.2
v -1.135 11.14 0

f -72 -71 -70
f -70 -69 -68
f -68 -67 -66
f -66 -65 -64
f -60 -59 -58
f -58 -57 -56
f -56 -55 -54
f -54 -53 -52
f -72 -70 -68
f -68 -66 -64
f -60 -58 -56
f -56 -54 -52
f -72 -68 -64
f -60 -56 -52
f -72 -64 -63
f -60 -52 -75
f -72 -63 -61
f -61 -60 -75
f -75 -73 -72
f -72 -61 -75
f -50 -49 -48
f -48 -49 -47
f -48 -47 -46
f -46 -47 -45
f -46 -45 -44
f -44 -45 -43
f -44 -43 -42
f -42 -43 -41
f -42 -41 -40
f -40 -41 -39
f -40 -39 -38
f -38 -39 -37
f -38 -37 -36
f -36 -37 -35
f -36 -35 -34
f -34 -35 -33
f -34 -33 -32
f -32 -33 -31
f -32 -31 -30
f -30 -31 -29
f -30 -29 -28
f -28 -29 -27
f -28 -27 -26
f -26 -27 -25
f -26 -25 -24
f -24 -25 -23
f -24 -23 -22
f -22 -23 -21
f -22 -21 -20
f -20 -21 -19
f -20 -19 -18
f -18 -19 -17
f -18 -17 -16
f -16 -17 -15
f -16 -15 -14
f -14 -15 -13
f -14 -13 -12
f -12 -13 -11
f -12 -11 -10
f -10 -11 -9
f -10 -9 -8
f -8 -9 -7
f -8 -7 -6
f -6 -7 -5
f -6 -5 -4
f -4 -5 -3
f -4 -3 -2
f -2 -3 -1

o Default 
usemtl 0xFFFFFF
v -1.798 11.464 0.2
v -1.798 10.792 0.2
v -1.798 10.792 0.2
v -1.798 10.79 0.2
v -1.797 10.788 0.2
v -1.795 10.787 0.2
v -1.794 10.786 0.2
v -1.792 10.786 0.2
v -1.79 10.786 0.2
v -1.789 10.787 0.2
v -1.787 10.788 0.2
v -1.786 10.79 0.2
v -1.786 10.792 0.2
v -1.786 11.464 0.2
v -1.786 11.464 0.2
v -1.786 11.465 0.2
v -1.787 11.467 0.2
v -1.789 11.468 0.2
v -1.79 11.469 0.2
v -1.792 11.469 0.2
v -1.794 11.469 0.2
v -1.795 11.468 0.2
v -1.797 11.467 0.2
v -1.798 11.465 0.2
v -1.798 11.464 0.2
v -1.798 11.464 0.2
v -1.798 11.464 0
v -1.798 10.792 0.2
v -1.798 10.792 0
v -1.798 10.792 0.2
v -1.798 10.792 0
v -1.798 10.79 0.2
v -1.798 10.79 0
v -1.797 10.788 0.2
v -1.797 10.788 0
v -1.795 10.787 0.2
v -1.795 10.787 0
v -1.794 10.786 0.2
v -1.794 10.786 0
v -1.792 10.786 0.2
v -1.792 10.786 0
v -1.79 10.786 0.2
v -1.79 10.786 0
v -1.789 10.787 0.2
v -1.789 10.787 0
v -1.787 10.788 0.2
v -1.787 10.788 0
v -1.786 10.79 0.2
v -1.786 10.79 0
v -1.786 10.792 0.2
v -1.786 10.792 0
v -1.786 11.464 0.2
v -1.786 11.464 0
v -1.786 11.464 0.2
v -1.786 11.464 0
v -1.786 11.465 0.2
v -1.786 11.465 0
v -1.787 11.467 0.2
v -1.787 11.467 0
v -1.789 11.468 0.2
v -1.789 11.468 0
v -1.79 11.469 0.2
v -1.79 11.469 0
v -1.792 11.469 0.2
v -1.792 11.469 0
v -1.794 11.469 0.2
v -1.794 11.469 0
v -1.795 11.468 0.2
v -1.795 11.468 0
v -1.797 11.467 0.2
v -1.797 11.467 0
v -1.798 11.465 0.2
v -1.798 11.465 0
v -1.798 11.464 0.2
v -1.798 11.464 0

f -72 -71 -70
f -70 -69 -68
f -68 -67 -66
f -66 -65 -64
f -60 -59 -58
f -58 -57 -56
f -56 -55 -54
f -54 -53 -52
f -72 -70 -68
f -68 -66 -64
f -60 -58 -56
f -56 -54 -52
f -72 -68 -64
f -60 -56 -52
f -72 -64 -63
f -60 -52 -75
f -72 -63 -61
f -61 -60 -75
f -75 -73 -72
f -72 -61 -75
f -50 -49 -48
f -48 -49 -47
f -48 -47 -46
f -46 -47 -45
f -46 -45 -44
f -44 -45 -43
f -44 -43 -42
f -42 -43 -41
f -42 -41 -40
f -40 -41 -39
f -40 -39 -38
f -38 -39 -37
f -38 -37 -36
f -36 -37 -35
f -36 -35 -34
f -34 -35 -33
f -34 -33 -32
f -32 -33 -31
f -32 -31 -30
f -30 -31 -29
f -30 -29 -28
f -28 -29 -27
f -28 -27 -26
f -26 -27 -25
f -26 -25 -24
f -24 -25 -23
f -24 -23 -22
f -22 -23 -21
f -22 -21 -20
f -20 -21 -19
f -20 -19 -18
f -18 -19 -17
f -18 -17 -16
f -16 -17 -15
f -16 -15 -14
f -14 -15 -13
f -14 -13 -12
f -12 -13 -11
f -12 -11 -10
f -10 -11 -9
f -10 -9 -8
f -8 -9 -7
f -8 -7 -6
f -6 -7 -5
f -6 -5 -4
f -4 -5 -3
f -4 -3 -2
f -2 -3 -1

o Default 
usemtl 0xFFFFFF
v -0.286 10.792 0.2
v -0.286 11.14 0.2
v -0.286 11.14 0.2
v -0.286 11.141 0.2
v -0.287 11.143 0.2
v -0.289 11.144 0.2
v -0.29 11.145 0.2
v -0.292 11.145 0.2
v -0.294 11.145 0.2
v -0.295 11.144 0.2
v -0.297 11.143 0.2
v -0.298 11.141 0.2
v -0.298 11.14 0.2
v -0.298 10.792 0.2
v -0.298 10.792 0.2
v -0.298 10.79 0.2
v -0.297 10.788 0.2
v -0.295 10.787 0.2
v -0.294 10.786 0.2
v -0.292 10.786 0.2
v -0.29 10.786 0.2
v -0.289 10.787 0.2
v -0.287 10.788 0.2
v -0.286 10.79 0.2
v -0.286 10.792 0.2
v -0.286 10.792 0.2
v -0.286 10.792 0
v -0.286 11.14 0.2
v -0.286 11.14 0
v -0.286 11.14 0.2
v -0.286 11.14 0
v -0.286 11.141 0.2
v -0.286 11.141 0
v -0.287 11.143 0.2
v -0.287 11.143 0
v -0.289 11.144 0.2
v -0.289 11.144 0
v -0.29 11.145 0.2
v -0.29 11.145 0
v -0.292 11.145 0.2
v -0.292 11.145 0
v -0.294 11.145 0.2
v -0.294 11.145 0
v -0.295 11.144 0.2
v -0.295 11.144 0
v -0.297 11.143 0.2
v -0.297 11.143 0
v -0.298 11.141 0.2
v -0.298 11.141 0
v -0.298 11.14 0.2
v -0.298 11.14 0
v -0.298 10.792 0.2
v -0.298 10.792 0
v -0.298 10.792 0.2
v -0.298 10.792 0
v -0.298 10.79 0.2
v -0.298 10.79 0
v -0.297 10.788 0.2
v -0.297 10.788 0
v -0.295 10.787 0.2
v -0.295 10.787 0
v -0.294 10.786 0.2
v -0.294 10.786 0
v -0.292 10.786 0.2
v -0.292 10.786 0
v -0.29 10.786 0.2
v -0.29 10.786 0
v -0.289 10.787 0.2
v -0.289 10.787 0
v -0.287 10.788 0.2
v -0.287 10.788 0
v -0.286 10.79 0.2
v -0.286 10.79 0
v -0.286 10.792 0.2
v -0.286 10.792 0

f -72 -71 -70
f -70 -69 -68
f -68 -67 -66
f -66 -65 -64
f -60 -59 -58
f -58 -57 -56
f -56 -55 -54
f -54 -53 -52
f -72 -70 -68
f -68 -66 -64
f -60 -58 -56
f -56 -54 -52
f -72 -68 -64
f -60 -56 -52
f -72 -64 -63
f -60 -52 -75
f -72 -63 -61
f -61 -60 -75
f -75 -73 -72
f -72 -61 -75
f -50 -49 -48
f -48 -49 -47
f -48 -47 -46
f -46 -47 -45
f -46 -45 -44
f -44 -45 -43
f -44 -43 -42
f -42 -43 -41
f -42 -41 -40
f -40 -41 -39
f -40 -39 -38
f -38 -39 -37
f -38 -37 -36
f -36 -37 -35
f -36 -35 -34
f -34 -35 -33
f -34 -33 -32
f -32 -33 -31
f -32 -31 -30
f -30 -31 -29
f -30 -29 -28
f -28 -29 -27
f -28 -27 -26
f -26 -27 -25
f -26 -25 -24
f -24 -25 -23
f -24 -23 -22
f -22 -23 -21
f -22 -21 -20
f -20 -21 -19
f -20 -19 -18
f -18 -19 -17
f -18 -17 -16
f -16 -17 -15
f -16 -15 -14
f -14 -15 -13
f -14 -13 -12
f -12 -13 -11
f -12 -11 -10
f -10 -11 -9
f -10 -9 -8
f -8 -9 -7
f -8 -7 -6
f -6 -7 -5
f -6 -5 -4
f -4 -5 -3
f -4 -3 -2
f -2 -3 -1

o Default 
usemtl 0xFFFFFF
v -1.126 11.134 0.2
v 1.442 11.134 0.2
v 1.442 11.134 0.2
v 1.444 11.134 0.2
v 1.445 11.135 0.2
v 1.447 11.136 0.2
v 1.447 11.138 0.2
v 1.447 11.14 0.2
v 1.447 11.141 0.2
v 1.447 11.143 0.2
v 1.445 11.144 0.2
v 1.444 11.145 0.2
v 1.442 11.146 0.2
v -1.126 11.146 0.2
v -1.126 11.146 0.2
v -1.128 11.145 0.2
v -1.129 11.144 0.2
v -1.131 11.143 0.2
v -1.131 11.141 0.2
v -1.131 11.14 0.2
v -1.131 11.138 0.2
v -1.131 11.136 0.2
v -1.129 11.135 0.2
v -1.128 11.134 0.2
v -1.126 11.134 0.2
v -1.126 11.134 0.2
v -1.126 11.134 0
v 1.442 11.134 0.2
v 1.442 11.134 0
v 1.442 11.134 0.2
v 1.442 11.134 0
v 1.444 11.134 0.2
v 1.444 11.134 0
v 1.445 11.135 0.2
v 1.445 11.135 0
v 1.447 11.136 0.2
v 1.447 11.136 0
v 1.447 11.138 0.2
v 1.447 11.138 0
v 1.447 11.14 0.2
v 1.447 11.14 0
v 1.447 11.141 0.2
v 1.447 11.141 0
v 1.447 11.143 0.2
v 1.447 11.143 0
v 1.445 11.144 0.2
v 1.445 11.144 0
v 1.444 11.145 0.2
v 1.444 11.145 0
v 1.442 11.146 0.2
v 1.442 11.146 0
v -1.126 11.146 0.2
v -1.126 11.146 0
v -1.126 11.146 0.2
v -1.126 11.146 0
v -1.128 11.145 0.2
v -1.128 11.145 0
v -1.129 11.144 0.2
v -1.129 11.144 0
v -1.131 11.143 0.2
v -1.131 11.143 0
v -1.131 11.141 0.2
v -1.131 11.141 0
v -1.131 11.14 0.2
v -1.131 11.14 0
v -1.131 11.138 0.2
v -1.131 11.138 0
v -1.131 11.136 0.2
v -1.131 11.136 0
v -1.129 11.135 0.2
v -1.129 11.135 0
v -1.128 11.134 0.2
v -1.128 11.134 0
v -1.126 11.134 0.2
v -1.126 11.134 0

f -72 -71 -70
f -70 -69 -68
f -68 -67 -66
f -66 -65 -64
f -60 -59 -58
f -58 -57 -56
f -56 -55 -54
f -54 -53 -52
f -72 -70 -68
f -68 -66 -64
f -60 -58 -56
f -56 -54 -52
f -72 -68 -64
f -60 -56 -52
f -72 -64 -63
f -60 -52 -75
f -72 -63 -61
f -61 -60 -75
f -75 -73 -72
f -72 -61 -75
f -50 -49 -48
f -48 -49 -47
f -48 -47 -46
f -46 -47 -45
f -46 -45 -44
f -44 -45 -43
f -44 -43 -42
f -42 -43 -41
f -42 -41 -40
f -40 -41 -39
f -40 -39 -38
f -38 -39 -37
f -38 -37 -36
f -36 -37 -35
f -36 -35 -34
f -34 -35 -33
f -34 -33 -32
f -32 -33 -31
f -32 -31 -30
f -30 -31 -29
f -30 -29 -28
f -28 -29 -27
f -28 -27 -26
f -26 -27 -25
f -26 -25 -24
f -24 -25 -23
f -24 -23 -22
f -22 -23 -21
f -22 -21 -20
f -20 -21 -19
f -20 -19 -18
f -18 -19 -17
f -18 -17 -16
f -16 -17 -15
f -16 -15 -14
f -14 -15 -13
f -14 -13 -12
f -12 -13 -11
f -12 -11 -10
f -10 -11 -9
f -10 -9 -8
f -8 -9 -7
f -8 -7 -6
f -6 -7 -5
f -6 -5 -4
f -4 -5 -3
f -4 -3 -2
f -2 -3 -1

o Default 
usemtl 0xFFFFFF
v 1.448 10.792 0.2
v 1.448 11.14 0.2
v 1.448 11.14 0.2
v 1.448 11.141 0.2
v 1.447 11.143 0.2
v 1.445 11.144 0.2
v 1.444 11.145 0.2
v 1.442 11.145 0.2
v 1.44 11.145 0.2
v 1.439 11.144 0.2
v 1.437 11.143 0.2
v 1.436 11.141 0.2
v 1.436 11.14 0.2
v 1.436 10.792 0.2
v 1.436 10.792 0.2
v 1.436 10.79 0.2
v 1.437 10.788 0.2
v 1.439 10.787 0.2
v 1.44 10.786 0.2
v 1.442 10.786 0.2
v 1.444 10.786 0.2
v 1.445 10.787 0.2
v 1.447 10.788 0.2
v 1.448 10.79 0.2
v 1.448 10.792 0.2
v 1.448 10.792 0.2
v 1.448 10.792 0
v 1.448 11.14 0.2
v 1.448 11.14 0
v 1.448 11.14 0.2
v 1.448 11.14 0
v 1.448 11.141 0.2
v 1.448 11.141 0
v 1.447 11.143 0.2
v 1.447 11.143 0
v 1.445 11.144 0.2
v 1.445 11.144 0
v 1.444 11.145 0.2
v 1.444 11.145 0
v 1.442 11.145 0.2
v 1.442 11.145 0
v 1.44 11.145 0.2
v 1.44 11.145 0
v 1.439 11.144 0.2
v 1.439 11.144 0
v 1.437 11.143 0.2
v 1.437 11.143 0
v 1.436 11.141 0.2
v 1.436 11.141 0
v 1.436 11.14 0.2
v 1.436 11.14 0
v 1.436 10.792 0.2
v 1.436 10.792 0
v 1.436 10.792 0.2
v 1.436 10.792 0
v 1.436 10.79 0.2
v 1.436 10.79 0
v 1.437 10.788 0.2
v 1.437 10.788 0
v 1.439 10.787 0.2
v 1.439 10.787 0
v 1.44 10.786 0.2
v 1.44 10.786 0
v 1.442 10.786 0.2
v 1.442 10.786 0
v 1.444 10.786 0.2
v 1.444 10.786 0
v 1.445 10.787 0.2
v 1.445 10.787 0
v 1.447 10.788 0.2
v 1.447 10.788 0
v 1.448 10.79 0.2
v 1.448 10.79 0
v 1.448 10.792 0.2
v 1.448 10.792 0

f -72 -71 -70
f -70 -69 -68
f -68 -67 -66
f -66 -65 -64
f -60 -59 -58
f -58 -57 -56
f -56 -55 -54
f -54 -53 -52
f -72 -70 -68
f -68 -66 -64
f -60 -58 -56
f -56 -54 -52
f -72 -68 -64
f -60 -56 -52
f -72 -64 -63
f -60 -52 -75
f -72 -63 -61
f -61 -60 -75
f -75 -73 -72
f -72 -61 -75
f -50 -49 -48
f -48 -49 -47
f -48 -47 -46
f -46 -47 -45
f -46 -45 -44
f -44 -45 -43
f -44 -43 -42
f -42 -43 -41
f -42 -41 -40
f -40 -41 -39
f -40 -39 -38
f -38 -39 -37
f -38 -37 -36
f -36 -37 -35
f -36 -35 -34
f -34 -35 -33
f -34 -33 -32
f -32 -33 -31
f -32 -31 -30
f -30 -31 -29
f -30 -29 -28
f -28 -29 -27
f -28 -27 -26
f -26 -27 -25
f -26 -25 -24
f -24 -25 -23
f -24 -23 -22
f -22 -23 -21
f -22 -21 -20
f -20 -21 -19
f -20 -19 -18
f -18 -19 -17
f -18 -17 -16
f -16 -17 -15
f -16 -15 -14
f -14 -15 -13
f -14 -13 -12
f -12 -13 -11
f -12 -11 -10
f -10 -11 -9
f -10 -9 -8
f -8 -9 -7
f -8 -7 -6
f -6 -7 -5
f -6 -5 -4
f -4 -5 -3
f -4 -3 -2
f -2 -3 -1

o Default 
usemtl 0xFFFFFF
v 1.739 11.134 0.2
v 2.816 11.134 0.2
v 2.816 11.134 0.2
v 2.818 11.134 0.2
v 2.819 11.135 0.2
v 2.821 11.136 0.2
v 2.821 11.138 0.2
v 2.821 11.14 0.2
v 2.821 11.141 0.2
v 2.821 11.143 0.2
v 2.819 11.144 0.2
v 2.818 11.145 0.2
v 2.816 11.146 0.2
v 1.739 11.146 0.2
v 1.739 11.146 0.2
v 1.737 11.145 0.2
v 1.736 11.144 0.2
v 1.734 11.143 0.2
v 1.734 11.141 0.2
v 1.734 11.14 0.2
v 1.734 11.138 0.2
v 1.734 11.136 0.2
v 1.736 11.135 0.2
v 1.737 11.134 0.2
v 1.739 11.134 0.2
v 1.739 11.134 0.2
v 1.739 11.134 0
v 2.816 11.134 0.2
v 2.816 11.134 0
v 2.816 11.134 0.2
v 2.816 11.134 0
v 2.818 11.134 0.2
v 2.818 11.134 0
v 2.819 11.135 0.2
v 2.819 11.135 0
v 2.821 11.136 0.2
v 2.821 11.136 0
v 2.821 11.138 0.2
v 2.821 11.138 0
v 2.821 11.14 0.2
v 2.821 11.14 0
v 2.821 11.141 0.2
v 2.821 11.141 0
v 2.821 11.143 0.2
v 2.821 11.143 0
v 2.819 11.144 0.2
v 2.819 11.144 0
v 2.818 11.145 0.2
v 2.818 11.145 0
v 2.816 11.146 0.2
v 2.816 11.146 0
v 1.739 11.146 0.2
v 1.739 11.146 0
v 1.739 11.146 0.2
v 1.739 11.146 0
v 1.737 11.145 0.2
v 1.737 11.145 0
v 1.736 11.144 0.2
v 1.736 11.144 0
v 1.734 11.143 0.2
v 1.734 11.143 0
v 1.734 11.141 0.2
v 1.734 11.141 0
v 1.734 11.14 0.2
v 1.734 11.14 0
v 1.734 11.138 0.2
v 1.734 11.138 0
v 1.734 11.136 0.2
v 1.734 11.136 0
v 1.736 11.135 0.2
v 1.736 11.135 0
v 1.737 11.134 0.2
v 1.737 11.134 0
v 1.739 11.134 0.2
v 1.739 11.134 0

f -72 -71 -70
f -70 -69 -68
f -68 -67 -66
f -66 -65 -64
f -60 -59 -58
f -58 -57 -56
f -56 -55 -54
f -54 -53 -52
f -72 -70 -68
f -68 -66 -64
f -60 -58 -56
f -56 -54 -52
f -72 -68 -64
f -60 -56 -52
f -72 -64 -63
f -60 -52 -75
f -72 -63 -61
f -61 -60 -75
f -75 -73 -72
f -72 -61 -75
f -50 -49 -48
f -48 -49 -47
f -48 -47 -46
f -46 -47 -45
f -46 -45 -44
f -44 -45 -43
f -44 -43 -42
f -42 -43 -41
f -42 -41 -40
f -40 -41 -39
f -40 -39 -38
f -38 -39 -37
f -38 -37 -36
f -36 -37 -35
f -36 -35 -34
f -34 -35 -33
f -34 -33 -32
f -32 -33 -31
f -32 -31 -30
f -30 -31 -29
f -30 -29 -28
f -28 -29 -27
f -28 -27 -26
f -26 -27 -25
f -26 -25 -24
f -24 -25 -23
f -24 -23 -22
f -22 -23 -21
f -22 -21 -20
f -20 -21 -19
f -20 -19 -18
f -18 -19 -17
f -18 -17 -16
f -16 -17 -15
f -16 -15 -14
f -14 -15 -13
f -14 -13 -12
f -12 -13 -11
f -12 -11 -10
f -10 -11 -9
f -10 -9 -8
f -8 -9 -7
f -8 -7 -6
f -6 -7 -5
f -6 -5 -4
f -4 -5 -3
f -4 -3 -2
f -2 -3 -1

o Default 
usemtl 0xFFFFFF
v 2.816 10.798 0.2
v 0.41 10.798 0.2
v 0.41 10.798 0.2
v 0.408 10.797 0.2
v 0.407 10.796 0.2
v 0.405 10.795 0.2
v 0.405 10.793 0.2
v 0.405 10.792 0.2
v 0.405 10.79 0.2
v 0.405 10.788 0.2
v 0.407 10.787 0.2
v 0.408 10.786 0.2
v 0.41 10.786 0.2
v 2.816 10.786 0.2
v 2.816 10.786 0.2
v 2.818 10.786 0.2
v 2.819 10.787 0.2
v 2.821 10.788 0.2
v 2.821 10.79 0.2
v 2.821 10.792 0.2
v 2.821 10.793 0.2
v 2.821 10.795 0.2
v 2.819 10.796 0.2
v 2.818 10.797 0.2
v 2.816 10.798 0.2
v 2.816 10.798 0.2
v 2.816 10.798 0
v 0.41 10.798 0.2
v 0.41 10.798 0
v 0.41 10.798 0.2
v 0.41 10.798 0
v 0.408 10.797 0.2
v 0.408 10.797 0
v 0.407 10.796 0.2
v 0.407 10.796 0
v 0.405 10.795 0.2
v 0.405 10.795 0
v 0.405 10.793 0.2
v 0.405 10.793 0
v 0.405 10.792 0.2
v 0.405 10.792 0
v 0.405 10.79 0.2
v 0.405 10.79 0
v 0.405 10.788 0.2
v 0.405 10.788 0
v 0.407 10.787 0.2
v 0.407 10.787 0
v 0.408 10.786 0.2
v 0.408 10.786 0
v 0.41 10.786 0.2
v 0.41 10.786 0
v 2.816 10.786 0.2
v 2.816 10.786 0
v 2.816 10.786 0.2
v 2.816 10.786 0
v 2.818 10.786 0.2
v 2.818 10.786 0
v 2.819 10.787 0.2
v 2.819 10.787 0
v 2.821 10.788 0.2
v 2.821 10.788 0
v 2.821 10.79 0.2
v 2.821 10.79 0
v 2.821 10.792 0.2
v 2.821 10.792 0
v 2.821 10.793 0.2
v 2.821 10.793 0
v 2.821 10.795 0.2
v 2.821 10.795 0
v 2.819 10.796 0.2
v 2.819 10.796 0
v 2.818 10.797 0.2
v 2.818 10.797 0
v 2.816 10.798 0.2
v 2.816 10.798 0

f -72 -71 -70
f -70 -69 -68
f -68 -67 -66
f -66 -65 -64
f -60 -59 -58
f -58 -57 -56
f -56 -55 -54
f -54 -53 -52
f -72 -70 -68
f -68 -66 -64
f -60 -58 -56
f -56 -54 -52
f -72 -68 -64
f -60 -56 -52
f -72 -64 -63
f -60 -52 -75
f -72 -63 -61
f -61 -60 -75
f -75 -73 -72
f -72 -61 -75
f -50 -49 -48
f -48 -49 -47
f -48 -47 -46
f -46 -47 -45
f -46 -45 -44
f -44 -45 -43
f -44 -43 -42
f -42 -43 -41
f -42 -41 -40
f -40 -41 -39
f -40 -39 -38
f -38 -39 -37
f -38 -37 -36
f -36 -37 -35
f -36 -35 -34
f -34 -35 -33
f -34 -33 -32
f -32 -33 -31
f -32 -31 -30
f -30 -31 -29
f -30 -29 -28
f -28 -29 -27
f -28 -27 -26
f -26 -27 -25
f -26 -25 -24
f -24 -25 -23
f -24 -23 -22
f -22 -23 -21
f -22 -21 -20
f -20 -21 -19
f -20 -19 -18
f -18 -19 -17
f -18 -17 -16
f -16 -17 -15
f -16 -15 -14
f -14 -15 -13
f -14 -13 -12
f -12 -13 -11
f -12 -11 -10
f -10 -11 -9
f -10 -9 -8
f -8 -9 -7
f -8 -7 -6
f -6 -7 -5
f -6 -5 -4
f -4 -5 -3
f -4 -3 -2
f -2 -3 -1

o Default 
usemtl 0xFFFFFF
v 1.742 10.792 0.2
v 1.742 11.14 0.2
v 1.742 11.14 0.2
v 1.742 11.141 0.2
v 1.741 11.143 0.2
v 1.739 11.144 0.2
v 1.738 11.145 0.2
v 1.736 11.145 0.2
v 1.734 11.145 0.2
v 1.733 11.144 0.2
v 1.731 11.143 0.2
v 1.73 11.141 0.2
v 1.73 11.14 0.2
v 1.73 10.792 0.2
v 1.73 10.792 0.2
v 1.73 10.79 0.2
v 1.731 10.788 0.2
v 1.733 10.787 0.2
v 1.734 10.786 0.2
v 1.736 10.786 0.2
v 1.738 10.786 0.2
v 1.739 10.787 0.2
v 1.741 10.788 0.2
v 1.742 10.79 0.2
v 1.742 10.792 0.2
v 1.742 10.792 0.2
v 1.742 10.792 0
v 1.742 11.14 0.2
v 1.742 11.14 0
v 1.742 11.14 0.2
v 1.742 11.14 0
v 1.742 11.141 0.2
v 1.742 11.141 0
v 1.741 11.143 0.2
v 1.741 11.143 0
v 1.739 11.144 0.2
v 1.739 11.144 0
v 1.738 11.145 0.2
v 1.738 11.145 0
v 1.736 11.145 0.2
v 1.736 11.145 0
v 1.734 11.145 0.2
v 1.734 11.145 0
v 1.733 11.144 0.2
v 1.733 11.144 0
v 1.731 11.143 0.2
v 1.731 11.143 0
v 1.73 11.141 0.2
v 1.73 11.141 0
v 1.73 11.14 0.2
v 1.73 11.14 0
v 1.73 10.792 0.2
v 1.73 10.792 0
v 1.73 10.792 0.2
v 1.73 10.792 0
v 1.73 10.79 0.2
v 1.73 10.79 0
v 1.731 10.788 0.2
v 1.731 10.788 0
v 1.733 10.787 0.2
v 1.733 10.787 0
v 1.734 10.786 0.2
v 1.734 10.786 0
v 1.736 10.786 0.2
v 1.736 10.786 0
v 1.738 10.786 0.2
v 1.738 10.786 0
v 1.739 10.787 0.2
v 1.739 10.787 0
v 1.741 10.788 0.2
v 1.741 10.788 0
v 1.742 10.79 0.2
v 1.742 10.79 0
v 1.742 10.792 0.2
v 1.742 10.792 0

f -72 -71 -70
f -70 -69 -68
f -68 -67 -66
f -66 -65 -64
f -60 -59 -58
f -58 -57 -56
f -56 -55 -54
f -54 -53 -52
f -72 -70 -68
f -68 -66 -64
f -60 -58 -56
f -56 -54 -52
f -72 -68 -64
f -60 -56 -52
f -72 -64 -63
f -60 -52 -75
f -72 -63 -61
f -61 -60 -75
f -75 -73 -72
f -72 -61 -75
f -50 -49 -48
f -48 -49 -47
f -48 -47 -46
f -46 -47 -45
f -46 -45 -44
f -44 -45 -43
f -44 -43 -42
f -42 -43 -41
f -42 -41 -40
f -40 -41 -39
f -40 -39 -38
f -38 -39 -37
f -38 -37 -36
f -36 -37 -35
f -36 -35 -34
f -34 -35 -33
f -34 -33 -32
f -32 -33 -31
f -32 -31 -30
f -30 -31 -29
f -30 -29 -28
f -28 -29 -27
f -28 -27 -26
f -26 -27 -25
f -26 -25 -24
f -24 -25 -23
f -24 -23 -22
f -22 -23 -21
f -22 -21 -20
f -20 -21 -19
f -20 -19 -18
f -18 -19 -17
f -18 -17 -16
f -16 -17 -15
f -16 -15 -14
f -14 -15 -13
f -14 -13 -12
f -12 -13 -11
f -12 -11 -10
f -10 -11 -9
f -10 -9 -8
f -8 -9 -7
f -8 -7 -6
f -6 -7 -5
f -6 -5 -4
f -4 -5 -3
f -4 -3 -2
f -2 -3 -1

o Default 
usemtl 0xFFFFFF
v 2.822 10.792 0.2
v 2.822 10.855 0.2
v 2.822 10.855 0.2
v 2.822 10.856 0.2
v 2.821 10.858 0.2
v 2.819 10.859 0.2
v 2.818 10.86 0.2
v 2.816 10.86 0.2
v 2.814 10.86 0.2
v 2.813 10.859 0.2
v 2.811 10.858 0.2
v 2.81 10.856 0.2
v 2.81 10.855 0.2
v 2.81 10.792 0.2
v 2.81 10.792 0.2
v 2.81 10.79 0.2
v 2.811 10.788 0.2
v 2.813 10.787 0.2
v 2.814 10.786 0.2
v 2.816 10.786 0.2
v 2.818 10.786 0.2
v 2.819 10.787 0.2
v 2.821 10.788 0.2
v 2.822 10.79 0.2
v 2.822 10.792 0.2
v 2.822 10.792 0.2
v 2.822 10.792 0
v 2.822 10.855 0.2
v 2.822 10.855 0
v 2.822 10.855 0.2
v 2.822 10.855 0
v 2.822 10.856 0.2
v 2.822 10.856 0
v 2.821 10.858 0.2
v 2.821 10.858 0
v 2.819 10.859 0.2
v 2.819 10.859 0
v 2.818 10.86 0.2
v 2.818 10.86 0
v 2.816 10.86 0.2
v 2.816 10.86 0
v 2.814 10.86 0.2
v 2.814 10.86 0
v 2.813 10.859 0.2
v 2.813 10.859 0
v 2.811 10.858 0.2
v 2.811 10.858 0
v 2.81 10.856 0.2
v 2.81 10.856 0
v 2.81 10.855 0.2
v 2.81 10.855 0
v 2.81 10.792 0.2
v 2.81 10.792 0
v 2.81 10.792 0.2
v 2.81 10.792 0
v 2.81 10.79 0.2
v 2.81 10.79 0
v 2.811 10.788 0.2
v 2.811 10.788 0
v 2.813 10.787 0.2
v 2.813 10.787 0
v 2.814 10.786 0.2
v 2.814 10.786 0
v 2.816 10.786 0.2
v 2.816 10.786 0
v 2.818 10.786 0.2
v 2.818 10.786 0
v 2.819 10.787 0.2
v 2.819 10.787 0
v 2.821 10.788 0.2
v 2.821 10.788 0
v 2.822 10.79 0.2
v 2.822 10.79 0
v 2.822 10.792 0.2
v 2.822 10.792 0

f -72 -71 -70
f -70 -69 -68
f -68 -67 -66
f -66 -65 -64
f -60 -59 -58
f -58 -57 -56
f -56 -55 -54
f -54 -53 -52
f -72 -70 -68
f -68 -66 -64
f -60 -58 -56
f -56 -54 -52
f -72 -68 -64
f -60 -56 -52
f -72 -64 -63
f -60 -52 -75
f -72 -63 -61
f -61 -60 -75
f -75 -73 -72
f -72 -61 -75
f -50 -49 -48
f -48 -49 -47
f -48 -47 -46
f -46 -47 -45
f -46 -45 -44
f -44 -45 -43
f -44 -43 -42
f -42 -43 -41
f -42 -41 -40
f -40 -41 -39
f -40 -39 -38
f -38 -39 -37
f -38 -37 -36
f -36 -37 -35
f -36 -35 -34
f -34 -35 -33
f -34 -33 -32
f -32 -33 -31
f -32 -31 -30
f -30 -31 -29
f -30 -29 -28
f -28 -29 -27
f -28 -27 -26
f -26 -27 -25
f -26 -25 -24
f -24 -25 -23
f -24 -23 -22
f -22 -23 -21
f -22 -21 -20
f -20 -21 -19
f -20 -19 -18
f -18 -19 -17
f -18 -17 -16
f -16 -17 -15
f -16 -15 -14
f -14 -15 -13
f -14 -13 -12
f -12 -13 -11
f -12 -11 -10
f -10 -11 -9
f -10 -9 -8
f -8 -9 -7
f -8 -7 -6
f -6 -7 -5
f -6 -5 -4
f -4 -5 -3
f -4 -3 -2
f -2 -3 -1

o Default 
usemtl 0xFFFFFF
v 2.312 11.14 0.2
v 2.312 11.806 0.2
v 2.312 11.806 0.2
v 2.312 11.807 0.2
v 2.311 11.809 0.2
v 2.309 11.81 0.2
v 2.308 11.811 0.2
v 2.306 11.811 0.2
v 2.304 11.811 0.2
v 2.303 11.81 0.2
v 2.301 11.809 0.2
v 2.3 11.807 0.2
v 2.3 11.806 0.2
v 2.3 11.14 0.2
v 2.3 11.14 0.2
v 2.3 11.138 0.2
v 2.301 11.136 0.2
v 2.303 11.135 0.2
v 2.304 11.134 0.2
v 2.306 11.134 0.2
v 2.308 11.134 0.2
v 2.309 11.135 0.2
v 2.311 11.136 0.2
v 2.312 11.138 0.2
v 2.312 11.14 0.2
v 2.312 11.14 0.2
v 2.312 11.14 0
v 2.312 11.806 0.2
v 2.312 11.806 0
v 2.312 11.806 0.2
v 2.312 11.806 0
v 2.312 11.807 0.2
v 2.312 11.807 0
v 2.311 11.809 0.2
v 2.311 11.809 0
v 2.309 11.81 0.2
v 2.309 11.81 0
v 2.308 11.811 0.2
v 2.308 11.811 0
v 2.306 11.811 0.2
v 2.306 11.811 0
v 2.304 11.811 0.2
v 2.304 11.811 0
v 2.303 11.81 0.2
v 2.303 11.81 0
v 2.301 11.809 0.2
v 2.301 11.809 0
v 2.3 11.807 0.2
v 2.3 11.807 0
v 2.3 11.806 0.2
v 2.3 11.806 0
v 2.3 11.14 0.2
v 2.3 11.14 0
v 2.3 11.14 0.2
v 2.3 11.14 0
v 2.3 11.138 0.2
v 2.3 11.138 0
v 2.301 11.136 0.2
v 2.301 11.136 0
v 2.303 11.135 0.2
v 2.303 11.135 0
v 2.304 11.134 0.2
v 2.304 11.134 0
v 2.306 11.134 0.2
v 2.306 11.134 0
v 2.308 11.134 0.2
v 2.308 11.134 0
v 2.309 11.135 0.2
v 2.309 11.135 0
v 2.311 11.136 0.2
v 2.311 11.136 0
v 2.312 11.138 0.2
v 2.312 11.138 0
v 2.312 11.14 0.2
v 2.312 11.14 0

f -72 -71 -70
f -70 -69 -68
f -68 -67 -66
f -66 -65 -64
f -60 -59 -58
f -58 -57 -56
f -56 -55 -54
f -54 -53 -52
f -72 -70 -68
f -68 -66 -64
f -60 -58 -56
f -56 -54 -52
f -72 -68 -64
f -60 -56 -52
f -72 -64 -63
f -60 -52 -75
f -72 -63 -61
f -61 -60 -75
f -75 -73 -72
f -72 -61 -75
f -50 -49 -48
f -48 -49 -47
f -48 -47 -46
f -46 -47 -45
f -46 -45 -44
f -44 -45 -43
f -44 -43 -42
f -42 -43 -41
f -42 -41 -40
f -40 -41 -39
f -40 -39 -38
f -38 -39 -37
f -38 -37 -36
f -36 -37 -35
f -36 -35 -34
f -34 -35 -33
f -34 -33 -32
f -32 -33 -31
f -32 -31 -30
f -30 -31 -29
f -30 -29 -28
f -28 -29 -27
f -28 -27 -26
f -26 -27 -25
f -26 -25 -24
f -24 -25 -23
f -24 -23 -22
f -22 -23 -21
f -22 -21 -20
f -20 -21 -19
f -20 -19 -18
f -18 -19 -17
f -18 -17 -16
f -16 -17 -15
f -16 -15 -14
f -14 -15 -13
f -14 -13 -12
f -12 -13 -11
f -12 -11 -10
f -10 -11 -9
f -10 -9 -8
f -8 -9 -7
f -8 -7 -6
f -6 -7 -5
f -6 -5 -4
f -4 -5 -3
f -4 -3 -2
f -2 -3 -1

o Default 
usemtl 0xFFFFFF
v 3.014 10.786 0.2
v 3.44 10.786 0.2
v 3.44 10.786 0.2
v 3.442 10.786 0.2
v 3.443 10.787 0.2
v 3.445 10.788 0.2
v 3.445 10.79 0.2
v 3.445 10.792 0.2
v 3.445 10.793 0.2
v 3.445 10.795 0.2
v 3.443 10.796 0.2
v 3.442 10.797 0.2
v 3.44 10.798 0.2
v 3.014 10.798 0.2
v 3.014 10.798 0.2
v 3.012 10.797 0.2
v 3.011 10.796 0.2
v 3.009 10.795 0.2
v 3.009 10.793 0.2
v 3.009 10.792 0.2
v 3.009 10.79 0.2
v 3.009 10.788 0.2
v 3.011 10.787 0.2
v 3.012 10.786 0.2
v 3.014 10.786 0.2
v 3.014 10.786 0.2
v 3.014 10.786 0
v 3.44 10.786 0.2
v 3.44 10.786 0
v 3.44 10.786 0.2
v 3.44 10.786 0
v 3.442 10.786 0.2
v 3.442 10.786 0
v 3.443 10.787 0.2
v 3.443 10.787 0
v 3.445 10.788 0.2
v 3.445 10.788 0
v 3.445 10.79 0.2
v 3.445 10.79 0
v 3.445 10.792 0.2
v 3.445 10.792 0
v 3.445 10.793 0.2
v 3.445 10.793 0
v 3.445 10.795 0.2
v 3.445 10.795 0
v 3.443 10.796 0.2
v 3.443 10.796 0
v 3.442 10.797 0.2
v 3.442 10.797 0
v 3.44 10.798 0.2
v 3.44 10.798 0
v 3.014 10.798 0.2
v 3.014 10.798 0
v 3.014 10.798 0.2
v 3.014 10.798 0
v 3.012 10.797 0.2
v 3.012 10.797 0
v 3.011 10.796 0.2
v 3.011 10.796 0
v 3.009 10.795 0.2
v 3.009 10.795 0
v 3.009 10.793 0.2
v 3.009 10.793 0
v 3.009 10.792 0.2
v 3.009 10.792 0
v 3.009 10.79 0.2
v 3.009 10.79 0
v 3.009 10.788 0.2
v 3.009 10.788 0
v 3.011 10.787 0.2
v 3.011 10.787 0
v 3.012 10.786 0.2
v 3.012 10.786 0
v 3.014 10.786 0.2
v 3.014 10.786 0

f -72 -71 -70
f -70 -69 -68
f -68 -67 -66
f -66 -65 -64
f -60 -59 -58
f -58 -57 -56
f -56 -55 -54
f -54 -53 -52
f -72 -70 -68
f -68 -66 -64
f -60 -58 -56
f -56 -54 -52
f -72 -68 -64
f -60 -56 -52
f -72 -64 -63
f -60 -52 -75
f -72 -63 -61
f -61 -60 -75
f -75 -73 -72
f -72 -61 -75
f -50 -49 -48
f -48 -49 -47
f -48 -47 -46
f -46 -47 -45
f -46 -45 -44
f -44 -45 -43
f -44 -43 -42
f -42 -43 -41
f -42 -41 -40
f -40 -41 -39
f -40 -39 -38
f -38 -39 -37
f -38 -37 -36
f -36 -37 -35
f -36 -35 -34
f -34 -35 -33
f -34 -33 -32
f -32 -33 -31
f -32 -31 -30
f -30 -31 -29
f -30 -29 -28
f -28 -29 -27
f -28 -27 -26
f -26 -27 -25
f -26 -25 -24
f -24 -25 -23
f -24 -23 -22
f -22 -23 -21
f -22 -21 -20
f -20 -21 -19
f -20 -19 -18
f -18 -19 -17
f -18 -17 -16
f -16 -17 -15
f -16 -15 -14
f -14 -15 -13
f -14 -13 -12
f -12 -13 -11
f -12 -11 -10
f -10 -11 -9
f -10 -9 -8
f -8 -9 -7
f -8 -7 -6
f -6 -7 -5
f -6 -5 -4
f -4 -5 -3
f -4 -3 -2
f -2 -3 -1

o Default 
usemtl 0xFFFFFF
v 3.434 10.849 0.2
v 3.434 10.792 0.2
v 3.434 10.792 0.2
v 3.434 10.79 0.2
v 3.435 10.788 0.2
v 3.437 10.787 0.2
v 3.438 10.786 0.2
v 3.44 10.786 0.2
v 3.442 10.786 0.2
v 3.443 10.787 0.2
v 3.445 10.788 0.2
v 3.446 10.79 0.2
v 3.446 10.792 0.2
v 3.446 10.849 0.2
v 3.446 10.849 0.2
v 3.446 10.85 0.2
v 3.445 10.852 0.2
v 3.443 10.853 0.2
v 3.442 10.854 0.2
v 3.44 10.854 0.2
v 3.438 10.854 0.2
v 3.437 10.853 0.2
v 3.435 10.852 0.2
v 3.434 10.85 0.2
v 3.434 10.849 0.2
v 3.434 10.849 0.2
v 3.434 10.849 0
v 3.434 10.792 0.2
v 3.434 10.792 0
v 3.434 10.792 0.2
v 3.434 10.792 0
v 3.434 10.79 0.2
v 3.434 10.79 0
v 3.435 10.788 0.2
v 3.435 10.788 0
v 3.437 10.787 0.2
v 3.437 10.787 0
v 3.438 10.786 0.2
v 3.438 10.786 0
v 3.44 10.786 0.2
v 3.44 10.786 0
v 3.442 10.786 0.2
v 3.442 10.786 0
v 3.443 10.787 0.2
v 3.443 10.787 0
v 3.445 10.788 0.2
v 3.445 10.788 0
v 3.446 10.79 0.2
v 3.446 10.79 0
v 3.446 10.792 0.2
v 3.446 10.792 0
v 3.446 10.849 0.2
v 3.446 10.849 0
v 3.446 10.849 0.2
v 3.446 10.849 0
v 3.446 10.85 0.2
v 3.446 10.85 0
v 3.445 10.852 0.2
v 3.445 10.852 0
v 3.443 10.853 0.2
v 3.443 10.853 0
v 3.442 10.854 0.2
v 3.442 10.854 0
v 3.44 10.854 0.2
v 3.44 10.854 0
v 3.438 10.854 0.2
v 3.438 10.854 0
v 3.437 10.853 0.2
v 3.437 10.853 0
v 3.435 10.852 0.2
v 3.435 10.852 0
v 3.434 10.85 0.2
v 3.434 10.85 0
v 3.434 10.849 0.2
v 3.434 10.849 0

f -72 -71 -70
f -70 -69 -68
f -68 -67 -66
f -66 -65 -64
f -60 -59 -58
f -58 -57 -56
f -56 -55 -54
f -54 -53 -52
f -72 -70 -68
f -68 -66 -64
f -60 -58 -56
f -56 -54 -52
f -72 -68 -64
f -60 -56 -52
f -72 -64 -63
f -60 -52 -75
f -72 -63 -61
f -61 -60 -75
f -75 -73 -72
f -72 -61 -75
f -50 -49 -48
f -48 -49 -47
f -48 -47 -46
f -46 -47 -45
f -46 -45 -44
f -44 -45 -43
f -44 -43 -42
f -42 -43 -41
f -42 -41 -40
f -40 -41 -39
f -40 -39 -38
f -38 -39 -37
f -38 -37 -36
f -36 -37 -35
f -36 -35 -34
f -34 -35 -33
f -34 -33 -32
f -32 -33 -31
f -32 -31 -30
f -30 -31 -29
f -30 -29 -28
f -28 -29 -27
f -28 -27 -26
f -26 -27 -25
f -26 -25 -24
f -24 -25 -23
f -24 -23 -22
f -22 -23 -21
f -22 -21 -20
f -20 -21 -19
f -20 -19 -18
f -18 -19 -17
f -18 -17 -16
f -16 -17 -15
f -16 -15 -14
f -14 -15 -13
f -14 -13 -12
f -12 -13 -11
f -12 -11 -10
f -10 -11 -9
f -10 -9 -8
f -8 -9 -7
f -8 -7 -6
f -6 -7 -5
f -6 -5 -4
f -4 -5 -3
f -4 -3 -2
f -2 -3 -1

o Default 
usemtl 0xFFFFFF
v 3.008 11.803 0.2
v 3.008 10.984 0.2
v 3.008 10.984 0.2
v 3.008 10.982 0.2
v 3.009 10.98 0.2
v 3.011 10.979 0.2
v 3.012 10.978 0.2
v 3.014 10.978 0.2
v 3.016 10.978 0.2
v 3.017 10.979 0.2
v 3.019 10.98 0.2
v 3.02 10.982 0.2
v 3.02 10.984 0.2
v 3.02 11.803 0.2
v 3.02 11.803 0.2
v 3.02 11.804 0.2
v 3.019 11.806 0.2
v 3.017 11.807 0.2
v 3.016 11.808 0.2
v 3.014 11.808 0.2
v 3.012 11.808 0.2
v 3.011 11.807 0.2
v 3.009 11.806 0.2
v 3.008 11.804 0.2
v 3.008 11.803 0.2
v 3.008 11.803 0.2
v 3.008 11.803 0
v 3.008 10.984 0.2
v 3.008 10.984 0
v 3.008 10.984 0.2
v 3.008 10.984 0
v 3.008 10.982 0.2
v 3.008 10.982 0
v 3.009 10.98 0.2
v 3.009 10.98 0
v 3.011 10.979 0.2
v 3.011 10.979 0
v 3.012 10.978 0.2
v 3.012 10.978 0
v 3.014 10.978 0.2
v 3.014 10.978 0
v 3.016 10.978 0.2
v 3.016 10.978 0
v 3.017 10.979 0.2
v 3.017 10.979 0
v 3.019 10.98 0.2
v 3.019 10.98 0
v 3.02 10.982 0.2
v 3.02 10.982 0
v 3.02 10.984 0.2
v 3.02 10.984 0
v 3.02 11.803 0.2
v 3.02 11.803 0
v 3.02 11.803 0.2
v 3.02 11.803 0
v 3.02 11.804 0.2
v 3.02 11.804 0
v 3.019 11.806 0.2
v 3.019 11.806 0
v 3.017 11.807 0.2
v 3.017 11.807 0
v 3.016 11.808 0.2
v 3.016 11.808 0
v 3.014 11.808 0.2
v 3.014 11.808 0
v 3.012 11.808 0.2
v 3.012 11.808 0
v 3.011 11.807 0.2
v 3.011 11.807 0
v 3.009 11.806 0.2
v 3.009 11.806 0
v 3.008 11.804 0.2
v 3.008 11.804 0
v 3.008 11.803 0.2
v 3.008 11.803 0

f -72 -71 -70
f -70 -69 -68
f -68 -67 -66
f -66 -65 -64
f -60 -59 -58
f -58 -57 -56
f -56 -55 -54
f -54 -53 -52
f -72 -70 -68
f -68 -66 -64
f -60 -58 -56
f -56 -54 -52
f -72 -68 -64
f -60 -56 -52
f -72 -64 -63
f -60 -52 -75
f -72 -63 -61
f -61 -60 -75
f -75 -73 -72
f -72 -61 -75
f -50 -49 -48
f -48 -49 -47
f -48 -47 -46
f -46 -47 -45
f -46 -45 -44
f -44 -45 -43
f -44 -43 -42
f -42 -43 -41
f -42 -41 -40
f -40 -41 -39
f -40 -39 -38
f -38 -39 -37
f -38 -37 -36
f -36 -37 -35
f -36 -35 -34
f -34 -35 -33
f -34 -33 -32
f -32 -33 -31
f -32 -31 -30
f -30 -31 -29
f -30 -29 -28
f -28 -29 -27
f -28 -27 -26
f -26 -27 -25
f -26 -25 -24
f -24 -25 -23
f -24 -23 -22
f -22 -23 -21
f -22 -21 -20
f -20 -21 -19
f -20 -19 -18
f -18 -19 -17
f -18 -17 -16
f -16 -17 -15
f -16 -15 -14
f -14 -15 -13
f -14 -13 -12
f -12 -13 -11
f -12 -11 -10
f -10 -11 -9
f -10 -9 -8
f -8 -9 -7
f -8 -7 -6
f -6 -7 -5
f -6 -5 -4
f -4 -5 -3
f -4 -3 -2
f -2 -3 -1

o Default 
usemtl 0xFFFFFF
v 3.44 10.843 0.2
v 4.769 10.843 0.2
v 4.769 10.843 0.2
v 4.771 10.843 0.2
v 4.772 10.844 0.2
v 4.774 10.845 0.2
v 4.774 10.847 0.2
v 4.774 10.849 0.2
v 4.774 10.85 0.2
v 4.774 10.852 0.2
v 4.772 10.853 0.2
v 4.771 10.854 0.2
v 4.769 10.855 0.2
v 3.44 10.855 0.2
v 3.44 10.855 0.2
v 3.438 10.854 0.2
v 3.437 10.853 0.2
v 3.435 10.852 0.2
v 3.435 10.85 0.2
v 3.435 10.849 0.2
v 3.435 10.847 0.2
v 3.435 10.845 0.2
v 3.437 10.844 0.2
v 3.438 10.843 0.2
v 3.44 10.843 0.2
v 3.44 10.843 0.2
v 3.44 10.843 0
v 4.769 10.843 0.2
v 4.769 10.843 0
v 4.769 10.843 0.2
v 4.769 10.843 0
v 4.771 10.843 0.2
v 4.771 10.843 0
v 4.772 10.844 0.2
v 4.772 10.844 0
v 4.774 10.845 0.2
v 4.774 10.845 0
v 4.774 10.847 0.2
v 4.774 10.847 0
v 4.774 10.849 0.2
v 4.774 10.849 0
v 4.774 10.85 0.2
v 4.774 10.85 0
v 4.774 10.852 0.2
v 4.774 10.852 0
v 4.772 10.853 0.2
v 4.772 10.853 0
v 4.771 10.854 0.2
v 4.771 10.854 0
v 4.769 10.855 0.2
v 4.769 10.855 0
v 3.44 10.855 0.2
v 3.44 10.855 0
v 3.44 10.855 0.2
v 3.44 10.855 0
v 3.438 10.854 0.2
v 3.438 10.854 0
v 3.437 10.853 0.2
v 3.437 10.853 0
v 3.435 10.852 0.2
v 3.435 10.852 0
v 3.435 10.85 0.2
v 3.435 10.85 0
v 3.435 10.849 0.2
v 3.435 10.849 0
v 3.435 10.847 0.2
v 3.435 10.847 0
v 3.435 10.845 0.2
v 3.435 10.845 0
v 3.437 10.844 0.2
v 3.437 10.844 0
v 3.438 10.843 0.2
v 3.438 10.843 0
v 3.44 10.843 0.2
v 3.44 10.843 0

f -72 -71 -70
f -70 -69 -68
f -68 -67 -66
f -66 -65 -64
f -60 -59 -58
f -58 -57 -56
f -56 -55 -54
f -54 -53 -52
f -72 -70 -68
f -68 -66 -64
f -60 -58 -56
f -56 -54 -52
f -72 -68 -64
f -60 -56 -52
f -72 -64 -63
f -60 -52 -75
f -72 -63 -61
f -61 -60 -75
f -75 -73 -72
f -72 -61 -75
f -50 -49 -48
f -48 -49 -47
f -48 -47 -46
f -46 -47 -45
f -46 -45 -44
f -44 -45 -43
f -44 -43 -42
f -42 -43 -41
f -42 -41 -40
f -40 -41 -39
f -40 -39 -38
f -38 -39 -37
f -38 -37 -36
f -36 -37 -35
f -36 -35 -34
f -34 -35 -33
f -34 -33 -32
f -32 -33 -31
f -32 -31 -30
f -30 -31 -29
f -30 -29 -28
f -28 -29 -27
f -28 -27 -26
f -26 -27 -25
f -26 -25 -24
f -24 -25 -23
f -24 -23 -22
f -22 -23 -21
f -22 -21 -20
f -20 -21 -19
f -20 -19 -18
f -18 -19 -17
f -18 -17 -16
f -16 -17 -15
f -16 -15 -14
f -14 -15 -13
f -14 -13 -12
f -12 -13 -11
f -12 -11 -10
f -10 -11 -9
f -10 -9 -8
f -8 -9 -7
f -8 -7 -6
f -6 -7 -5
f -6 -5 -4
f -4 -5 -3
f -4 -3 -2
f -2 -3 -1

o Default 
usemtl 0xFFFFFF
v 3.779 10.852 0.2
v 3.779 11.806 0.2
v 3.779 11.806 0.2
v 3.779 11.807 0.2
v 3.778 11.809 0.2
v 3.776 11.81 0.2
v 3.775 11.811 0.2
v 3.773 11.811 0.2
v 3.771 11.811 0.2
v 3.77 11.81 0.2
v 3.768 11.809 0.2
v 3.767 11.807 0.2
v 3.767 11.806 0.2
v 3.767 10.852 0.2
v 3.767 10.852 0.2
v 3.767 10.85 0.2
v 3.768 10.848 0.2
v 3.77 10.847 0.2
v 3.771 10.846 0.2
v 3.773 10.846 0.2
v 3.775 10.846 0.2
v 3.776 10.847 0.2
v 3.778 10.848 0.2
v 3.779 10.85 0.2
v 3.779 10.852 0.2
v 3.779 10.852 0.2
v 3.779 10.852 0
v 3.779 11.806 0.2
v 3.779 11.806 0
v 3.779 11.806 0.2
v 3.779 11.806 0
v 3.779 11.807 0.2
v 3.779 11.807 0
v 3.778 11.809 0.2
v 3.778 11.809 0
v 3.776 11.81 0.2
v 3.776 11.81 0
v 3.775 11.811 0.2
v 3.775 11.811 0
v 3.773 11.811 0.2
v 3.773 11.811 0
v 3.771 11.811 0.2
v 3.771 11.811 0
v 3.77 11.81 0.2
v 3.77 11.81 0
v 3.768 11.809 0.2
v 3.768 11.809 0
v 3.767 11.807 0.2
v 3.767 11.807 0
v 3.767 11.806 0.2
v 3.767 11.806 0
v 3.767 10.852 0.2
v 3.767 10.852 0
v 3.767 10.852 0.2
v 3.767 10.852 0
v 3.767 10.85 0.2
v 3.767 10.85 0
v 3.768 10.848 0.2
v 3.768 10.848 0
v 3.77 10.847 0.2
v 3.77 10.847 0
v 3.771 10.846 0.2
v 3.771 10.846 0
v 3.773 10.846 0.2
v 3.773 10.846 0
v 3.775 10.846 0.2
v 3.775 10.846 0
v 3.776 10.847 0.2
v 3.776 10.847 0
v 3.778 10.848 0.2
v 3.778 10.848 0
v 3.779 10.85 0.2
v 3.779 10.85 0
v 3.779 10.852 0.2
v 3.779 10.852 0

f -72 -71 -70
f -70 -69 -68
f -68 -67 -66
f -66 -65 -64
f -60 -59 -58
f -58 -57 -56
f -56 -55 -54
f -54 -53 -52
f -72 -70 -68
f -68 -66 -64
f -60 -58 -56
f -56 -54 -52
f -72 -68 -64
f -60 -56 -52
f -72 -64 -63
f -60 -52 -75
f -72 -63 -61
f -61 -60 -75
f -75 -73 -72
f -72 -61 -75
f -50 -49 -48
f -48 -49 -47
f -48 -47 -46
f -46 -47 -45
f -46 -45 -44
f -44 -45 -43
f -44 -43 -42
f -42 -43 -41
f -42 -41 -40
f -40 -41 -39
f -40 -39 -38
f -38 -39 -37
f -38 -37 -36
f -36 -37 -35
f -36 -35 -34
f -34 -35 -33
f -34 -33 -32
f -32 -33 -31
f -32 -31 -30
f -30 -31 -29
f -30 -29 -28
f -28 -29 -27
f -28 -27 -26
f -26 -27 -25
f -26 -25 -24
f -24 -25 -23
f -24 -23 -22
f -22 -23 -21
f -22 -21 -20
f -20 -21 -19
f -20 -19 -18
f -18 -19 -17
f -18 -17 -16
f -16 -17 -15
f -16 -15 -14
f -14 -15 -13
f -14 -13 -12
f -12 -13 -11
f -12 -11 -10
f -10 -11 -9
f -10 -9 -8
f -8 -9 -7
f -8 -7 -6
f -6 -7 -5
f -6 -5 -4
f -4 -5 -3
f -4 -3 -2
f -2 -3 -1

o Default 
usemtl 0xFFFFFF
v 4.775 11.419 0.2
v 4.775 11.806 0.2
v 4.775 11.806 0.2
v 4.775 11.807 0.2
v 4.774 11.809 0.2
v 4.772 11.81 0.2
v 4.771 11.811 0.2
v 4.769 11.811 0.2
v 4.767 11.811 0.2
v 4.766 11.81 0.2
v 4.764 11.809 0.2
v 4.763 11.807 0.2
v 4.763 11.806 0.2
v 4.763 11.419 0.2
v 4.763 11.419 0.2
v 4.763 11.417 0.2
v 4.764 11.415 0.2
v 4.766 11.414 0.2
v 4.767 11.413 0.2
v 4.769 11.413 0.2
v 4.771 11.413 0.2
v 4.772 11.414 0.2
v 4.774 11.415 0.2
v 4.775 11.417 0.2
v 4.775 11.419 0.2
v 4.775 11.419 0.2
v 4.775 11.419 0
v 4.775 11.806 0.2
v 4.775 11.806 0
v 4.775 11.806 0.2
v 4.775 11.806 0
v 4.775 11.807 0.2
v 4.775 11.807 0
v 4.774 11.809 0.2
v 4.774 11.809 0
v 4.772 11.81 0.2
v 4.772 11.81 0
v 4.771 11.811 0.2
v 4.771 11.811 0
v 4.769 11.811 0.2
v 4.769 11.811 0
v 4.767 11.811 0.2
v 4.767 11.811 0
v 4.766 11.81 0.2
v 4.766 11.81 0
v 4.764 11.809 0.2
v 4.764 11.809 0
v 4.763 11.807 0.2
v 4.763 11.807 0
v 4.763 11.806 0.2
v 4.763 11.806 0
v 4.763 11.419 0.2
v 4.763 11.419 0
v 4.763 11.419 0.2
v 4.763 11.419 0
v 4.763 11.417 0.2
v 4.763 11.417 0
v 4.764 11.415 0.2
v 4.764 11.415 0
v 4.766 11.414 0.2
v 4.766 11.414 0
v 4.767 11.413 0.2
v 4.767 11.413 0
v 4.769 11.413 0.2
v 4.769 11.413 0
v 4.771 11.413 0.2
v 4.771 11.413 0
v 4.772 11.414 0.2
v 4.772 11.414 0
v 4.774 11.415 0.2
v 4.774 11.415 0
v 4.775 11.417 0.2
v 4.775 11.417 0
v 4.775 11.419 0.2
v 4.775 11.419 0

f -72 -71 -70
f -70 -69 -68
f -68 -67 -66
f -66 -65 -64
f -60 -59 -58
f -58 -57 -56
f -56 -55 -54
f -54 -53 -52
f -72 -70 -68
f -68 -66 -64
f -60 -58 -56
f -56 -54 -52
f -72 -68 -64
f -60 -56 -52
f -72 -64 -63
f -60 -52 -75
f -72 -63 -61
f -61 -60 -75
f -75 -73 -72
f -72 -61 -75
f -50 -49 -48
f -48 -49 -47
f -48 -47 -46
f -46 -47 -45
f -46 -45 -44
f -44 -45 -43
f -44 -43 -42
f -42 -43 -41
f -42 -41 -40
f -40 -41 -39
f -40 -39 -38
f -38 -39 -37
f -38 -37 -36
f -36 -37 -35
f -36 -35 -34
f -34 -35 -33
f -34 -33 -32
f -32 -33 -31
f -32 -31 -30
f -30 -31 -29
f -30 -29 -28
f -28 -29 -27
f -28 -27 -26
f -26 -27 -25
f -26 -25 -24
f -24 -25 -23
f -24 -23 -22
f -22 -23 -21
f -22 -21 -20
f -20 -21 -19
f -20 -19 -18
f -18 -19 -17
f -18 -17 -16
f -16 -17 -15
f -16 -15 -14
f -14 -15 -13
f -14 -13 -12
f -12 -13 -11
f -12 -11 -10
f -10 -11 -9
f -10 -9 -8
f -8 -9 -7
f -8 -7 -6
f -6 -7 -5
f -6 -5 -4
f -4 -5 -3
f -4 -3 -2
f -2 -3 -1

o Default 
usemtl 0xFFFFFF
v -6.091 10.207 0.2
v -5.524 10.207 0.2
v -5.524 10.207 0.2
v -5.522 10.207 0.2
v -5.521 10.208 0.2
v -5.519 10.209 0.2
v -5.519 10.211 0.2
v -5.519 10.213 0.2
v -5.519 10.214 0.2
v -5.519 10.216 0.2
v -5.521 10.217 0.2
v -5.522 10.218 0.2
v -5.524 10.219 0.2
v -6.091 10.219 0.2
v -6.091 10.219 0.2
v -6.093 10.218 0.2
v -6.094 10.217 0.2
v -6.096 10.216 0.2
v -6.096 10.214 0.2
v -6.096 10.213 0.2
v -6.096 10.211 0.2
v -6.096 10.209 0.2
v -6.094 10.208 0.2
v -6.093 10.207 0.2
v -6.091 10.207 0.2
v -6.091 10.207 0.2
v -6.091 10.207 0
v -5.524 10.207 0.2
v -5.524 10.207 0
v -5.524 10.207 0.2
v -5.524 10.207 0
v -5.522 10.207 0.2
v -5.522 10.207 0
v -5.521 10.208 0.2
v -5.521 10.208 0
v -5.519 10.209 0.2
v -5.519 10.209 0
v -5.519 10.211 0.2
v -5.519 10.211 0
v -5.519 10.213 0.2
v -5.519 10.213 0
v -5.519 10.214 0.2
v -5.519 10.214 0
v -5.519 10.216 0.2
v -5.519 10.216 0
v -5.521 10.217 0.2
v -5.521 10.217 0
v -5.522 10.218 0.2
v -5.522 10.218 0
v -5.524 10.219 0.2
v -5.524 10.219 0
v -6.091 10.219 0.2
v -6.091 10.219 0
v -6.091 10.219 0.2
v -6.091 10.219 0
v -6.093 10.218 0.2
v -6.093 10.218 0
v -6.094 10.217 0.2
v -6.094 10.217 0
v -6.096 10.216 0.2
v -6.096 10.216 0
v -6.096 10.214 0.2
v -6.096 10.214 0
v -6.096 10.213 0.2
v -6.096 10.213 0
v -6.096 10.211 0.2
v -6.096 10.211 0
v -6.096 10.209 0.2
v -6.096 10.209 0
v -6.094 10.208 0.2
v -6.094 10.208 0
v -6.093 10.207 0.2
v -6.093 10.207 0
v -6.091 10.207 0.2
v -6.091 10.207 0

f -72 -71 -70
f -70 -69 -68
f -68 -67 -66
f -66 -65 -64
f -60 -59 -58
f -58 -57 -56
f -56 -55 -54
f -54 -53 -52
f -72 -70 -68
f -68 -66 -64
f -60 -58 -56
f -56 -54 -52
f -72 -68 -64
f -60 -56 -52
f -72 -64 -63
f -60 -52 -75
f -72 -63 -61
f -61 -60 -75
f -75 -73 -72
f -72 -61 -75
f -50 -49 -48
f -48 -49 -47
f -48 -47 -46
f -46 -47 -45
f -46 -45 -44
f -44 -45 -43
f -44 -43 -42
f -42 -43 -41
f -42 -41 -40
f -40 -41 -39
f -40 -39 -38
f -38 -39 -37
f -38 -37 -36
f -36 -37 -35
f -36 -35 -34
f -34 -35 -33
f -34 -33 -32
f -32 -33 -31
f -32 -31 -30
f -30 -31 -29
f -30 -29 -28
f -28 -29 -27
f -28 -27 -26
f -26 -27 -25
f -26 -25 -24
f -24 -25 -23
f -24 -23 -22
f -22 -23 -21
f -22 -21 -20
f -20 -21 -19
f -20 -19 -18
f -18 -19 -17
f -18 -17 -16
f -16 -17 -15
f -16 -15 -14
f -14 -15 -13
f -14 -13 -12
f -12 -13 -11
f -12 -11 -10
f -10 -11 -9
f -10 -9 -8
f -8 -9 -7
f -8 -7 -6
f -6 -7 -5
f -6 -5 -4
f -4 -5 -3
f -4 -3 -2
f -2 -3 -1

o Default 
usemtl 0xFFFFFF
v -6.097 11.203 0.2
v -5.521 11.203 0.2
v -5.521 11.203 0.2
v -5.519 11.203 0.2
v -5.518 11.204 0.2
v -5.516 11.205 0.2
v -5.516 11.207 0.2
v -5.516 11.209 0.2
v -5.516 11.21 0.2
v -5.516 11.212 0.2
v -5.518 11.213 0.2
v -5.519 11.214 0.2
v -5.521 11.215 0.2
v -6.097 11.215 0.2
v -6.097 11.215 0.2
v -6.099 11.214 0.2
v -6.1 11.213 0.2
v -6.102 11.212 0.2
v -6.102 11.21 0.2
v -6.102 11.209 0.2
v -6.102 11.207 0.2
v -6.102 11.205 0.2
v -6.1 11.204 0.2
v -6.099 11.203 0.2
v -6.097 11.203 0.2
v -6.097 11.203 0.2
v -6.097 11.203 0
v -5.521 11.203 0.2
v -5.521 11.203 0
v -5.521 11.203 0.2
v -5.521 11.203 0
v -5.519 11.203 0.2
v -5.519 11.203 0
v -5.518 11.204 0.2
v -5.518 11.204 0
v -5.516 11.205 0.2
v -5.516 11.205 0
v -5.516 11.207 0.2
v -5.516 11.207 0
v -5.516 11.209 0.2
v -5.516 11.209 0
v -5.516 11.21 0.2
v -5.516 11.21 0
v -5.516 11.212 0.2
v -5.516 11.212 0
v -5.518 11.213 0.2
v -5.518 11.213 0
v -5.519 11.214 0.2
v -5.519 11.214 0
v -5.521 11.215 0.2
v -5.521 11.215 0
v -6.097 11.215 0.2
v -6.097 11.215 0
v -6.097 11.215 0.2
v -6.097 11.215 0
v -6.099 11.214 0.2
v -6.099 11.214 0
v -6.1 11.213 0.2
v -6.1 11.213 0
v -6.102 11.212 0.2
v -6.102 11.212 0
v -6.102 11.21 0.2
v -6.102 11.21 0
v -6.102 11.209 0.2
v -6.102 11.209 0
v -6.102 11.207 0.2
v -6.102 11.207 0
v -6.102 11.205 0.2
v -6.102 11.205 0
v -6.1 11.204 0.2
v -6.1 11.204 0
v -6.099 11.203 0.2
v -6.099 11.203 0
v -6.097 11.203 0.2
v -6.097 11.203 0

f -72 -71 -70
f -70 -69 -68
f -68 -67 -66
f -66 -65 -64
f -60 -59 -58
f -58 -57 -56
f -56 -55 -54
f -54 -53 -52
f -72 -70 -68
f -68 -66 -64
f -60 -58 -56
f -56 -54 -52
f -72 -68 -64
f -60 -56 -52
f -72 -64 -63
f -60 -52 -75
f -72 -63 -61
f -61 -60 -75
f -75 -73 -72
f -72 -61 -75
f -50 -49 -48
f -48 -49 -47
f -48 -47 -46
f -46 -47 -45
f -46 -45 -44
f -44 -45 -43
f -44 -43 -42
f -42 -43 -41
f -42 -41 -40
f -40 -41 -39
f -40 -39 -38
f -38 -39 -37
f -38 -37 -36
f -36 -37 -35
f -36 -35 -34
f -34 -35 -33
f -34 -33 -32
f -32 -33 -31
f -32 -31 -30
f -30 -31 -29
f -30 -29 -28
f -28 -29 -27
f -28 -27 -26
f -26 -27 -25
f -26 -25 -24
f -24 -25 -23
f -24 -23 -22
f -22 -23 -21
f -22 -21 -20
f -20 -21 -19
f -20 -19 -18
f -18 -19 -17
f -18 -17 -16
f -16 -17 -15
f -16 -15 -14
f -14 -15 -13
f -14 -13 -12
f -12 -13 -11
f -12 -11 -10
f -10 -11 -9
f -10 -9 -8
f -8 -9 -7
f -8 -7 -6
f -6 -7 -5
f -6 -5 -4
f -4 -5 -3
f -4 -3 -2
f -2 -3 -1

o Default 
usemtl 0xFFFFFF
v -5.518 10.213 0.2
v -5.518 11.017 0.2
v -5.518 11.017 0.2
v -5.518 11.018 0.2
v -5.519 11.02 0.2
v -5.521 11.021 0.2
v -5.522 11.022 0.2
v -5.524 11.022 0.2
v -5.526 11.022 0.2
v -5.527 11.021 0.2
v -5.529 11.02 0.2
v -5.53 11.018 0.2
v -5.53 11.017 0.2
v -5.53 10.213 0.2
v -5.53 10.213 0.2
v -5.53 10.211 0.2
v -5.529 10.209 0.2
v -5.527 10.208 0.2
v -5.526 10.207 0.2
v -5.524 10.207 0.2
v -5.522 10.207 0.2
v -5.521 10.208 0.2
v -5.519 10.209 0.2
v -5.518 10.211 0.2
v -5.518 10.213 0.2
v -5.518 10.213 0.2
v -5.518 10.213 0
v -5.518 11.017 0.2
v -5.518 11.017 0
v -5.518 11.017 0.2
v -5.518 11.017 0
v -5.518 11.018 0.2
v -5.518 11.018 0
v -5.519 11.02 0.2
v -5.519 11.02 0
v -5.521 11.021 0.2
v -5.521 11.021 0
v -5.522 11.022 0.2
v -5.522 11.022 0
v -5.524 11.022 0.2
v -5.524 11.022 0
v -5.526 11.022 0.2
v -5.526 11.022 0
v -5.527 11.021 0.2
v -5.527 11.021 0
v -5.529 11.02 0.2
v -5.529 11.02 0
v -5.53 11.018 0.2
v -5.53 11.018 0
v -5.53 11.017 0.2
v -5.53 11.017 0
v -5.53 10.213 0.2
v -5.53 10.213 0
v -5.53 10.213 0.2
v -5.53 10.213 0
v -5.53 10.211 0.2
v -5.53 10.211 0
v -5.529 10.209 0.2
v -5.529 10.209 0
v -5.527 10.208 0.2
v -5.527 10.208 0
v -5.526 10.207 0.2
v -5.526 10.207 0
v -5.524 10.207 0.2
v -5.524 10.207 0
v -5.522 10.207 0.2
v -5.522 10.207 0
v -5.521 10.208 0.2
v -5.521 10.208 0
v -5.519 10.209 0.2
v -5.519 10.209 0
v -5.518 10.211 0.2
v -5.518 10.211 0
v -5.518 10.213 0.2
v -5.518 10.213 0

f -72 -71 -70
f -70 -69 -68
f -68 -67 -66
f -66 -65 -64
f -60 -59 -58
f -58 -57 -56
f -56 -55 -54
f -54 -53 -52
f -72 -70 -68
f -68 -66 -64
f -60 -58 -56
f -56 -54 -52
f -72 -68 -64
f -60 -56 -52
f -72 -64 -63
f -60 -52 -75
f -72 -63 -61
f -61 -60 -75
f -75 -73 -72
f -72 -61 -75
f -50 -49 -48
f -48 -49 -47
f -48 -47 -46
f -46 -47 -45
f -46 -45 -44
f -44 -45 -43
f -44 -43 -42
f -42 -43 -41
f -42 -41 -40
f -40 -41 -39
f -40 -39 -38
f -38 -39 -37
f -38 -37 -36
f -36 -37 -35
f -36 -35 -34
f -34 -35 -33
f -34 -33 -32
f -32 -33 -31
f -32 -31 -30
f -30 -31 -29
f -30 -29 -28
f -28 -29 -27
f -28 -27 -26
f -26 -27 -25
f -26 -25 -24
f -24 -25 -23
f -24 -23 -22
f -22 -23 -21
f -22 -21 -20
f -20 -21 -19
f -20 -19 -18
f -18 -19 -17
f -18 -17 -16
f -16 -17 -15
f -16 -15 -14
f -14 -15 -13
f -14 -13 -12
f -12 -13 -11
f -12 -11 -10
f -10 -11 -9
f -10 -9 -8
f -8 -9 -7
f -8 -7 -6
f -6 -7 -5
f -6 -5 -4
f -4 -5 -3
f -4 -3 -2
f -2 -3 -1

o Default 
usemtl 0xFFFFFF
v -6.095 11.203 0.2
v -4.331 11.887 0.2
v -4.331 11.887 0.2
v -4.329 11.888 0.2
v -4.328 11.889 0.2
v -4.327 11.891 0.2
v -4.327 11.893 0.2
v -4.328 11.894 0.2
v -4.329 11.896 0.2
v -4.33 11.897 0.2
v -4.331 11.898 0.2
v -4.333 11.898 0.2
v -4.335 11.898 0.2
v -6.099 11.214 0.2
v -6.099 11.214 0.2
v -6.101 11.213 0.2
v -6.102 11.212 0.2
v -6.102 11.21 0.2
v -6.102 11.208 0.2
v -6.102 11.207 0.2
v -6.101 11.205 0.2
v -6.1 11.204 0.2
v -6.098 11.203 0.2
v -6.097 11.203 0.2
v -6.095 11.203 0.2
v -6.095 11.203 0.2
v -6.095 11.203 0
v -4.331 11.887 0.2
v -4.331 11.887 0
v -4.331 11.887 0.2
v -4.331 11.887 0
v -4.329 11.888 0.2
v -4.329 11.888 0
v -4.328 11.889 0.2
v -4.328 11.889 0
v -4.327 11.891 0.2
v -4.327 11.891 0
v -4.327 11.893 0.2
v -4.327 11.893 0
v -4.328 11.894 0.2
v -4.328 11.894 0
v -4.329 11.896 0.2
v -4.329 11.896 0
v -4.33 11.897 0.2
v -4.33 11.897 0
v -4.331 11.898 0.2
v -4.331 11.898 0
v -4.333 11.898 0.2
v -4.333 11.898 0
v -4.335 11.898 0.2
v -4.335 11.898 0
v -6.099 11.214 0.2
v -6.099 11.214 0
v -6.099 11.214 0.2
v -6.099 11.214 0
v -6.101 11.213 0.2
v -6.101 11.213 0
v -6.102 11.212 0.2
v -6.102 11.212 0
v -6.102 11.21 0.2
v -6.102 11.21 0
v -6.102 11.208 0.2
v -6.102 11.208 0
v -6.102 11.207 0.2
v -6.102 11.207 0
v -6.101 11.205 0.2
v -6.101 11.205 0
v -6.1 11.204 0.2
v -6.1 11.204 0
v -6.098 11.203 0.2
v -6.098 11.203 0
v -6.097 11.203 0.2
v -6.097 11.203 0
v -6.095 11.203 0.2
v -6.095 11.203 0

f -72 -71 -70
f -70 -69 -68
f -68 -67 -66
f -66 -65 -64
f -60 -59 -58
f -58 -57 -56
f -56 -55 -54
f -54 -53 -52
f -72 -70 -68
f -68 -66 -64
f -60 -58 -56
f -56 -54 -52
f -72 -68 -64
f -60 -56 -52
f -72 -64 -63
f -60 -52 -75
f -72 -63 -61
f -61 -60 -75
f -75 -73 -72
f -72 -61 -75
f -50 -49 -48
f -48 -49 -47
f -48 -47 -46
f -46 -47 -45
f -46 -45 -44
f -44 -45 -43
f -44 -43 -42
f -42 -43 -41
f -42 -41 -40
f -40 -41 -39
f -40 -39 -38
f -38 -39 -37
f -38 -37 -36
f -36 -37 -35
f -36 -35 -34
f -34 -35 -33
f -34 -33 -32
f -32 -33 -31
f -32 -31 -30
f -30 -31 -29
f -30 -29 -28
f -28 -29 -27
f -28 -27 -26
f -26 -27 -25
f -26 -25 -24
f -24 -25 -23
f -24 -23 -22
f -22 -23 -21
f -22 -21 -20
f -20 -21 -19
f -20 -19 -18
f -18 -19 -17
f -18 -17 -16
f -16 -17 -15
f -16 -15 -14
f -14 -15 -13
f -14 -13 -12
f -12 -13 -11
f -12 -11 -10
f -10 -11 -9
f -10 -9 -8
f -8 -9 -7
f -8 -7 -6
f -6 -7 -5
f -6 -5 -4
f -4 -5 -3
f -4 -3 -2
f -2 -3 -1

o Default 
usemtl 0xFFFFFF
v -2.44 11.8 0.2
v 4.769 11.8 0.2
v 4.769 11.8 0.2
v 4.771 11.8 0.2
v 4.772 11.801 0.2
v 4.774 11.802 0.2
v 4.774 11.804 0.2
v 4.774 11.806 0.2
v 4.774 11.807 0.2
v 4.774 11.809 0.2
v 4.772 11.81 0.2
v 4.771 11.811 0.2
v 4.769 11.812 0.2
v -2.44 11.812 0.2
v -2.44 11.812 0.2
v -2.442 11.811 0.2
v -2.443 11.81 0.2
v -2.445 11.809 0.2
v -2.445 11.807 0.2
v -2.445 11.806 0.2
v -2.445 11.804 0.2
v -2.445 11.802 0.2
v -2.443 11.801 0.2
v -2.442 11.8 0.2
v -2.44 11.8 0.2
v -2.44 11.8 0.2
v -2.44 11.8 0
v 4.769 11.8 0.2
v 4.769 11.8 0
v 4.769 11.8 0.2
v 4.769 11.8 0
v 4.771 11.8 0.2
v 4.771 11.8 0
v 4.772 11.801 0.2
v 4.772 11.801 0
v 4.774 11.802 0.2
v 4.774 11.802 0
v 4.774 11.804 0.2
v 4.774 11.804 0
v 4.774 11.806 0.2
v 4.774 11.806 0
v 4.774 11.807 0.2
v 4.774 11.807 0
v 4.774 11.809 0.2
v 4.774 11.809 0
v 4.772 11.81 0.2
v 4.772 11.81 0
v 4.771 11.811 0.2
v 4.771 11.811 0
v 4.769 11.812 0.2
v 4.769 11.812 0
v -2.44 11.812 0.2
v -2.44 11.812 0
v -2.44 11.812 0.2
v -2.44 11.812 0
v -2.442 11.811 0.2
v -2.442 11.811 0
v -2.443 11.81 0.2
v -2.443 11.81 0
v -2.445 11.809 0.2
v -2.445 11.809 0
v -2.445 11.807 0.2
v -2.445 11.807 0
v -2.445 11.806 0.2
v -2.445 11.806 0
v -2.445 11.804 0.2
v -2.445 11.804 0
v -2.445 11.802 0.2
v -2.445 11.802 0
v -2.443 11.801 0.2
v -2.443 11.801 0
v -2.442 11.8 0.2
v -2.442 11.8 0
v -2.44 11.8 0.2
v -2.44 11.8 0

f -72 -71 -70
f -70 -69 -68
f -68 -67 -66
f -66 -65 -64
f -60 -59 -58
f -58 -57 -56
f -56 -55 -54
f -54 -53 -52
f -72 -70 -68
f -68 -66 -64
f -60 -58 -56
f -56 -54 -52
f -72 -68 -64
f -60 -56 -52
f -72 -64 -63
f -60 -52 -75
f -72 -63 -61
f -61 -60 -75
f -75 -73 -72
f -72 -61 -75
f -50 -49 -48
f -48 -49 -47
f -48 -47 -46
f -46 -47 -45
f -46 -45 -44
f -44 -45 -43
f -44 -43 -42
f -42 -43 -41
f -42 -41 -40
f -40 -41 -39
f -40 -39 -38
f -38 -39 -37
f -38 -37 -36
f -36 -37 -35
f -36 -35 -34
f -34 -35 -33
f -34 -33 -32
f -32 -33 -31
f -32 -31 -30
f -30 -31 -29
f -30 -29 -28
f -28 -29 -27
f -28 -27 -26
f -26 -27 -25
f -26 -25 -24
f -24 -25 -23
f -24 -23 -22
f -22 -23 -21
f -22 -21 -20
f -20 -21 -19
f -20 -19 -18
f -18 -19 -17
f -18 -17 -16
f -16 -17 -15
f -16 -15 -14
f -14 -15 -13
f -14 -13 -12
f -12 -13 -11
f -12 -11 -10
f -10 -11 -9
f -10 -9 -8
f -8 -9 -7
f -8 -7 -6
f -6 -7 -5
f -6 -5 -4
f -4 -5 -3
f -4 -3 -2
f -2 -3 -1

o Default 
usemtl 0xFFFFFF
v 4.768 11.8 0.2
v 6.883 11.302 0.2
v 6.883 11.302 0.2
v 6.885 11.302 0.2
v 6.886 11.302 0.2
v 6.888 11.303 0.2
v 6.889 11.305 0.2
v 6.889 11.306 0.2
v 6.89 11.308 0.2
v 6.889 11.31 0.2
v 6.889 11.312 0.2
v 6.887 11.313 0.2
v 6.885 11.314 0.2
v 4.77 11.811 0.2
v 4.77 11.811 0.2
v 4.768 11.811 0.2
v 4.767 11.811 0.2
v 4.765 11.81 0.2
v 4.764 11.808 0.2
v 4.764 11.807 0.2
v 4.764 11.805 0.2
v 4.764 11.803 0.2
v 4.765 11.802 0.2
v 4.766 11.8 0.2
v 4.768 11.8 0.2
v 4.768 11.8 0.2
v 4.768 11.8 0
v 6.883 11.302 0.2
v 6.883 11.302 0
v 6.883 11.302 0.2
v 6.883 11.302 0
v 6.885 11.302 0.2
v 6.885 11.302 0
v 6.886 11.302 0.2
v 6.886 11.302 0
v 6.888 11.303 0.2
v 6.888 11.303 0
v 6.889 11.305 0.2
v 6.889 11.305 0
v 6.889 11.306 0.2
v 6.889 11.306 0
v 6.89 11.308 0.2
v 6.89 11.308 0
v 6.889 11.31 0.2
v 6.889 11.31 0
v 6.889 11.312 0.2
v 6.889 11.312 0
v 6.887 11.313 0.2
v 6.887 11.313 0
v 6.885 11.314 0.2
v 6.885 11.314 0
v 4.77 11.811 0.2
v 4.77 11.811 0
v 4.77 11.811 0.2
v 4.77 11.811 0
v 4.768 11.811 0.2
v 4.768 11.811 0
v 4.767 11.811 0.2
v 4.767 11.811 0
v 4.765 11.81 0.2
v 4.765 11.81 0
v 4.764 11.808 0.2
v 4.764 11.808 0
v 4.764 11.807 0.2
v 4.764 11.807 0
v 4.764 11.805 0.2
v 4.764 11.805 0
v 4.764 11.803 0.2
v 4.764 11.803 0
v 4.765 11.802 0.2
v 4.765 11.802 0
v 4.766 11.8 0.2
v 4.766 11.8 0
v 4.768 11.8 0.2
v 4.768 11.8 0

f -72 -71 -70
f -70 -69 -68
f -68 -67 -66
f -66 -65 -64
f -60 -59 -58
f -58 -57 -56
f -56 -55 -54
f -54 -53 -52
f -72 -70 -68
f -68 -66 -64
f -60 -58 -56
f -56 -54 -52
f -72 -68 -64
f -60 -56 -52
f -72 -64 -63
f -60 -52 -75
f -72 -63 -61
f -61 -60 -75
f -75 -73 -72
f -72 -61 -75
f -50 -49 -48
f -48 -49 -47
f -48 -47 -46
f -46 -47 -45
f -46 -45 -44
f -44 -45 -43
f -44 -43 -42
f -42 -43 -41
f -42 -41 -40
f -40 -41 -39
f -40 -39 -38
f -38 -39 -37
f -38 -37 -36
f -36 -37 -35
f -36 -35 -34
f -34 -35 -33
f -34 -33 -32
f -32 -33 -31
f -32 -31 -30
f -30 -31 -29
f -30 -29 -28
f -28 -29 -27
f -28 -27 -26
f -26 -27 -25
f -26 -25 -24
f -24 -25 -23
f -24 -23 -22
f -22 -23 -21
f -22 -21 -20
f -20 -21 -19
f -20 -19 -18
f -18 -19 -17
f -18 -17 -16
f -16 -17 -15
f -16 -15 -14
f -14 -15 -13
f -14 -13 -12
f -12 -13 -11
f -12 -11 -10
f -10 -11 -9
f -10 -9 -8
f -8 -9 -7
f -8 -7 -6
f -6 -7 -5
f -6 -5 -4
f -4 -5 -3
f -4 -3 -2
f -2 -3 -1

o Default 
usemtl 0xFFFFFF
v 6.878 11.305 0.2
v 6.878 -4.142 0.2
v 6.878 -4.142 0.2
v 6.878 -4.144 0.2
v 6.879 -4.146 0.2
v 6.881 -4.147 0.2
v 6.882 -4.148 0.2
v 6.884 -4.148 0.2
v 6.886 -4.148 0.2
v 6.887 -4.147 0.2
v 6.889 -4.146 0.2
v 6.89 -4.144 0.2
v 6.89 -4.142 0.2
v 6.89 11.305 0.2
v 6.89 11.305 0.2
v 6.89 11.306 0.2
v 6.889 11.308 0.2
v 6.887 11.309 0.2
v 6.886 11.31 0.2
v 6.884 11.31 0.2
v 6.882 11.31 0.2
v 6.881 11.309 0.2
v 6.879 11.308 0.2
v 6.878 11.306 0.2
v 6.878 11.305 0.2
v 6.878 11.305 0.2
v 6.878 11.305 0
v 6.878 -4.142 0.2
v 6.878 -4.142 0
v 6.878 -4.142 0.2
v 6.878 -4.142 0
v 6.878 -4.144 0.2
v 6.878 -4.144 0
v 6.879 -4.146 0.2
v 6.879 -4.146 0
v 6.881 -4.147 0.2
v 6.881 -4.147 0
v 6.882 -4.148 0.2
v 6.882 -4.148 0
v 6.884 -4.148 0.2
v 6.884 -4.148 0
v 6.886 -4.148 0.2
v 6.886 -4.148 0
v 6.887 -4.147 0.2
v 6.887 -4.147 0
v 6.889 -4.146 0.2
v 6.889 -4.146 0
v 6.89 -4.144 0.2
v 6.89 -4.144 0
v 6.89 -4.142 0.2
v 6.89 -4.142 0
v 6.89 11.305 0.2
v 6.89 11.305 0
v 6.89 11.305 0.2
v 6.89 11.305 0
v 6.89 11.306 0.2
v 6.89 11.306 0
v 6.889 11.308 0.2
v 6.889 11.308 0
v 6.887 11.309 0.2
v 6.887 11.309 0
v 6.886 11.31 0.2
v 6.886 11.31 0
v 6.884 11.31 0.2
v 6.884 11.31 0
v 6.882 11.31 0.2
v 6.882 11.31 0
v 6.881 11.309 0.2
v 6.881 11.309 0
v 6.879 11.308 0.2
v 6.879 11.308 0
v 6.878 11.306 0.2
v 6.878 11.306 0
v 6.878 11.305 0.2
v 6.878 11.305 0

f -72 -71 -70
f -70 -69 -68
f -68 -67 -66
f -66 -65 -64
f -60 -59 -58
f -58 -57 -56
f -56 -55 -54
f -54 -53 -52
f -72 -70 -68
f -68 -66 -64
f -60 -58 -56
f -56 -54 -52
f -72 -68 -64
f -60 -56 -52
f -72 -64 -63
f -60 -52 -75
f -72 -63 -61
f -61 -60 -75
f -75 -73 -72
f -72 -61 -75
f -50 -49 -48
f -48 -49 -47
f -48 -47 -46
f -46 -47 -45
f -46 -45 -44
f -44 -45 -43
f -44 -43 -42
f -42 -43 -41
f -42 -41 -40
f -40 -41 -39
f -40 -39 -38
f -38 -39 -37
f -38 -37 -36
f -36 -37 -35
f -36 -35 -34
f -34 -35 -33
f -34 -33 -32
f -32 -33 -31
f -32 -31 -30
f -30 -31 -29
f -30 -29 -28
f -28 -29 -27
f -28 -27 -26
f -26 -27 -25
f -26 -25 -24
f -24 -25 -23
f -24 -23 -22
f -22 -23 -21
f -22 -21 -20
f -20 -21 -19
f -20 -19 -18
f -18 -19 -17
f -18 -17 -16
f -16 -17 -15
f -16 -15 -14
f -14 -15 -13
f -14 -13 -12
f -12 -13 -11
f -12 -11 -10
f -10 -11 -9
f -10 -9 -8
f -8 -9 -7
f -8 -7 -6
f -6 -7 -5
f -6 -5 -4
f -4 -5 -3
f -4 -3 -2
f -2 -3 -1

o Default 
usemtl 0xFFFFFF
v -6.094 -4.142 0.2
v -6.091 11.209 0.2
v -6.091 11.209 0.2
v -6.091 11.21 0.2
v -6.092 11.212 0.2
v -6.094 11.213 0.2
v -6.095 11.214 0.2
v -6.097 11.214 0.2
v -6.099 11.214 0.2
v -6.1 11.213 0.2
v -6.102 11.212 0.2
v -6.103 11.21 0.2
v -6.103 11.209 0.2
v -6.106 -4.142 0.2
v -6.106 -4.142 0.2
v -6.106 -4.144 0.2
v -6.105 -4.146 0.2
v -6.103 -4.147 0.2
v -6.102 -4.148 0.2
v -6.1 -4.148 0.2
v -6.098 -4.148 0.2
v -6.097 -4.147 0.2
v -6.095 -4.146 0.2
v -6.094 -4.144 0.2
v -6.094 -4.142 0.2
v -6.094 -4.142 0.2
v -6.094 -4.142 0
v -6.091 11.209 0.2
v -6.091 11.209 0
v -6.091 11.209 0.2
v -6.091 11.209 0
v -6.091 11.21 0.2
v -6.091 11.21 0
v -6.092 11.212 0.2
v -6.092 11.212 0
v -6.094 11.213 0.2
v -6.094 11.213 0
v -6.095 11.214 0.2
v -6.095 11.214 0
v -6.097 11.214 0.2
v -6.097 11.214 0
v -6.099 11.214 0.2
v -6.099 11.214 0
v -6.1 11.213 0.2
v -6.1 11.213 0
v -6.102 11.212 0.2
v -6.102 11.212 0
v -6.103 11.21 0.2
v -6.103 11.21 0
v -6.103 11.209 0.2
v -6.103 11.209 0
v -6.106 -4.142 0.2
v -6.106 -4.142 0
v -6.106 -4.142 0.2
v -6.106 -4.142 0
v -6.106 -4.144 0.2
v -6.106 -4.144 0
v -6.105 -4.146 0.2
v -6.105 -4.146 0
v -6.103 -4.147 0.2
v -6.103 -4.147 0
v -6.102 -4.148 0.2
v -6.102 -4.148 0
v -6.1 -4.148 0.2
v -6.1 -4.148 0
v -6.098 -4.148 0.2
v -6.098 -4.148 0
v -6.097 -4.147 0.2
v -6.097 -4.147 0
v -6.095 -4.146 0.2
v -6.095 -4.146 0
v -6.094 -4.144 0.2
v -6.094 -4.144 0
v -6.094 -4.142 0.2
v -6.094 -4.142 0

f -72 -71 -70
f -70 -69 -68
f -68 -67 -66
f -66 -65 -64
f -60 -59 -58
f -58 -57 -56
f -56 -55 -54
f -54 -53 -52
f -72 -70 -68
f -68 -66 -64
f -60 -58 -56
f -56 -54 -52
f -72 -68 -64
f -60 -56 -52
f -72 -64 -63
f -60 -52 -75
f -72 -63 -61
f -61 -60 -75
f -75 -73 -72
f -72 -61 -75
f -50 -49 -48
f -48 -49 -47
f -48 -47 -46
f -46 -47 -45
f -46 -45 -44
f -44 -45 -43
f -44 -43 -42
f -42 -43 -41
f -42 -41 -40
f -40 -41 -39
f -40 -39 -38
f -38 -39 -37
f -38 -37 -36
f -36 -37 -35
f -36 -35 -34
f -34 -35 -33
f -34 -33 -32
f -32 -33 -31
f -32 -31 -30
f -30 -31 -29
f -30 -29 -28
f -28 -29 -27
f -28 -27 -26
f -26 -27 -25
f -26 -25 -24
f -24 -25 -23
f -24 -23 -22
f -22 -23 -21
f -22 -21 -20
f -20 -21 -19
f -20 -19 -18
f -18 -19 -17
f -18 -17 -16
f -16 -17 -15
f -16 -15 -14
f -14 -15 -13
f -14 -13 -12
f -12 -13 -11
f -12 -11 -10
f -10 -11 -9
f -10 -9 -8
f -8 -9 -7
f -8 -7 -6
f -6 -7 -5
f -6 -5 -4
f -4 -5 -3
f -4 -3 -2
f -2 -3 -1

o Default 
usemtl 0xFFFFFF
v -6.091 -2.302 0.2
v -5.533 -2.302 0.2
v -5.533 -2.302 0.2
v -5.529 -2.301 0.2
v -5.526 -2.299 0.2
v -5.524 -2.297 0.2
v -5.523 -2.293 0.2
v -5.522 -2.29 0.2
v -5.523 -2.286 0.2
v -5.524 -2.283 0.2
v -5.526 -2.28 0.2
v -5.529 -2.278 0.2
v -5.533 -2.278 0.2
v -6.091 -2.278 0.2
v -6.091 -2.278 0.2
v -6.095 -2.278 0.2
v -6.098 -2.28 0.2
v -6.1 -2.283 0.2
v -6.101 -2.286 0.2
v -6.102 -2.29 0.2
v -6.101 -2.293 0.2
v -6.1 -2.297 0.2
v -6.098 -2.299 0.2
v -6.095 -2.301 0.2
v -6.091 -2.302 0.2
v -6.091 -2.302 0.2
v -6.091 -2.302 0
v -5.533 -2.302 0.2
v -5.533 -2.302 0
v -5.533 -2.302 0.2
v -5.533 -2.302 0
v -5.529 -2.301 0.2
v -5.529 -2.301 0
v -5.526 -2.299 0.2
v -5.526 -2.299 0
v -5.524 -2.297 0.2
v -5.524 -2.297 0
v -5.523 -2.293 0.2
v -5.523 -2.293 0
v -5.522 -2.29 0.2
v -5.522 -2.29 0
v -5.523 -2.286 0.2
v -5.523 -2.286 0
v -5.524 -2.283 0.2
v -5.524 -2.283 0
v -5.526 -2.28 0.2
v -5.526 -2.28 0
v -5.529 -2.278 0.2
v -5.529 -2.278 0
v -5.533 -2.278 0.2
v -5.533 -2.278 0
v -6.091 -2.278 0.2
v -6.091 -2.278 0
v -6.091 -2.278 0.2
v -6.091 -2.278 0
v -6.095 -2.278 0.2
v -6.095 -2.278 0
v -6.098 -2.28 0.2
v -6.098 -2.28 0
v -6.1 -2.283 0.2
v -6.1 -2.283 0
v -6.101 -2.286 0.2
v -6.101 -2.286 0
v -6.102 -2.29 0.2
v -6.102 -2.29 0
v -6.101 -2.293 0.2
v -6.101 -2.293 0
v -6.1 -2.297 0.2
v -6.1 -2.297 0
v -6.098 -2.299 0.2
v -6.098 -2.299 0
v -6.095 -2.301 0.2
v -6.095 -2.301 0
v -6.091 -2.302 0.2
v -6.091 -2.302 0

f -72 -71 -70
f -70 -69 -68
f -68 -67 -66
f -66 -65 -64
f -60 -59 -58
f -58 -57 -56
f -56 -55 -54
f -54 -53 -52
f -72 -70 -68
f -68 -66 -64
f -60 -58 -56
f -56 -54 -52
f -72 -68 -64
f -60 -56 -52
f -72 -64 -63
f -60 -52 -75
f -72 -63 -61
f -61 -60 -75
f -75 -73 -72
f -72 -61 -75
f -50 -49 -48
f -48 -49 -47
f -48 -47 -46
f -46 -47 -45
f -46 -45 -44
f -44 -45 -43
f -44 -43 -42
f -42 -43 -41
f -42 -41 -40
f -40 -41 -39
f -40 -39 -38
f -38 -39 -37
f -38 -37 -36
f -36 -37 -35
f -36 -35 -34
f -34 -35 -33
f -34 -33 -32
f -32 -33 -31
f -32 -31 -30
f -30 -31 -29
f -30 -29 -28
f -28 -29 -27
f -28 -27 -26
f -26 -27 -25
f -26 -25 -24
f -24 -25 -23
f -24 -23 -22
f -22 -23 -21
f -22 -21 -20
f -20 -21 -19
f -20 -19 -18
f -18 -19 -17
f -18 -17 -16
f -16 -17 -15
f -16 -15 -14
f -14 -15 -13
f -14 -13 -12
f -12 -13 -11
f -12 -11 -10
f -10 -11 -9
f -10 -9 -8
f -8 -9 -7
f -8 -7 -6
f -6 -7 -5
f -6 -5 -4
f -4 -5 -3
f -4 -3 -2
f -2 -3 -1

o Default 
usemtl 0xFFFFFF
v -6.091 -0.49 0.2
v -5.533 -0.49 0.2
v -5.533 -0.49 0.2
v -5.529 -0.489 0.2
v -5.526 -0.487 0.2
v -5.524 -0.485 0.2
v -5.523 -0.481 0.2
v -5.522 -0.478 0.2
v -5.523 -0.474 0.2
v -5.524 -0.471 0.2
v -5.526 -0.468 0.2
v -5.529 -0.466 0.2
v -5.533 -0.466 0.2
v -6.091 -0.466 0.2
v -6.091 -0.466 0.2
v -6.095 -0.466 0.2
v -6.098 -0.468 0.2
v -6.1 -0.471 0.2
v -6.101 -0.474 0.2
v -6.102 -0.478 0.2
v -6.101 -0.481 0.2
v -6.1 -0.485 0.2
v -6.098 -0.487 0.2
v -6.095 -0.489 0.2
v -6.091 -0.49 0.2
v -6.091 -0.49 0.2
v -6.091 -0.49 0
v -5.533 -0.49 0.2
v -5.533 -0.49 0
v -5.533 -0.49 0.2
v -5.533 -0.49 0
v -5.529 -0.489 0.2
v -5.529 -0.489 0
v -5.526 -0.487 0.2
v -5.526 -0.487 0
v -5.524 -0.485 0.2
v -5.524 -0.485 0
v -5.523 -0.481 0.2
v -5.523 -0.481 0
v -5.522 -0.478 0.2
v -5.522 -0.478 0
v -5.523 -0.474 0.2
v -5.523 -0.474 0
v -5.524 -0.471 0.2
v -5.524 -0.471 0
v -5.526 -0.468 0.2
v -5.526 -0.468 0
v -5.529 -0.466 0.2
v -5.529 -0.466 0
v -5.533 -0.466 0.2
v -5.533 -0.466 0
v -6.091 -0.466 0.2
v -6.091 -0.466 0
v -6.091 -0.466 0.2
v -6.091 -0.466 0
v -6.095 -0.466 0.2
v -6.095 -0.466 0
v -6.098 -0.468 0.2
v -6.098 -0.468 0
v -6.1 -0.471 0.2
v -6.1 -0.471 0
v -6.101 -0.474 0.2
v -6.101 -0.474 0
v -6.102 -0.478 0.2
v -6.102 -0.478 0
v -6.101 -0.481 0.2
v -6.101 -0.481 0
v -6.1 -0.485 0.2
v -6.1 -0.485 0
v -6.098 -0.487 0.2
v -6.098 -0.487 0
v -6.095 -0.489 0.2
v -6.095 -0.489 0
v -6.091 -0.49 0.2
v -6.091 -0.49 0

f -72 -71 -70
f -70 -69 -68
f -68 -67 -66
f -66 -65 -64
f -60 -59 -58
f -58 -57 -56
f -56 -55 -54
f -54 -53 -52
f -72 -70 -68
f -68 -66 -64
f -60 -58 -56
f -56 -54 -52
f -72 -68 -64
f -60 -56 -52
f -72 -64 -63
f -60 -52 -75
f -72 -63 -61
f -61 -60 -75
f -75 -73 -72
f -72 -61 -75
f -50 -49 -48
f -48 -49 -47
f -48 -47 -46
f -46 -47 -45
f -46 -45 -44
f -44 -45 -43
f -44 -43 -42
f -42 -43 -41
f -42 -41 -40
f -40 -41 -39
f -40 -39 -38
f -38 -39 -37
f -38 -37 -36
f -36 -37 -35
f -36 -35 -34
f -34 -35 -33
f -34 -33 -32
f -32 -33 -31
f -32 -31 -30
f -30 -31 -29
f -30 -29 -28
f -28 -29 -27
f -28 -27 -26
f -26 -27 -25
f -26 -25 -24
f -24 -25 -23
f -24 -23 -22
f -22 -23 -21
f -22 -21 -20
f -20 -21 -19
f -20 -19 -18
f -18 -19 -17
f -18 -17 -16
f -16 -17 -15
f -16 -15 -14
f -14 -15 -13
f -14 -13 -12
f -12 -13 -11
f -12 -11 -10
f -10 -11 -9
f -10 -9 -8
f -8 -9 -7
f -8 -7 -6
f -6 -7 -5
f -6 -5 -4
f -4 -5 -3
f -4 -3 -2
f -2 -3 -1

o Default 
usemtl 0xFFFFFF
v -6.091 1.319 0.2
v -5.533 1.319 0.2
v -5.533 1.319 0.2
v -5.529 1.32 0.2
v -5.526 1.322 0.2
v -5.524 1.324 0.2
v -5.523 1.328 0.2
v -5.522 1.331 0.2
v -5.523 1.335 0.2
v -5.524 1.338 0.2
v -5.526 1.341 0.2
v -5.529 1.343 0.2
v -5.533 1.343 0.2
v -6.091 1.343 0.2
v -6.091 1.343 0.2
v -6.095 1.343 0.2
v -6.098 1.341 0.2
v -6.1 1.338 0.2
v -6.101 1.335 0.2
v -6.102 1.331 0.2
v -6.101 1.328 0.2
v -6.1 1.324 0.2
v -6.098 1.322 0.2
v -6.095 1.32 0.2
v -6.091 1.319 0.2
v -6.091 1.319 0.2
v -6.091 1.319 0
v -5.533 1.319 0.2
v -5.533 1.319 0
v -5.533 1.319 0.2
v -5.533 1.319 0
v -5.529 1.32 0.2
v -5.529 1.32 0
v -5.526 1.322 0.2
v -5.526 1.322 0
v -5.524 1.324 0.2
v -5.524 1.324 0
v -5.523 1.328 0.2
v -5.523 1.328 0
v -5.522 1.331 0.2
v -5.522 1.331 0
v -5.523 1.335 0.2
v -5.523 1.335 0
v -5.524 1.338 0.2
v -5.524 1.338 0
v -5.526 1.341 0.2
v -5.526 1.341 0
v -5.529 1.343 0.2
v -5.529 1.343 0
v -5.533 1.343 0.2
v -5.533 1.343 0
v -6.091 1.343 0.2
v -6.091 1.343 0
v -6.091 1.343 0.2
v -6.091 1.343 0
v -6.095 1.343 0.2
v -6.095 1.343 0
v -6.098 1.341 0.2
v -6.098 1.341 0
v -6.1 1.338 0.2
v -6.1 1.338 0
v -6.101 1.335 0.2
v -6.101 1.335 0
v -6.102 1.331 0.2
v -6.102 1.331 0
v -6.101 1.328 0.2
v -6.101 1.328 0
v -6.1 1.324 0.2
v -6.1 1.324 0
v -6.098 1.322 0.2
v -6.098 1.322 0
v -6.095 1.32 0.2
v -6.095 1.32 0
v -6.091 1.319 0.2
v -6.091 1.319 0

f -72 -71 -70
f -70 -69 -68
f -68 -67 -66
f -66 -65 -64
f -60 -59 -58
f -58 -57 -56
f -56 -55 -54
f -54 -53 -52
f -72 -70 -68
f -68 -66 -64
f -60 -58 -56
f -56 -54 -52
f -72 -68 -64
f -60 -56 -52
f -72 -64 -63
f -60 -52 -75
f -72 -63 -61
f -61 -60 -75
f -75 -73 -72
f -72 -61 -75
f -50 -49 -48
f -48 -49 -47
f -48 -47 -46
f -46 -47 -45
f -46 -45 -44
f -44 -45 -43
f -44 -43 -42
f -42 -43 -41
f -42 -41 -40
f -40 -41 -39
f -40 -39 -38
f -38 -39 -37
f -38 -37 -36
f -36 -37 -35
f -36 -35 -34
f -34 -35 -33
f -34 -33 -32
f -32 -33 -31
f -32 -31 -30
f -30 -31 -29
f -30 -29 -28
f -28 -29 -27
f -28 -27 -26
f -26 -27 -25
f -26 -25 -24
f -24 -25 -23
f -24 -23 -22
f -22 -23 -21
f -22 -21 -20
f -20 -21 -19
f -20 -19 -18
f -18 -19 -17
f -18 -17 -16
f -16 -17 -15
f -16 -15 -14
f -14 -15 -13
f -14 -13 -12
f -12 -13 -11
f -12 -11 -10
f -10 -11 -9
f -10 -9 -8
f -8 -9 -7
f -8 -7 -6
f -6 -7 -5
f -6 -5 -4
f -4 -5 -3
f -4 -3 -2
f -2 -3 -1

o Default 
usemtl 0xFFFFFF
v -6.088 2.477 0.2
v -5.554 2.477 0.2
v -5.554 2.477 0.2
v -5.55 2.478 0.2
v -5.547 2.48 0.2
v -5.545 2.482 0.2
v -5.544 2.486 0.2
v -5.543 2.489 0.2
v -5.544 2.493 0.2
v -5.545 2.496 0.2
v -5.547 2.499 0.2
v -5.55 2.5 0.2
v -5.554 2.501 0.2
v -6.088 2.501 0.2
v -6.088 2.501 0.2
v -6.092 2.5 0.2
v -6.095 2.499 0.2
v -6.097 2.496 0.2
v -6.098 2.493 0.2
v -6.099 2.489 0.2
v -6.098 2.486 0.2
v -6.097 2.482 0.2
v -6.095 2.48 0.2
v -6.092 2.478 0.2
v -6.088 2.477 0.2
v -6.088 2.477 0.2
v -6.088 2.477 0
v -5.554 2.477 0.2
v -5.554 2.477 0
v -5.554 2.477 0.2
v -5.554 2.477 0
v -5.55 2.478 0.2
v -5.55 2.478 0
v -5.547 2.48 0.2
v -5.547 2.48 0
v -5.545 2.482 0.2
v -5.545 2.482 0
v -5.544 2.486 0.2
v -5.544 2.486 0
v -5.543 2.489 0.2
v -5.543 2.489 0
v -5.544 2.493 0.2
v -5.544 2.493 0
v -5.545 2.496 0.2
v -5.545 2.496 0
v -5.547 2.499 0.2
v -5.547 2.499 0
v -5.55 2.5 0.2
v -5.55 2.5 0
v -5.554 2.501 0.2
v -5.554 2.501 0
v -6.088 2.501 0.2
v -6.088 2.501 0
v -6.088 2.501 0.2
v -6.088 2.501 0
v -6.092 2.5 0.2
v -6.092 2.5 0
v -6.095 2.499 0.2
v -6.095 2.499 0
v -6.097 2.496 0.2
v -6.097 2.496 0
v -6.098 2.493 0.2
v -6.098 2.493 0
v -6.099 2.489 0.2
v -6.099 2.489 0
v -6.098 2.486 0.2
v -6.098 2.486 0
v -6.097 2.482 0.2
v -6.097 2.482 0
v -6.095 2.48 0.2
v -6.095 2.48 0
v -6.092 2.478 0.2
v -6.092 2.478 0
v -6.088 2.477 0.2
v -6.088 2.477 0

f -72 -71 -70
f -70 -69 -68
f -68 -67 -66
f -66 -65 -64
f -60 -59 -58
f -58 -57 -56
f -56 -55 -54
f -54 -53 -52
f -72 -70 -68
f -68 -66 -64
f -60 -58 -56
f -56 -54 -52
f -72 -68 -64
f -60 -56 -52
f -72 -64 -63
f -60 -52 -75
f -72 -63 -61
f -61 -60 -75
f -75 -73 -72
f -72 -61 -75
f -50 -49 -48
f -48 -49 -47
f -48 -47 -46
f -46 -47 -45
f -46 -45 -44
f -44 -45 -43
f -44 -43 -42
f -42 -43 -41
f -42 -41 -40
f -40 -41 -39
f -40 -39 -38
f -38 -39 -37
f -38 -37 -36
f -36 -37 -35
f -36 -35 -34
f -34 -35 -33
f -34 -33 -32
f -32 -33 -31
f -32 -31 -30
f -30 -31 -29
f -30 -29 -28
f -28 -29 -27
f -28 -27 -26
f -26 -27 -25
f -26 -25 -24
f -24 -25 -23
f -24 -23 -22
f -22 -23 -21
f -22 -21 -20
f -20 -21 -19
f -20 -19 -18
f -18 -19 -17
f -18 -17 -16
f -16 -17 -15
f -16 -15 -14
f -14 -15 -13
f -14 -13 -12
f -12 -13 -11
f -12 -11 -10
f -10 -11 -9
f -10 -9 -8
f -8 -9 -7
f -8 -7 -6
f -6 -7 -5
f -6 -5 -4
f -4 -5 -3
f -4 -3 -2
f -2 -3 -1

o Default 
usemtl 0xFFFFFF
v -5.566 1.732 0.2
v -5.566 1.534 0.2
v -5.566 1.534 0.2
v -5.565 1.53 0.2
v -5.564 1.527 0.2
v -5.561 1.525 0.2
v -5.558 1.523 0.2
v -5.554 1.523 0.2
v -5.55 1.523 0.2
v -5.547 1.525 0.2
v -5.544 1.527 0.2
v -5.543 1.53 0.2
v -5.542 1.534 0.2
v -5.542 1.732 0.2
v -5.542 1.732 0.2
v -5.543 1.735 0.2
v -5.544 1.739 0.2
v -5.547 1.741 0.2
v -5.55 1.742 0.2
v -5.554 1.742 0.2
v -5.558 1.742 0.2
v -5.561 1.741 0.2
v -5.564 1.739 0.2
v -5.565 1.735 0.2
v -5.566 1.732 0.2
v -5.566 1.732 0.2
v -5.566 1.732 0
v -5.566 1.534 0.2
v -5.566 1.534 0
v -5.566 1.534 0.2
v -5.566 1.534 0
v -5.565 1.53 0.2
v -5.565 1.53 0
v -5.564 1.527 0.2
v -5.564 1.527 0
v -5.561 1.525 0.2
v -5.561 1.525 0
v -5.558 1.523 0.2
v -5.558 1.523 0
v -5.554 1.523 0.2
v -5.554 1.523 0
v -5.55 1.523 0.2
v -5.55 1.523 0
v -5.547 1.525 0.2
v -5.547 1.525 0
v -5.544 1.527 0.2
v -5.544 1.527 0
v -5.543 1.53 0.2
v -5.543 1.53 0
v -5.542 1.534 0.2
v -5.542 1.534 0
v -5.542 1.732 0.2
v -5.542 1.732 0
v -5.542 1.732 0.2
v -5.542 1.732 0
v -5.543 1.735 0.2
v -5.543 1.735 0
v -5.544 1.739 0.2
v -5.544 1.739 0
v -5.547 1.741 0.2
v -5.547 1.741 0
v -5.55 1.742 0.2
v -5.55 1.742 0
v -5.554 1.742 0.2
v -5.554 1.742 0
v -5.558 1.742 0.2
v -5.558 1.742 0
v -5.561 1.741 0.2
v -5.561 1.741 0
v -5.564 1.739 0.2
v -5.564 1.739 0
v -5.565 1.735 0.2
v -5.565 1.735 0
v -5.566 1.732 0.2
v -5.566 1.732 0

f -72 -71 -70
f -70 -69 -68
f -68 -67 -66
f -66 -65 -64
f -60 -59 -58
f -58 -57 -56
f -56 -55 -54
f -54 -53 -52
f -72 -70 -68
f -68 -66 -64
f -60 -58 -56
f -56 -54 -52
f -72 -68 -64
f -60 -56 -52
f -72 -64 -63
f -60 -52 -75
f -72 -63 -61
f -61 -60 -75
f -75 -73 -72
f -72 -61 -75
f -50 -49 -48
f -48 -49 -47
f -48 -47 -46
f -46 -47 -45
f -46 -45 -44
f -44 -45 -43
f -44 -43 -42
f -42 -43 -41
f -42 -41 -40
f -40 -41 -39
f -40 -39 -38
f -38 -39 -37
f -38 -37 -36
f -36 -37 -35
f -36 -35 -34
f -34 -35 -33
f -34 -33 -32
f -32 -33 -31
f -32 -31 -30
f -30 -31 -29
f -30 -29 -28
f -28 -29 -27
f -28 -27 -26
f -26 -27 -25
f -26 -25 -24
f -24 -25 -23
f -24 -23 -22
f -22 -23 -21
f -22 -21 -20
f -20 -21 -19
f -20 -19 -18
f -18 -19 -17
f -18 -17 -16
f -16 -17 -15
f -16 -15 -14
f -14 -15 -13
f -14 -13 -12
f -12 -13 -11
f -12 -11 -10
f -10 -11 -9
f -10 -9 -8
f -8 -9 -7
f -8 -7 -6
f -6 -7 -5
f -6 -5 -4
f -4 -5 -3
f -4 -3 -2
f -2 -3 -1

o Default 
usemtl 0xFFFFFF
v 6.878 -2.435 0.2
v 6.332 -2.435 0.2
v 6.332 -2.435 0.2
v 6.328 -2.436 0.2
v 6.325 -2.438 0.2
v 6.323 -2.441 0.2
v 6.322 -2.444 0.2
v 6.321 -2.447 0.2
v 6.322 -2.451 0.2
v 6.323 -2.454 0.2
v 6.325 -2.457 0.2
v 6.328 -2.459 0.2
v 6.332 -2.459 0.2
v 6.878 -2.459 0.2
v 6.878 -2.459 0.2
v 6.882 -2.459 0.2
v 6.885 -2.457 0.2
v 6.887 -2.454 0.2
v 6.888 -2.451 0.2
v 6.889 -2.447 0.2
v 6.888 -2.444 0.2
v 6.887 -2.441 0.2
v 6.885 -2.438 0.2
v 6.882 -2.436 0.2
v 6.878 -2.435 0.2
v 6.878 -2.435 0.2
v 6.878 -2.435 0
v 6.332 -2.435 0.2
v 6.332 -2.435 0
v 6.332 -2.435 0.2
v 6.332 -2.435 0
v 6.328 -2.436 0.2
v 6.328 -2.436 0
v 6.325 -2.438 0.2
v 6.325 -2.438 0
v 6.323 -2.441 0.2
v 6.323 -2.441 0
v 6.322 -2.444 0.2
v 6.322 -2.444 0
v 6.321 -2.447 0.2
v 6.321 -2.447 0
v 6.322 -2.451 0.2
v 6.322 -2.451 0
v 6.323 -2.454 0.2
v 6.323 -2.454 0
v 6.325 -2.457 0.2
v 6.325 -2.457 0
v 6.328 -2.459 0.2
v 6.328 -2.459 0
v 6.332 -2.459 0.2
v 6.332 -2.459 0
v 6.878 -2.459 0.2
v 6.878 -2.459 0
v 6.878 -2.459 0.2
v 6.878 -2.459 0
v 6.882 -2.459 0.2
v 6.882 -2.459 0
v 6.885 -2.457 0.2
v 6.885 -2.457 0
v 6.887 -2.454 0.2
v 6.887 -2.454 0
v 6.888 -2.451 0.2
v 6.888 -2.451 0
v 6.889 -2.447 0.2
v 6.889 -2.447 0
v 6.888 -2.444 0.2
v 6.888 -2.444 0
v 6.887 -2.441 0.2
v 6.887 -2.441 0
v 6.885 -2.438 0.2
v 6.885 -2.438 0
v 6.882 -2.436 0.2
v 6.882 -2.436 0
v 6.878 -2.435 0.2
v 6.878 -2.435 0

f -72 -71 -70
f -70 -69 -68
f -68 -67 -66
f -66 -65 -64
f -60 -59 -58
f -58 -57 -56
f -56 -55 -54
f -54 -53 -52
f -72 -70 -68
f -68 -66 -64
f -60 -58 -56
f -56 -54 -52
f -72 -68 -64
f -60 -56 -52
f -72 -64 -63
f -60 -52 -75
f -72 -63 -61
f -61 -60 -75
f -75 -73 -72
f -72 -61 -75
f -50 -49 -48
f -48 -49 -47
f -48 -47 -46
f -46 -47 -45
f -46 -45 -44
f -44 -45 -43
f -44 -43 -42
f -42 -43 -41
f -42 -41 -40
f -40 -41 -39
f -40 -39 -38
f -38 -39 -37
f -38 -37 -36
f -36 -37 -35
f -36 -35 -34
f -34 -35 -33
f -34 -33 -32
f -32 -33 -31
f -32 -31 -30
f -30 -31 -29
f -30 -29 -28
f -28 -29 -27
f -28 -27 -26
f -26 -27 -25
f -26 -25 -24
f -24 -25 -23
f -24 -23 -22
f -22 -23 -21
f -22 -21 -20
f -20 -21 -19
f -20 -19 -18
f -18 -19 -17
f -18 -17 -16
f -16 -17 -15
f -16 -15 -14
f -14 -15 -13
f -14 -13 -12
f -12 -13 -11
f -12 -11 -10
f -10 -11 -9
f -10 -9 -8
f -8 -9 -7
f -8 -7 -6
f -6 -7 -5
f -6 -5 -4
f -4 -5 -3
f -4 -3 -2
f -2 -3 -1

o Default 
usemtl 0xFFFFFF
v 6.875 -0.743 0.2
v 6.329 -0.743 0.2
v 6.329 -0.743 0.2
v 6.325 -0.744 0.2
v 6.322 -0.746 0.2
v 6.32 -0.749 0.2
v 6.319 -0.752 0.2
v 6.318 -0.755 0.2
v 6.319 -0.759 0.2
v 6.32 -0.762 0.2
v 6.322 -0.765 0.2
v 6.325 -0.767 0.2
v 6.329 -0.767 0.2
v 6.875 -0.767 0.2
v 6.875 -0.767 0.2
v 6.879 -0.767 0.2
v 6.882 -0.765 0.2
v 6.884 -0.762 0.2
v 6.885 -0.759 0.2
v 6.886 -0.755 0.2
v 6.885 -0.752 0.2
v 6.884 -0.749 0.2
v 6.882 -0.746 0.2
v 6.879 -0.744 0.2
v 6.875 -0.743 0.2
v 6.875 -0.743 0.2
v 6.875 -0.743 0
v 6.329 -0.743 0.2
v 6.329 -0.743 0
v 6.329 -0.743 0.2
v 6.329 -0.743 0
v 6.325 -0.744 0.2
v 6.325 -0.744 0
v 6.322 -0.746 0.2
v 6.322 -0.746 0
v 6.32 -0.749 0.2
v 6.32 -0.749 0
v 6.319 -0.752 0.2
v 6.319 -0.752 0
v 6.318 -0.755 0.2
v 6.318 -0.755 0
v 6.319 -0.759 0.2
v 6.319 -0.759 0
v 6.32 -0.762 0.2
v 6.32 -0.762 0
v 6.322 -0.765 0.2
v 6.322 -0.765 0
v 6.325 -0.767 0.2
v 6.325 -0.767 0
v 6.329 -0.767 0.2
v 6.329 -0.767 0
v 6.875 -0.767 0.2
v 6.875 -0.767 0
v 6.875 -0.767 0.2
v 6.875 -0.767 0
v 6.879 -0.767 0.2
v 6.879 -0.767 0
v 6.882 -0.765 0.2
v 6.882 -0.765 0
v 6.884 -0.762 0.2
v 6.884 -0.762 0
v 6.885 -0.759 0.2
v 6.885 -0.759 0
v 6.886 -0.755 0.2
v 6.886 -0.755 0
v 6.885 -0.752 0.2
v 6.885 -0.752 0
v 6.884 -0.749 0.2
v 6.884 -0.749 0
v 6.882 -0.746 0.2
v 6.882 -0.746 0
v 6.879 -0.744 0.2
v 6.879 -0.744 0
v 6.875 -0.743 0.2
v 6.875 -0.743 0

f -72 -71 -70
f -70 -69 -68
f -68 -67 -66
f -66 -65 -64
f -60 -59 -58
f -58 -57 -56
f -56 -55 -54
f -54 -53 -52
f -72 -70 -68
f -68 -66 -64
f -60 -58 -56
f -56 -54 -52
f -72 -68 -64
f -60 -56 -52
f -72 -64 -63
f -60 -52 -75
f -72 -63 -61
f -61 -60 -75
f -75 -73 -72
f -72 -61 -75
f -50 -49 -48
f -48 -49 -47
f -48 -47 -46
f -46 -47 -45
f -46 -45 -44
f -44 -45 -43
f -44 -43 -42
f -42 -43 -41
f -42 -41 -40
f -40 -41 -39
f -40 -39 -38
f -38 -39 -37
f -38 -37 -36
f -36 -37 -35
f -36 -35 -34
f -34 -35 -33
f -34 -33 -32
f -32 -33 -31
f -32 -31 -30
f -30 -31 -29
f -30 -29 -28
f -28 -29 -27
f -28 -27 -26
f -26 -27 -25
f -26 -25 -24
f -24 -25 -23
f -24 -23 -22
f -22 -23 -21
f -22 -21 -20
f -20 -21 -19
f -20 -19 -18
f -18 -19 -17
f -18 -17 -16
f -16 -17 -15
f -16 -15 -14
f -14 -15 -13
f -14 -13 -12
f -12 -13 -11
f -12 -11 -10
f -10 -11 -9
f -10 -9 -8
f -8 -9 -7
f -8 -7 -6
f -6 -7 -5
f -6 -5 -4
f -4 -5 -3
f -4 -3 -2
f -2 -3 -1

o Default 
usemtl 0xFFFFFF
v 6.875 1.066 0.2
v 6.329 1.066 0.2
v 6.329 1.066 0.2
v 6.325 1.065 0.2
v 6.322 1.063 0.2
v 6.32 1.06 0.2
v 6.319 1.057 0.2
v 6.318 1.054 0.2
v 6.319 1.05 0.2
v 6.32 1.047 0.2
v 6.322 1.044 0.2
v 6.325 1.042 0.2
v 6.329 1.042 0.2
v 6.875 1.042 0.2
v 6.875 1.042 0.2
v 6.879 1.042 0.2
v 6.882 1.044 0.2
v 6.884 1.047 0.2
v 6.885 1.05 0.2
v 6.886 1.054 0.2
v 6.885 1.057 0.2
v 6.884 1.06 0.2
v 6.882 1.063 0.2
v 6.879 1.065 0.2
v 6.875 1.066 0.2
v 6.875 1.066 0.2
v 6.875 1.066 0
v 6.329 1.066 0.2
v 6.329 1.066 0
v 6.329 1.066 0.2
v 6.329 1.066 0
v 6.325 1.065 0.2
v 6.325 1.065 0
v 6.322 1.063 0.2
v 6.322 1.063 0
v 6.32 1.06 0.2
v 6.32 1.06 0
v 6.319 1.057 0.2
v 6.319 1.057 0
v 6.318 1.054 0.2
v 6.318 1.054 0
v 6.319 1.05 0.2
v 6.319 1.05 0
v 6.32 1.047 0.2
v 6.32 1.047 0
v 6.322 1.044 0.2
v 6.322 1.044 0
v 6.325 1.042 0.2
v 6.325 1.042 0
v 6.329 1.042 0.2
v 6.329 1.042 0
v 6.875 1.042 0.2
v 6.875 1.042 0
v 6.875 1.042 0.2
v 6.875 1.042 0
v 6.879 1.042 0.2
v 6.879 1.042 0
v 6.882 1.044 0.2
v 6.882 1.044 0
v 6.884 1.047 0.2
v 6.884 1.047 0
v 6.885 1.05 0.2
v 6.885 1.05 0
v 6.886 1.054 0.2
v 6.886 1.054 0
v 6.885 1.057 0.2
v 6.885 1.057 0
v 6.884 1.06 0.2
v 6.884 1.06 0
v 6.882 1.063 0.2
v 6.882 1.063 0
v 6.879 1.065 0.2
v 6.879 1.065 0
v 6.875 1.066 0.2
v 6.875 1.066 0

f -72 -71 -70
f -70 -69 -68
f -68 -67 -66
f -66 -65 -64
f -60 -59 -58
f -58 -57 -56
f -56 -55 -54
f -54 -53 -52
f -72 -70 -68
f -68 -66 -64
f -60 -58 -56
f -56 -54 -52
f -72 -68 -64
f -60 -56 -52
f -72 -64 -63
f -60 -52 -75
f -72 -63 -61
f -61 -60 -75
f -75 -73 -72
f -72 -61 -75
f -50 -49 -48
f -48 -49 -47
f -48 -47 -46
f -46 -47 -45
f -46 -45 -44
f -44 -45 -43
f -44 -43 -42
f -42 -43 -41
f -42 -41 -40
f -40 -41 -39
f -40 -39 -38
f -38 -39 -37
f -38 -37 -36
f -36 -37 -35
f -36 -35 -34
f -34 -35 -33
f -34 -33 -32
f -32 -33 -31
f -32 -31 -30
f -30 -31 -29
f -30 -29 -28
f -28 -29 -27
f -28 -27 -26
f -26 -27 -25
f -26 -25 -24
f -24 -25 -23
f -24 -23 -22
f -22 -23 -21
f -22 -21 -20
f -20 -21 -19
f -20 -19 -18
f -18 -19 -17
f -18 -17 -16
f -16 -17 -15
f -16 -15 -14
f -14 -15 -13
f -14 -13 -12
f -12 -13 -11
f -12 -11 -10
f -10 -11 -9
f -10 -9 -8
f -8 -9 -7
f -8 -7 -6
f -6 -7 -5
f -6 -5 -4
f -4 -5 -3
f -4 -3 -2
f -2 -3 -1

o Default 
usemtl 0xFFFFFF
v 6.875 2.224 0.2
v 6.335 2.224 0.2
v 6.335 2.224 0.2
v 6.331 2.223 0.2
v 6.328 2.221 0.2
v 6.326 2.218 0.2
v 6.325 2.215 0.2
v 6.324 2.212 0.2
v 6.325 2.208 0.2
v 6.326 2.205 0.2
v 6.328 2.202 0.2
v 6.331 2.2 0.2
v 6.335 2.2 0.2
v 6.875 2.2 0.2
v 6.875 2.2 0.2
v 6.879 2.2 0.2
v 6.882 2.202 0.2
v 6.884 2.205 0.2
v 6.885 2.208 0.2
v 6.886 2.212 0.2
v 6.885 2.215 0.2
v 6.884 2.218 0.2
v 6.882 2.221 0.2
v 6.879 2.223 0.2
v 6.875 2.224 0.2
v 6.875 2.224 0.2
v 6.875 2.224 0
v 6.335 2.224 0.2
v 6.335 2.224 0
v 6.335 2.224 0.2
v 6.335 2.224 0
v 6.331 2.223 0.2
v 6.331 2.223 0
v 6.328 2.221 0.2
v 6.328 2.221 0
v 6.326 2.218 0.2
v 6.326 2.218 0
v 6.325 2.215 0.2
v 6.325 2.215 0
v 6.324 2.212 0.2
v 6.324 2.212 0
v 6.325 2.208 0.2
v 6.325 2.208 0
v 6.326 2.205 0.2
v 6.326 2.205 0
v 6.328 2.202 0.2
v 6.328 2.202 0
v 6.331 2.2 0.2
v 6.331 2.2 0
v 6.335 2.2 0.2
v 6.335 2.2 0
v 6.875 2.2 0.2
v 6.875 2.2 0
v 6.875 2.2 0.2
v 6.875 2.2 0
v 6.879 2.2 0.2
v 6.879 2.2 0
v 6.882 2.202 0.2
v 6.882 2.202 0
v 6.884 2.205 0.2
v 6.884 2.205 0
v 6.885 2.208 0.2
v 6.885 2.208 0
v 6.886 2.212 0.2
v 6.886 2.212 0
v 6.885 2.215 0.2
v 6.885 2.215 0
v 6.884 2.218 0.2
v 6.884 2.218 0
v 6.882 2.221 0.2
v 6.882 2.221 0
v 6.879 2.223 0.2
v 6.879 2.223 0
v 6.875 2.224 0.2
v 6.875 2.224 0

f -72 -71 -70
f -70 -69 -68
f -68 -67 -66
f -66 -65 -64
f -60 -59 -58
f -58 -57 -56
f -56 -55 -54
f -54 -53 -52
f -72 -70 -68
f -68 -66 -64
f -60 -58 -56
f -56 -54 -52
f -72 -68 -64
f -60 -56 -52
f -72 -64 -63
f -60 -52 -75
f -72 -63 -61
f -61 -60 -75
f -75 -73 -72
f -72 -61 -75
f -50 -49 -48
f -48 -49 -47
f -48 -47 -46
f -46 -47 -45
f -46 -45 -44
f -44 -45 -43
f -44 -43 -42
f -42 -43 -41
f -42 -41 -40
f -40 -41 -39
f -40 -39 -38
f -38 -39 -37
f -38 -37 -36
f -36 -37 -35
f -36 -35 -34
f -34 -35 -33
f -34 -33 -32
f -32 -33 -31
f -32 -31 -30
f -30 -31 -29
f -30 -29 -28
f -28 -29 -27
f -28 -27 -26
f -26 -27 -25
f -26 -25 -24
f -24 -25 -23
f -24 -23 -22
f -22 -23 -21
f -22 -21 -20
f -20 -21 -19
f -20 -19 -18
f -18 -19 -17
f -18 -17 -16
f -16 -17 -15
f -16 -15 -14
f -14 -15 -13
f -14 -13 -12
f -12 -13 -11
f -12 -11 -10
f -10 -11 -9
f -10 -9 -8
f -8 -9 -7
f -8 -7 -6
f -6 -7 -5
f -6 -5 -4
f -4 -5 -3
f -4 -3 -2
f -2 -3 -1

o Default 
usemtl 0xFFFFFF
v 6.32 1.393 0.2
v 6.32 1.258 0.2
v 6.32 1.258 0.2
v 6.321 1.254 0.2
v 6.323 1.251 0.2
v 6.325 1.249 0.2
v 6.328 1.247 0.2
v 6.332 1.247 0.2
v 6.336 1.247 0.2
v 6.339 1.249 0.2
v 6.342 1.251 0.2
v 6.343 1.254 0.2
v 6.344 1.258 0.2
v 6.344 1.393 0.2
v 6.344 1.393 0.2
v 6.343 1.396 0.2
v 6.342 1.4 0.2
v 6.339 1.402 0.2
v 6.336 1.403 0.2
v 6.332 1.403 0.2
v 6.328 1.403 0.2
v 6.325 1.402 0.2
v 6.323 1.4 0.2
v 6.321 1.396 0.2
v 6.32 1.393 0.2
v 6.32 1.393 0.2
v 6.32 1.393 0
v 6.32 1.258 0.2
v 6.32 1.258 0
v 6.32 1.258 0.2
v 6.32 1.258 0
v 6.321 1.254 0.2
v 6.321 1.254 0
v 6.323 1.251 0.2
v 6.323 1.251 0
v 6.325 1.249 0.2
v 6.325 1.249 0
v 6.328 1.247 0.2
v 6.328 1.247 0
v 6.332 1.247 0.2
v 6.332 1.247 0
v 6.336 1.247 0.2
v 6.336 1.247 0
v 6.339 1.249 0.2
v 6.339 1.249 0
v 6.342 1.251 0.2
v 6.342 1.251 0
v 6.343 1.254 0.2
v 6.343 1.254 0
v 6.344 1.258 0.2
v 6.344 1.258 0
v 6.344 1.393 0.2
v 6.344 1.393 0
v 6.344 1.393 0.2
v 6.344 1.393 0
v 6.343 1.396 0.2
v 6.343 1.396 0
v 6.342 1.4 0.2
v 6.342 1.4 0
v 6.339 1.402 0.2
v 6.339 1.402 0
v 6.336 1.403 0.2
v 6.336 1.403 0
v 6.332 1.403 0.2
v 6.332 1.403 0
v 6.328 1.403 0.2
v 6.328 1.403 0
v 6.325 1.402 0.2
v 6.325 1.402 0
v 6.323 1.4 0.2
v 6.323 1.4 0
v 6.321 1.396 0.2
v 6.321 1.396 0
v 6.32 1.393 0.2
v 6.32 1.393 0

f -72 -71 -70
f -70 -69 -68
f -68 -67 -66
f -66 -65 -64
f -60 -59 -58
f -58 -57 -56
f -56 -55 -54
f -54 -53 -52
f -72 -70 -68
f -68 -66 -64
f -60 -58 -56
f -56 -54 -52
f -72 -68 -64
f -60 -56 -52
f -72 -64 -63
f -60 -52 -75
f -72 -63 -61
f -61 -60 -75
f -75 -73 -72
f -72 -61 -75
f -50 -49 -48
f -48 -49 -47
f -48 -47 -46
f -46 -47 -45
f -46 -45 -44
f -44 -45 -43
f -44 -43 -42
f -42 -43 -41
f -42 -41 -40
f -40 -41 -39
f -40 -39 -38
f -38 -39 -37
f -38 -37 -36
f -36 -37 -35
f -36 -35 -34
f -34 -35 -33
f -34 -33 -32
f -32 -33 -31
f -32 -31 -30
f -30 -31 -29
f -30 -29 -28
f -28 -29 -27
f -28 -27 -26
f -26 -27 -25
f -26 -25 -24
f -24 -25 -23
f -24 -23 -22
f -22 -23 -21
f -22 -21 -20
f -20 -21 -19
f -20 -19 -18
f -18 -19 -17
f -18 -17 -16
f -16 -17 -15
f -16 -15 -14
f -14 -15 -13
f -14 -13 -12
f -12 -13 -11
f -12 -11 -10
f -10 -11 -9
f -10 -9 -8
f -8 -9 -7
f -8 -7 -6
f -6 -7 -5
f -6 -5 -4
f -4 -5 -3
f -4 -3 -2
f -2 -3 -1

o Default 
usemtl 0xFFFFFF
v 4.775 10.849 0.2
v 4.775 11.227 0.2
v 4.775 11.227 0.2
v 4.775 11.228 0.2
v 4.774 11.23 0.2
v 4.772 11.231 0.2
v 4.771 11.232 0.2
v 4.769 11.232 0.2
v 4.767 11.232 0.2
v 4.766 11.231 0.2
v 4.764 11.23 0.2
v 4.763 11.228 0.2
v 4.763 11.227 0.2
v 4.763 10.849 0.2
v 4.763 10.849 0.2
v 4.763 10.847 0.2
v 4.764 10.845 0.2
v 4.766 10.844 0.2
v 4.767 10.843 0.2
v 4.769 10.843 0.2
v 4.771 10.843 0.2
v 4.772 10.844 0.2
v 4.774 10.845 0.2
v 4.775 10.847 0.2
v 4.775 10.849 0.2
v 4.775 10.849 0.2
v 4.775 10.849 0
v 4.775 11.227 0.2
v 4.775 11.227 0
v 4.775 11.227 0.2
v 4.775 11.227 0
v 4.775 11.228 0.2
v 4.775 11.228 0
v 4.774 11.23 0.2
v 4.774 11.23 0
v 4.772 11.231 0.2
v 4.772 11.231 0
v 4.771 11.232 0.2
v 4.771 11.232 0
v 4.769 11.232 0.2
v 4.769 11.232 0
v 4.767 11.232 0.2
v 4.767 11.232 0
v 4.766 11.231 0.2
v 4.766 11.231 0
v 4.764 11.23 0.2
v 4.764 11.23 0
v 4.763 11.228 0.2
v 4.763 11.228 0
v 4.763 11.227 0.2
v 4.763 11.227 0
v 4.763 10.849 0.2
v 4.763 10.849 0
v 4.763 10.849 0.2
v 4.763 10.849 0
v 4.763 10.847 0.2
v 4.763 10.847 0
v 4.764 10.845 0.2
v 4.764 10.845 0
v 4.766 10.844 0.2
v 4.766 10.844 0
v 4.767 10.843 0.2
v 4.767 10.843 0
v 4.769 10.843 0.2
v 4.769 10.843 0
v 4.771 10.843 0.2
v 4.771 10.843 0
v 4.772 10.844 0.2
v 4.772 10.844 0
v 4.774 10.845 0.2
v 4.774 10.845 0
v 4.775 10.847 0.2
v 4.775 10.847 0
v 4.775 10.849 0.2
v 4.775 10.849 0

f -72 -71 -70
f -70 -69 -68
f -68 -67 -66
f -66 -65 -64
f -60 -59 -58
f -58 -57 -56
f -56 -55 -54
f -54 -53 -52
f -72 -70 -68
f -68 -66 -64
f -60 -58 -56
f -56 -54 -52
f -72 -68 -64
f -60 -56 -52
f -72 -64 -63
f -60 -52 -75
f -72 -63 -61
f -61 -60 -75
f -75 -73 -72
f -72 -61 -75
f -50 -49 -48
f -48 -49 -47
f -48 -47 -46
f -46 -47 -45
f -46 -45 -44
f -44 -45 -43
f -44 -43 -42
f -42 -43 -41
f -42 -41 -40
f -40 -41 -39
f -40 -39 -38
f -38 -39 -37
f -38 -37 -36
f -36 -37 -35
f -36 -35 -34
f -34 -35 -33
f -34 -33 -32
f -32 -33 -31
f -32 -31 -30
f -30 -31 -29
f -30 -29 -28
f -28 -29 -27
f -28 -27 -26
f -26 -27 -25
f -26 -25 -24
f -24 -25 -23
f -24 -23 -22
f -22 -23 -21
f -22 -21 -20
f -20 -21 -19
f -20 -19 -18
f -18 -19 -17
f -18 -17 -16
f -16 -17 -15
f -16 -15 -14
f -14 -15 -13
f -14 -13 -12
f -12 -13 -11
f -12 -11 -10
f -10 -11 -9
f -10 -9 -8
f -8 -9 -7
f -8 -7 -6
f -6 -7 -5
f -6 -5 -4
f -4 -5 -3
f -4 -3 -2
f -2 -3 -1

o Default 
usemtl 0xFFFFFF
v -1.798 11.806 0.2
v -1.798 11.659 0.2
v -1.798 11.659 0.2
v -1.798 11.657 0.2
v -1.797 11.655 0.2
v -1.795 11.654 0.2
v -1.794 11.653 0.2
v -1.792 11.653 0.2
v -1.79 11.653 0.2
v -1.789 11.654 0.2
v -1.787 11.655 0.2
v -1.786 11.657 0.2
v -1.786 11.659 0.2
v -1.786 11.806 0.2
v -1.786 11.806 0.2
v -1.786 11.807 0.2
v -1.787 11.809 0.2
v -1.789 11.81 0.2
v -1.79 11.811 0.2
v -1.792 11.811 0.2
v -1.794 11.811 0.2
v -1.795 11.81 0.2
v -1.797 11.809 0.2
v -1.798 11.807 0.2
v -1.798 11.806 0.2
v -1.798 11.806 0.2
v -1.798 11.806 0
v -1.798 11.659 0.2
v -1.798 11.659 0
v -1.798 11.659 0.2
v -1.798 11.659 0
v -1.798 11.657 0.2
v -1.798 11.657 0
v -1.797 11.655 0.2
v -1.797 11.655 0
v -1.795 11.654 0.2
v -1.795 11.654 0
v -1.794 11.653 0.2
v -1.794 11.653 0
v -1.792 11.653 0.2
v -1.792 11.653 0
v -1.79 11.653 0.2
v -1.79 11.653 0
v -1.789 11.654 0.2
v -1.789 11.654 0
v -1.787 11.655 0.2
v -1.787 11.655 0
v -1.786 11.657 0.2
v -1.786 11.657 0
v -1.786 11.659 0.2
v -1.786 11.659 0
v -1.786 11.806 0.2
v -1.786 11.806 0
v -1.786 11.806 0.2
v -1.786 11.806 0
v -1.786 11.807 0.2
v -1.786 11.807 0
v -1.787 11.809 0.2
v -1.787 11.809 0
v -1.789 11.81 0.2
v -1.789 11.81 0
v -1.79 11.811 0.2
v -1.79 11.811 0
v -1.792 11.811 0.2
v -1.792 11.811 0
v -1.794 11.811 0.2
v -1.794 11.811 0
v -1.795 11.81 0.2
v -1.795 11.81 0
v -1.797 11.809 0.2
v -1.797 11.809 0
v -1.798 11.807 0.2
v -1.798 11.807 0
v -1.798 11.806 0.2
v -1.798 11.806 0

f -72 -71 -70
f -70 -69 -68
f -68 -67 -66
f -66 -65 -64
f -60 -59 -58
f -58 -57 -56
f -56 -55 -54
f -54 -53 -52
f -72 -70 -68
f -68 -66 -64
f -60 -58 -56
f -56 -54 -52
f -72 -68 -64
f -60 -56 -52
f -72 -64 -63
f -60 -52 -75
f -72 -63 -61
f -61 -60 -75
f -75 -73 -72
f -72 -61 -75
f -50 -49 -48
f -48 -49 -47
f -48 -47 -46
f -46 -47 -45
f -46 -45 -44
f -44 -45 -43
f -44 -43 -42
f -42 -43 -41
f -42 -41 -40
f -40 -41 -39
f -40 -39 -38
f -38 -39 -37
f -38 -37 -36
f -36 -37 -35
f -36 -35 -34
f -34 -35 -33
f -34 -33 -32
f -32 -33 -31
f -32 -31 -30
f -30 -31 -29
f -30 -29 -28
f -28 -29 -27
f -28 -27 -26
f -26 -27 -25
f -26 -25 -24
f -24 -25 -23
f -24 -23 -22
f -22 -23 -21
f -22 -21 -20
f -20 -21 -19
f -20 -19 -18
f -18 -19 -17
f -18 -17 -16
f -16 -17 -15
f -16 -15 -14
f -14 -15 -13
f -14 -13 -12
f -12 -13 -11
f -12 -11 -10
f -10 -11 -9
f -10 -9 -8
f -8 -9 -7
f -8 -7 -6
f -6 -7 -5
f -6 -5 -4
f -4 -5 -3
f -4 -3 -2
f -2 -3 -1

o Default 
usemtl 0xFFFFFF
v 2.822 11.047 0.2
v 2.822 11.14 0.2
v 2.822 11.14 0.2
v 2.822 11.141 0.2
v 2.821 11.143 0.2
v 2.819 11.144 0.2
v 2.818 11.145 0.2
v 2.816 11.145 0.2
v 2.814 11.145 0.2
v 2.813 11.144 0.2
v 2.811 11.143 0.2
v 2.81 11.141 0.2
v 2.81 11.14 0.2
v 2.81 11.047 0.2
v 2.81 11.047 0.2
v 2.81 11.045 0.2
v 2.811 11.043 0.2
v 2.813 11.042 0.2
v 2.814 11.041 0.2
v 2.816 11.041 0.2
v 2.818 11.041 0.2
v 2.819 11.042 0.2
v 2.821 11.043 0.2
v 2.822 11.045 0.2
v 2.822 11.047 0.2
v 2.822 11.047 0.2
v 2.822 11.047 0
v 2.822 11.14 0.2
v 2.822 11.14 0
v 2.822 11.14 0.2
v 2.822 11.14 0
v 2.822 11.141 0.2
v 2.822 11.141 0
v 2.821 11.143 0.2
v 2.821 11.143 0
v 2.819 11.144 0.2
v 2.819 11.144 0
v 2.818 11.145 0.2
v 2.818 11.145 0
v 2.816 11.145 0.2
v 2.816 11.145 0
v 2.814 11.145 0.2
v 2.814 11.145 0
v 2.813 11.144 0.2
v 2.813 11.144 0
v 2.811 11.143 0.2
v 2.811 11.143 0
v 2.81 11.141 0.2
v 2.81 11.141 0
v 2.81 11.14 0.2
v 2.81 11.14 0
v 2.81 11.047 0.2
v 2.81 11.047 0
v 2.81 11.047 0.2
v 2.81 11.047 0
v 2.81 11.045 0.2
v 2.81 11.045 0
v 2.811 11.043 0.2
v 2.811 11.043 0
v 2.813 11.042 0.2
v 2.813 11.042 0
v 2.814 11.041 0.2
v 2.814 11.041 0
v 2.816 11.041 0.2
v 2.816 11.041 0
v 2.818 11.041 0.2
v 2.818 11.041 0
v 2.819 11.042 0.2
v 2.819 11.042 0
v 2.821 11.043 0.2
v 2.821 11.043 0
v 2.822 11.045 0.2
v 2.822 11.045 0
v 2.822 11.047 0.2
v 2.822 11.047 0

f -72 -71 -70
f -70 -69 -68
f -68 -67 -66
f -66 -65 -64
f -60 -59 -58
f -58 -57 -56
f -56 -55 -54
f -54 -53 -52
f -72 -70 -68
f -68 -66 -64
f -60 -58 -56
f -56 -54 -52
f -72 -68 -64
f -60 -56 -52
f -72 -64 -63
f -60 -52 -75
f -72 -63 -61
f -61 -60 -75
f -75 -73 -72
f -72 -61 -75
f -50 -49 -48
f -48 -49 -47
f -48 -47 -46
f -46 -47 -45
f -46 -45 -44
f -44 -45 -43
f -44 -43 -42
f -42 -43 -41
f -42 -41 -40
f -40 -41 -39
f -40 -39 -38
f -38 -39 -37
f -38 -37 -36
f -36 -37 -35
f -36 -35 -34
f -34 -35 -33
f -34 -33 -32
f -32 -33 -31
f -32 -31 -30
f -30 -31 -29
f -30 -29 -28
f -28 -29 -27
f -28 -27 -26
f -26 -27 -25
f -26 -25 -24
f -24 -25 -23
f -24 -23 -22
f -22 -23 -21
f -22 -21 -20
f -20 -21 -19
f -20 -19 -18
f -18 -19 -17
f -18 -17 -16
f -16 -17 -15
f -16 -15 -14
f -14 -15 -13
f -14 -13 -12
f -12 -13 -11
f -12 -11 -10
f -10 -11 -9
f -10 -9 -8
f -8 -9 -7
f -8 -7 -6
f -6 -7 -5
f -6 -5 -4
f -4 -5 -3
f -4 -3 -2
f -2 -3 -1

o Default 
usemtl 0xFFFFFF
v 6.317 0.85 0.2
v 6.317 0.352 0.2
v 6.317 0.352 0.2
v 6.318 0.348 0.2
v 6.32 0.345 0.2
v 6.322 0.343 0.2
v 6.325 0.341 0.2
v 6.329 0.341 0.2
v 6.333 0.341 0.2
v 6.336 0.343 0.2
v 6.339 0.345 0.2
v 6.34 0.348 0.2
v 6.341 0.352 0.2
v 6.341 0.85 0.2
v 6.341 0.85 0.2
v 6.34 0.853 0.2
v 6.339 0.857 0.2
v 6.336 0.859 0.2
v 6.333 0.86 0.2
v 6.329 0.86 0.2
v 6.325 0.86 0.2
v 6.322 0.859 0.2
v 6.32 0.857 0.2
v 6.318 0.854 0.2
v 6.317 0.85 0.2
v 6.317 0.85 0.2
v 6.317 0.85 0
v 6.317 0.352 0.2
v 6.317 0.352 0
v 6.317 0.352 0.2
v 6.317 0.352 0
v 6.318 0.348 0.2
v 6.318 0.348 0
v 6.32 0.345 0.2
v 6.32 0.345 0
v 6.322 0.343 0.2
v 6.322 0.343 0
v 6.325 0.341 0.2
v 6.325 0.341 0
v 6.329 0.341 0.2
v 6.329 0.341 0
v 6.333 0.341 0.2
v 6.333 0.341 0
v 6.336 0.343 0.2
v 6.336 0.343 0
v 6.339 0.345 0.2
v 6.339 0.345 0
v 6.34 0.348 0.2
v 6.34 0.348 0
v 6.341 0.352 0.2
v 6.341 0.352 0
v 6.341 0.85 0.2
v 6.341 0.85 0
v 6.341 0.85 0.2
v 6.341 0.85 0
v 6.34 0.853 0.2
v 6.34 0.853 0
v 6.339 0.857 0.2
v 6.339 0.857 0
v 6.336 0.859 0.2
v 6.336 0.859 0
v 6.333 0.86 0.2
v 6.333 0.86 0
v 6.329 0.86 0.2
v 6.329 0.86 0
v 6.325 0.86 0.2
v 6.325 0.86 0
v 6.322 0.859 0.2
v 6.322 0.859 0
v 6.32 0.857 0.2
v 6.32 0.857 0
v 6.318 0.854 0.2
v 6.318 0.854 0
v 6.317 0.85 0.2
v 6.317 0.85 0

f -72 -71 -70
f -70 -69 -68
f -68 -67 -66
f -66 -65 -64
f -60 -59 -58
f -58 -57 -56
f -56 -55 -54
f -54 -53 -52
f -72 -70 -68
f -68 -66 -64
f -60 -58 -56
f -56 -54 -52
f -72 -68 -64
f -60 -56 -52
f -72 -64 -63
f -60 -52 -75
f -72 -63 -61
f -61 -60 -75
f -75 -73 -72
f -72 -61 -75
f -50 -49 -48
f -48 -49 -47
f -48 -47 -46
f -46 -47 -45
f -46 -45 -44
f -44 -45 -43
f -44 -43 -42
f -42 -43 -41
f -42 -41 -40
f -40 -41 -39
f -40 -39 -38
f -38 -39 -37
f -38 -37 -36
f -36 -37 -35
f -36 -35 -34
f -34 -35 -33
f -34 -33 -32
f -32 -33 -31
f -32 -31 -30
f -30 -31 -29
f -30 -29 -28
f -28 -29 -27
f -28 -27 -26
f -26 -27 -25
f -26 -25 -24
f -24 -25 -23
f -24 -23 -22
f -22 -23 -21
f -22 -21 -20
f -20 -21 -19
f -20 -19 -18
f -18 -19 -17
f -18 -17 -16
f -16 -17 -15
f -16 -15 -14
f -14 -15 -13
f -14 -13 -12
f -12 -13 -11
f -12 -11 -10
f -10 -11 -9
f -10 -9 -8
f -8 -9 -7
f -8 -7 -6
f -6 -7 -5
f -6 -5 -4
f -4 -5 -3
f -4 -3 -2
f -2 -3 -1

o Default 
usemtl 0xFFFFFF
v 6.32 2.212 0.2
v 6.32 1.597 0.2
v 6.32 1.597 0.2
v 6.321 1.593 0.2
v 6.323 1.59 0.2
v 6.325 1.588 0.2
v 6.328 1.586 0.2
v 6.332 1.586 0.2
v 6.336 1.586 0.2
v 6.339 1.588 0.2
v 6.342 1.59 0.2
v 6.343 1.593 0.2
v 6.344 1.597 0.2
v 6.344 2.212 0.2
v 6.344 2.212 0.2
v 6.343 2.215 0.2
v 6.342 2.219 0.2
v 6.339 2.221 0.2
v 6.336 2.222 0.2
v 6.332 2.222 0.2
v 6.328 2.222 0.2
v 6.325 2.221 0.2
v 6.323 2.219 0.2
v 6.321 2.215 0.2
v 6.32 2.212 0.2
v 6.32 2.212 0.2
v 6.32 2.212 0
v 6.32 1.597 0.2
v 6.32 1.597 0
v 6.32 1.597 0.2
v 6.32 1.597 0
v 6.321 1.593 0.2
v 6.321 1.593 0
v 6.323 1.59 0.2
v 6.323 1.59 0
v 6.325 1.588 0.2
v 6.325 1.588 0
v 6.328 1.586 0.2
v 6.328 1.586 0
v 6.332 1.586 0.2
v 6.332 1.586 0
v 6.336 1.586 0.2
v 6.336 1.586 0
v 6.339 1.588 0.2
v 6.339 1.588 0
v 6.342 1.59 0.2
v 6.342 1.59 0
v 6.343 1.593 0.2
v 6.343 1.593 0
v 6.344 1.597 0.2
v 6.344 1.597 0
v 6.344 2.212 0.2
v 6.344 2.212 0
v 6.344 2.212 0.2
v 6.344 2.212 0
v 6.343 2.215 0.2
v 6.343 2.215 0
v 6.342 2.219 0.2
v 6.342 2.219 0
v 6.339 2.221 0.2
v 6.339 2.221 0
v 6.336 2.222 0.2
v 6.336 2.222 0
v 6.332 2.222 0.2
v 6.332 2.222 0
v 6.328 2.222 0.2
v 6.328 2.222 0
v 6.325 2.221 0.2
v 6.325 2.221 0
v 6.323 2.219 0.2
v 6.323 2.219 0
v 6.321 2.215 0.2
v 6.321 2.215 0
v 6.32 2.212 0.2
v 6.32 2.212 0

f -72 -71 -70
f -70 -69 -68
f -68 -67 -66
f -66 -65 -64
f -60 -59 -58
f -58 -57 -56
f -56 -55 -54
f -54 -53 -52
f -72 -70 -68
f -68 -66 -64
f -60 -58 -56
f -56 -54 -52
f -72 -68 -64
f -60 -56 -52
f -72 -64 -63
f -60 -52 -75
f -72 -63 -61
f -61 -60 -75
f -75 -73 -72
f -72 -61 -75
f -50 -49 -48
f -48 -49 -47
f -48 -47 -46
f -46 -47 -45
f -46 -45 -44
f -44 -45 -43
f -44 -43 -42
f -42 -43 -41
f -42 -41 -40
f -40 -41 -39
f -40 -39 -38
f -38 -39 -37
f -38 -37 -36
f -36 -37 -35
f -36 -35 -34
f -34 -35 -33
f -34 -33 -32
f -32 -33 -31
f -32 -31 -30
f -30 -31 -29
f -30 -29 -28
f -28 -29 -27
f -28 -27 -26
f -26 -27 -25
f -26 -25 -24
f -24 -25 -23
f -24 -23 -22
f -22 -23 -21
f -22 -21 -20
f -20 -21 -19
f -20 -19 -18
f -18 -19 -17
f -18 -17 -16
f -16 -17 -15
f -16 -15 -14
f -14 -15 -13
f -14 -13 -12
f -12 -13 -11
f -12 -11 -10
f -10 -11 -9
f -10 -9 -8
f -8 -9 -7
f -8 -7 -6
f -6 -7 -5
f -6 -5 -4
f -4 -5 -3
f -4 -3 -2
f -2 -3 -1

o Default 
usemtl 0xFFFFFF
v 6.317 -0.035 0.2
v 6.317 -0.551 0.2
v 6.317 -0.551 0.2
v 6.318 -0.555 0.2
v 6.32 -0.558 0.2
v 6.322 -0.56 0.2
v 6.325 -0.562 0.2
v 6.329 -0.562 0.2
v 6.333 -0.562 0.2
v 6.336 -0.56 0.2
v 6.339 -0.558 0.2
v 6.34 -0.555 0.2
v 6.341 -0.551 0.2
v 6.341 -0.035 0.2
v 6.341 -0.035 0.2
v 6.34 -0.031 0.2
v 6.339 -0.028 0.2
v 6.336 -0.026 0.2
v 6.333 -0.025 0.2
v 6.329 -0.025 0.2
v 6.325 -0.025 0.2
v 6.322 -0.026 0.2
v 6.32 -0.028 0.2
v 6.318 -0.031 0.2
v 6.317 -0.035 0.2
v 6.317 -0.035 0.2
v 6.317 -0.035 0
v 6.317 -0.551 0.2
v 6.317 -0.551 0
v 6.317 -0.551 0.2
v 6.317 -0.551 0
v 6.318 -0.555 0.2
v 6.318 -0.555 0
v 6.32 -0.558 0.2
v 6.32 -0.558 0
v 6.322 -0.56 0.2
v 6.322 -0.56 0
v 6.325 -0.562 0.2
v 6.325 -0.562 0
v 6.329 -0.562 0.2
v 6.329 -0.562 0
v 6.333 -0.562 0.2
v 6.333 -0.562 0
v 6.336 -0.56 0.2
v 6.336 -0.56 0
v 6.339 -0.558 0.2
v 6.339 -0.558 0
v 6.34 -0.555 0.2
v 6.34 -0.555 0
v 6.341 -0.551 0.2
v 6.341 -0.551 0
v 6.341 -0.035 0.2
v 6.341 -0.035 0
v 6.341 -0.035 0.2
v 6.341 -0.035 0
v 6.34 -0.031 0.2
v 6.34 -0.031 0
v 6.339 -0.028 0.2
v 6.339 -0.028 0
v 6.336 -0.026 0.2
v 6.336 -0.026 0
v 6.333 -0.025 0.2
v 6.333 -0.025 0
v 6.329 -0.025 0.2
v 6.329 -0.025 0
v 6.325 -0.025 0.2
v 6.325 -0.025 0
v 6.322 -0.026 0.2
v 6.322 -0.026 0
v 6.32 -0.028 0.2
v 6.32 -0.028 0
v 6.318 -0.031 0.2
v 6.318 -0.031 0
v 6.317 -0.035 0.2
v 6.317 -0.035 0

f -72 -71 -70
f -70 -69 -68
f -68 -67 -66
f -66 -65 -64
f -60 -59 -58
f -58 -57 -56
f -56 -55 -54
f -54 -53 -52
f -72 -70 -68
f -68 -66 -64
f -60 -58 -56
f -56 -54 -52
f -72 -68 -64
f -60 -56 -52
f -72 -64 -63
f -60 -52 -75
f -72 -63 -61
f -61 -60 -75
f -75 -73 -72
f -72 -61 -75
f -50 -49 -48
f -48 -49 -47
f -48 -47 -46
f -46 -47 -45
f -46 -45 -44
f -44 -45 -43
f -44 -43 -42
f -42 -43 -41
f -42 -41 -40
f -40 -41 -39
f -40 -39 -38
f -38 -39 -37
f -38 -37 -36
f -36 -37 -35
f -36 -35 -34
f -34 -35 -33
f -34 -33 -32
f -32 -33 -31
f -32 -31 -30
f -30 -31 -29
f -30 -29 -28
f -28 -29 -27
f -28 -27 -26
f -26 -27 -25
f -26 -25 -24
f -24 -25 -23
f -24 -23 -22
f -22 -23 -21
f -22 -21 -20
f -20 -21 -19
f -20 -19 -18
f -18 -19 -17
f -18 -17 -16
f -16 -17 -15
f -16 -15 -14
f -14 -15 -13
f -14 -13 -12
f -12 -13 -11
f -12 -11 -10
f -10 -11 -9
f -10 -9 -8
f -8 -9 -7
f -8 -7 -6
f -6 -7 -5
f -6 -5 -4
f -4 -5 -3
f -4 -3 -2
f -2 -3 -1

o Default 
usemtl 0xFFFFFF
v 6.317 -0.959 0.2
v 6.317 -1.391 0.2
v 6.317 -1.391 0.2
v 6.318 -1.395 0.2
v 6.32 -1.398 0.2
v 6.322 -1.4 0.2
v 6.325 -1.402 0.2
v 6.329 -1.402 0.2
v 6.333 -1.402 0.2
v 6.336 -1.4 0.2
v 6.339 -1.398 0.2
v 6.34 -1.395 0.2
v 6.341 -1.391 0.2
v 6.341 -0.959 0.2
v 6.341 -0.959 0.2
v 6.34 -0.955 0.2
v 6.339 -0.952 0.2
v 6.336 -0.95 0.2
v 6.333 -0.949 0.2
v 6.329 -0.949 0.2
v 6.325 -0.949 0.2
v 6.322 -0.95 0.2
v 6.32 -0.952 0.2
v 6.318 -0.955 0.2
v 6.317 -0.959 0.2
v 6.317 -0.959 0.2
v 6.317 -0.959 0
v 6.317 -1.391 0.2
v 6.317 -1.391 0
v 6.317 -1.391 0.2
v 6.317 -1.391 0
v 6.318 -1.395 0.2
v 6.318 -1.395 0
v 6.32 -1.398 0.2
v 6.32 -1.398 0
v 6.322 -1.4 0.2
v 6.322 -1.4 0
v 6.325 -1.402 0.2
v 6.325 -1.402 0
v 6.329 -1.402 0.2
v 6.329 -1.402 0
v 6.333 -1.402 0.2
v 6.333 -1.402 0
v 6.336 -1.4 0.2
v 6.336 -1.4 0
v 6.339 -1.398 0.2
v 6.339 -1.398 0
v 6.34 -1.395 0.2
v 6.34 -1.395 0
v 6.341 -1.391 0.2
v 6.341 -1.391 0
v 6.341 -0.959 0.2
v 6.341 -0.959 0
v 6.341 -0.959 0.2
v 6.341 -0.959 0
v 6.34 -0.955 0.2
v 6.34 -0.955 0
v 6.339 -0.952 0.2
v 6.339 -0.952 0
v 6.336 -0.95 0.2
v 6.336 -0.95 0
v 6.333 -0.949 0.2
v 6.333 -0.949 0
v 6.329 -0.949 0.2
v 6.329 -0.949 0
v 6.325 -0.949 0.2
v 6.325 -0.949 0
v 6.322 -0.95 0.2
v 6.322 -0.95 0
v 6.32 -0.952 0.2
v 6.32 -0.952 0
v 6.318 -0.955 0.2
v 6.318 -0.955 0
v 6.317 -0.959 0.2
v 6.317 -0.959 0

f -72 -71 -70
f -70 -69 -68
f -68 -67 -66
f -66 -65 -64
f -60 -59 -58
f -58 -57 -56
f -56 -55 -54
f -54 -53 -52
f -72 -70 -68
f -68 -66 -64
f -60 -58 -56
f -56 -54 -52
f -72 -68 -64
f -60 -56 -52
f -72 -64 -63
f -60 -52 -75
f -72 -63 -61
f -61 -60 -75
f -75 -73 -72
f -72 -61 -75
f -50 -49 -48
f -48 -49 -47
f -48 -47 -46
f -46 -47 -45
f -46 -45 -44
f -44 -45 -43
f -44 -43 -42
f -42 -43 -41
f -42 -41 -40
f -40 -41 -39
f -40 -39 -38
f -38 -39 -37
f -38 -37 -36
f -36 -37 -35
f -36 -35 -34
f -34 -35 -33
f -34 -33 -32
f -32 -33 -31
f -32 -31 -30
f -30 -31 -29
f -30 -29 -28
f -28 -29 -27
f -28 -27 -26
f -26 -27 -25
f -26 -25 -24
f -24 -25 -23
f -24 -23 -22
f -22 -23 -21
f -22 -21 -20
f -20 -21 -19
f -20 -19 -18
f -18 -19 -17
f -18 -17 -16
f -16 -17 -15
f -16 -15 -14
f -14 -15 -13
f -14 -13 -12
f -12 -13 -11
f -12 -11 -10
f -10 -11 -9
f -10 -9 -8
f -8 -9 -7
f -8 -7 -6
f -6 -7 -5
f -6 -5 -4
f -4 -5 -3
f -4 -3 -2
f -2 -3 -1

o Default 
usemtl 0xFFFFFF
v 6.317 -1.778 0.2
v 6.32 -2.243 0.2
v 6.32 -2.243 0.2
v 6.321 -2.247 0.2
v 6.323 -2.25 0.2
v 6.325 -2.252 0.2
v 6.329 -2.254 0.2
v 6.332 -2.254 0.2
v 6.336 -2.254 0.2
v 6.339 -2.252 0.2
v 6.342 -2.25 0.2
v 6.343 -2.247 0.2
v 6.344 -2.243 0.2
v 6.341 -1.778 0.2
v 6.341 -1.778 0.2
v 6.34 -1.774 0.2
v 6.338 -1.771 0.2
v 6.336 -1.769 0.2
v 6.333 -1.768 0.2
v 6.329 -1.768 0.2
v 6.325 -1.768 0.2
v 6.322 -1.769 0.2
v 6.319 -1.772 0.2
v 6.318 -1.775 0.2
v 6.317 -1.778 0.2
v 6.317 -1.778 0.2
v 6.317 -1.778 0
v 6.32 -2.243 0.2
v 6.32 -2.243 0
v 6.32 -2.243 0.2
v 6.32 -2.243 0
v 6.321 -2.247 0.2
v 6.321 -2.247 0
v 6.323 -2.25 0.2
v 6.323 -2.25 0
v 6.325 -2.252 0.2
v 6.325 -2.252 0
v 6.329 -2.254 0.2
v 6.329 -2.254 0
v 6.332 -2.254 0.2
v 6.332 -2.254 0
v 6.336 -2.254 0.2
v 6.336 -2.254 0
v 6.339 -2.252 0.2
v 6.339 -2.252 0
v 6.342 -2.25 0.2
v 6.342 -2.25 0
v 6.343 -2.247 0.2
v 6.343 -2.247 0
v 6.344 -2.243 0.2
v 6.344 -2.243 0
v 6.341 -1.778 0.2
v 6.341 -1.778 0
v 6.341 -1.778 0.2
v 6.341 -1.778 0
v 6.34 -1.774 0.2
v 6.34 -1.774 0
v 6.338 -1.771 0.2
v 6.338 -1.771 0
v 6.336 -1.769 0.2
v 6.336 -1.769 0
v 6.333 -1.768 0.2
v 6.333 -1.768 0
v 6.329 -1.768 0.2
v 6.329 -1.768 0
v 6.325 -1.768 0.2
v 6.325 -1.768 0
v 6.322 -1.769 0.2
v 6.322 -1.769 0
v 6.319 -1.772 0.2
v 6.319 -1.772 0
v 6.318 -1.775 0.2
v 6.318 -1.775 0
v 6.317 -1.778 0.2
v 6.317 -1.778 0

f -72 -71 -70
f -70 -69 -68
f -68 -67 -66
f -66 -65 -64
f -60 -59 -58
f -58 -57 -56
f -56 -55 -54
f -54 -53 -52
f -72 -70 -68
f -68 -66 -64
f -60 -58 -56
f -56 -54 -52
f -72 -68 -64
f -60 -56 -52
f -72 -64 -63
f -60 -52 -75
f -72 -63 -61
f -61 -60 -75
f -75 -73 -72
f -72 -61 -75
f -50 -49 -48
f -48 -49 -47
f -48 -47 -46
f -46 -47 -45
f -46 -45 -44
f -44 -45 -43
f -44 -43 -42
f -42 -43 -41
f -42 -41 -40
f -40 -41 -39
f -40 -39 -38
f -38 -39 -37
f -38 -37 -36
f -36 -37 -35
f -36 -35 -34
f -34 -35 -33
f -34 -33 -32
f -32 -33 -31
f -32 -31 -30
f -30 -31 -29
f -30 -29 -28
f -28 -29 -27
f -28 -27 -26
f -26 -27 -25
f -26 -25 -24
f -24 -25 -23
f -24 -23 -22
f -22 -23 -21
f -22 -21 -20
f -20 -21 -19
f -20 -19 -18
f -18 -19 -17
f -18 -17 -16
f -16 -17 -15
f -16 -15 -14
f -14 -15 -13
f -14 -13 -12
f -12 -13 -11
f -12 -11 -10
f -10 -11 -9
f -10 -9 -8
f -8 -9 -7
f -8 -7 -6
f -6 -7 -5
f -6 -5 -4
f -4 -5 -3
f -4 -3 -2
f -2 -3 -1

o Default 
usemtl 0xFFFFFF
v 6.317 -2.651 0.2
v 6.317 -3.098 0.2
v 6.317 -3.098 0.2
v 6.318 -3.102 0.2
v 6.32 -3.105 0.2
v 6.322 -3.107 0.2
v 6.325 -3.109 0.2
v 6.329 -3.109 0.2
v 6.333 -3.109 0.2
v 6.336 -3.107 0.2
v 6.339 -3.105 0.2
v 6.34 -3.102 0.2
v 6.341 -3.098 0.2
v 6.341 -2.651 0.2
v 6.341 -2.651 0.2
v 6.34 -2.647 0.2
v 6.339 -2.644 0.2
v 6.336 -2.642 0.2
v 6.333 -2.641 0.2
v 6.329 -2.641 0.2
v 6.325 -2.641 0.2
v 6.322 -2.642 0.2
v 6.32 -2.644 0.2
v 6.318 -2.647 0.2
v 6.317 -2.651 0.2
v 6.317 -2.651 0.2
v 6.317 -2.651 0
v 6.317 -3.098 0.2
v 6.317 -3.098 0
v 6.317 -3.098 0.2
v 6.317 -3.098 0
v 6.318 -3.102 0.2
v 6.318 -3.102 0
v 6.32 -3.105 0.2
v 6.32 -3.105 0
v 6.322 -3.107 0.2
v 6.322 -3.107 0
v 6.325 -3.109 0.2
v 6.325 -3.109 0
v 6.329 -3.109 0.2
v 6.329 -3.109 0
v 6.333 -3.109 0.2
v 6.333 -3.109 0
v 6.336 -3.107 0.2
v 6.336 -3.107 0
v 6.339 -3.105 0.2
v 6.339 -3.105 0
v 6.34 -3.102 0.2
v 6.34 -3.102 0
v 6.341 -3.098 0.2
v 6.341 -3.098 0
v 6.341 -2.651 0.2
v 6.341 -2.651 0
v 6.341 -2.651 0.2
v 6.341 -2.651 0
v 6.34 -2.647 0.2
v 6.34 -2.647 0
v 6.339 -2.644 0.2
v 6.339 -2.644 0
v 6.336 -2.642 0.2
v 6.336 -2.642 0
v 6.333 -2.641 0.2
v 6.333 -2.641 0
v 6.329 -2.641 0.2
v 6.329 -2.641 0
v 6.325 -2.641 0.2
v 6.325 -2.641 0
v 6.322 -2.642 0.2
v 6.322 -2.642 0
v 6.32 -2.644 0.2
v 6.32 -2.644 0
v 6.318 -2.647 0.2
v 6.318 -2.647 0
v 6.317 -2.651 0.2
v 6.317 -2.651 0

f -72 -71 -70
f -70 -69 -68
f -68 -67 -66
f -66 -65 -64
f -60 -59 -58
f -58 -57 -56
f -56 -55 -54
f -54 -53 -52
f -72 -70 -68
f -68 -66 -64
f -60 -58 -56
f -56 -54 -52
f -72 -68 -64
f -60 -56 -52
f -72 -64 -63
f -60 -52 -75
f -72 -63 -61
f -61 -60 -75
f -75 -73 -72
f -72 -61 -75
f -50 -49 -48
f -48 -49 -47
f -48 -47 -46
f -46 -47 -45
f -46 -45 -44
f -44 -45 -43
f -44 -43 -42
f -42 -43 -41
f -42 -41 -40
f -40 -41 -39
f -40 -39 -38
f -38 -39 -37
f -38 -37 -36
f -36 -37 -35
f -36 -35 -34
f -34 -35 -33
f -34 -33 -32
f -32 -33 -31
f -32 -31 -30
f -30 -31 -29
f -30 -29 -28
f -28 -29 -27
f -28 -27 -26
f -26 -27 -25
f -26 -25 -24
f -24 -25 -23
f -24 -23 -22
f -22 -23 -21
f -22 -21 -20
f -20 -21 -19
f -20 -19 -18
f -18 -19 -17
f -18 -17 -16
f -16 -17 -15
f -16 -15 -14
f -14 -15 -13
f -14 -13 -12
f -12 -13 -11
f -12 -11 -10
f -10 -11 -9
f -10 -9 -8
f -8 -9 -7
f -8 -7 -6
f -6 -7 -5
f -6 -5 -4
f -4 -5 -3
f -4 -3 -2
f -2 -3 -1

o Default 
usemtl 0xFFFFFF
v 6.317 -3.482 0.2
v 6.317 -3.941 0.2
v 6.317 -3.941 0.2
v 6.318 -3.945 0.2
v 6.32 -3.948 0.2
v 6.322 -3.95 0.2
v 6.325 -3.952 0.2
v 6.329 -3.952 0.2
v 6.333 -3.952 0.2
v 6.336 -3.95 0.2
v 6.339 -3.948 0.2
v 6.34 -3.945 0.2
v 6.341 -3.941 0.2
v 6.341 -3.482 0.2
v 6.341 -3.482 0.2
v 6.34 -3.478 0.2
v 6.339 -3.475 0.2
v 6.336 -3.473 0.2
v 6.333 -3.472 0.2
v 6.329 -3.472 0.2
v 6.325 -3.472 0.2
v 6.322 -3.473 0.2
v 6.32 -3.475 0.2
v 6.318 -3.478 0.2
v 6.317 -3.482 0.2
v 6.317 -3.482 0.2
v 6.317 -3.482 0
v 6.317 -3.941 0.2
v 6.317 -3.941 0
v 6.317 -3.941 0.2
v 6.317 -3.941 0
v 6.318 -3.945 0.2
v 6.318 -3.945 0
v 6.32 -3.948 0.2
v 6.32 -3.948 0
v 6.322 -3.95 0.2
v 6.322 -3.95 0
v 6.325 -3.952 0.2
v 6.325 -3.952 0
v 6.329 -3.952 0.2
v 6.329 -3.952 0
v 6.333 -3.952 0.2
v 6.333 -3.952 0
v 6.336 -3.95 0.2
v 6.336 -3.95 0
v 6.339 -3.948 0.2
v 6.339 -3.948 0
v 6.34 -3.945 0.2
v 6.34 -3.945 0
v 6.341 -3.941 0.2
v 6.341 -3.941 0
v 6.341 -3.482 0.2
v 6.341 -3.482 0
v 6.341 -3.482 0.2
v 6.341 -3.482 0
v 6.34 -3.478 0.2
v 6.34 -3.478 0
v 6.339 -3.475 0.2
v 6.339 -3.475 0
v 6.336 -3.473 0.2
v 6.336 -3.473 0
v 6.333 -3.472 0.2
v 6.333 -3.472 0
v 6.329 -3.472 0.2
v 6.329 -3.472 0
v 6.325 -3.472 0.2
v 6.325 -3.472 0
v 6.322 -3.473 0.2
v 6.322 -3.473 0
v 6.32 -3.475 0.2
v 6.32 -3.475 0
v 6.318 -3.478 0.2
v 6.318 -3.478 0
v 6.317 -3.482 0.2
v 6.317 -3.482 0

f -72 -71 -70
f -70 -69 -68
f -68 -67 -66
f -66 -65 -64
f -60 -59 -58
f -58 -57 -56
f -56 -55 -54
f -54 -53 -52
f -72 -70 -68
f -68 -66 -64
f -60 -58 -56
f -56 -54 -52
f -72 -68 -64
f -60 -56 -52
f -72 -64 -63
f -60 -52 -75
f -72 -63 -61
f -61 -60 -75
f -75 -73 -72
f -72 -61 -75
f -50 -49 -48
f -48 -49 -47
f -48 -47 -46
f -46 -47 -45
f -46 -45 -44
f -44 -45 -43
f -44 -43 -42
f -42 -43 -41
f -42 -41 -40
f -40 -41 -39
f -40 -39 -38
f -38 -39 -37
f -38 -37 -36
f -36 -37 -35
f -36 -35 -34
f -34 -35 -33
f -34 -33 -32
f -32 -33 -31
f -32 -31 -30
f -30 -31 -29
f -30 -29 -28
f -28 -29 -27
f -28 -27 -26
f -26 -27 -25
f -26 -25 -24
f -24 -25 -23
f -24 -23 -22
f -22 -23 -21
f -22 -21 -20
f -20 -21 -19
f -20 -19 -18
f -18 -19 -17
f -18 -17 -16
f -16 -17 -15
f -16 -15 -14
f -14 -15 -13
f -14 -13 -12
f -12 -13 -11
f -12 -11 -10
f -10 -11 -9
f -10 -9 -8
f -8 -9 -7
f -8 -7 -6
f -6 -7 -5
f -6 -5 -4
f -4 -5 -3
f -4 -3 -2
f -2 -3 -1

o Default 
usemtl 0xFFFFFF
v -5.566 2.488 0.2
v -5.566 1.936 0.2
v -5.566 1.936 0.2
v -5.565 1.932 0.2
v -5.564 1.929 0.2
v -5.561 1.927 0.2
v -5.558 1.925 0.2
v -5.554 1.925 0.2
v -5.55 1.925 0.2
v -5.547 1.927 0.2
v -5.544 1.929 0.2
v -5.543 1.932 0.2
v -5.542 1.936 0.2
v -5.542 2.488 0.2
v -5.542 2.488 0.2
v -5.543 2.491 0.2
v -5.544 2.495 0.2
v -5.547 2.497 0.2
v -5.55 2.498 0.2
v -5.554 2.498 0.2
v -5.558 2.498 0.2
v -5.561 2.497 0.2
v -5.564 2.495 0.2
v -5.565 2.491 0.2
v -5.566 2.488 0.2
v -5.566 2.488 0.2
v -5.566 2.488 0
v -5.566 1.936 0.2
v -5.566 1.936 0
v -5.566 1.936 0.2
v -5.566 1.936 0
v -5.565 1.932 0.2
v -5.565 1.932 0
v -5.564 1.929 0.2
v -5.564 1.929 0
v -5.561 1.927 0.2
v -5.561 1.927 0
v -5.558 1.925 0.2
v -5.558 1.925 0
v -5.554 1.925 0.2
v -5.554 1.925 0
v -5.55 1.925 0.2
v -5.55 1.925 0
v -5.547 1.927 0.2
v -5.547 1.927 0
v -5.544 1.929 0.2
v -5.544 1.929 0
v -5.543 1.932 0.2
v -5.543 1.932 0
v -5.542 1.936 0.2
v -5.542 1.936 0
v -5.542 2.488 0.2
v -5.542 2.488 0
v -5.542 2.488 0.2
v -5.542 2.488 0
v -5.543 2.491 0.2
v -5.543 2.491 0
v -5.544 2.495 0.2
v -5.544 2.495 0
v -5.547 2.497 0.2
v -5.547 2.497 0
v -5.55 2.498 0.2
v -5.55 2.498 0
v -5.554 2.498 0.2
v -5.554 2.498 0
v -5.558 2.498 0.2
v -5.558 2.498 0
v -5.561 2.497 0.2
v -5.561 2.497 0
v -5.564 2.495 0.2
v -5.564 2.495 0
v -5.565 2.491 0.2
v -5.565 2.491 0
v -5.566 2.488 0.2
v -5.566 2.488 0

f -72 -71 -70
f -70 -69 -68
f -68 -67 -66
f -66 -65 -64
f -60 -59 -58
f -58 -57 -56
f -56 -55 -54
f -54 -53 -52
f -72 -70 -68
f -68 -66 -64
f -60 -58 -56
f -56 -54 -52
f -72 -68 -64
f -60 -56 -52
f -72 -64 -63
f -60 -52 -75
f -72 -63 -61
f -61 -60 -75
f -75 -73 -72
f -72 -61 -75
f -50 -49 -48
f -48 -49 -47
f -48 -47 -46
f -46 -47 -45
f -46 -45 -44
f -44 -45 -43
f -44 -43 -42
f -42 -43 -41
f -42 -41 -40
f -40 -41 -39
f -40 -39 -38
f -38 -39 -37
f -38 -37 -36
f -36 -37 -35
f -36 -35 -34
f -34 -35 -33
f -34 -33 -32
f -32 -33 -31
f -32 -31 -30
f -30 -31 -29
f -30 -29 -28
f -28 -29 -27
f -28 -27 -26
f -26 -27 -25
f -26 -25 -24
f -24 -25 -23
f -24 -23 -22
f -22 -23 -21
f -22 -21 -20
f -20 -21 -19
f -20 -19 -18
f -18 -19 -17
f -18 -17 -16
f -16 -17 -15
f -16 -15 -14
f -14 -15 -13
f -14 -13 -12
f -12 -13 -11
f -12 -11 -10
f -10 -11 -9
f -10 -9 -8
f -8 -9 -7
f -8 -7 -6
f -6 -7 -5
f -6 -5 -4
f -4 -5 -3
f -4 -3 -2
f -2 -3 -1

o Default 
usemtl 0xFFFFFF
v -5.545 1.126 0.2
v -5.545 0.634 0.2
v -5.545 0.634 0.2
v -5.544 0.63 0.2
v -5.543 0.627 0.2
v -5.54 0.625 0.2
v -5.537 0.623 0.2
v -5.533 0.623 0.2
v -5.529 0.623 0.2
v -5.526 0.625 0.2
v -5.523 0.627 0.2
v -5.522 0.63 0.2
v -5.521 0.634 0.2
v -5.521 1.126 0.2
v -5.521 1.126 0.2
v -5.522 1.129 0.2
v -5.523 1.133 0.2
v -5.526 1.135 0.2
v -5.529 1.136 0.2
v -5.533 1.136 0.2
v -5.537 1.136 0.2
v -5.54 1.135 0.2
v -5.543 1.133 0.2
v -5.544 1.129 0.2
v -5.545 1.126 0.2
v -5.545 1.126 0.2
v -5.545 1.126 0
v -5.545 0.634 0.2
v -5.545 0.634 0
v -5.545 0.634 0.2
v -5.545 0.634 0
v -5.544 0.63 0.2
v -5.544 0.63 0
v -5.543 0.627 0.2
v -5.543 0.627 0
v -5.54 0.625 0.2
v -5.54 0.625 0
v -5.537 0.623 0.2
v -5.537 0.623 0
v -5.533 0.623 0.2
v -5.533 0.623 0
v -5.529 0.623 0.2
v -5.529 0.623 0
v -5.526 0.625 0.2
v -5.526 0.625 0
v -5.523 0.627 0.2
v -5.523 0.627 0
v -5.522 0.63 0.2
v -5.522 0.63 0
v -5.521 0.634 0.2
v -5.521 0.634 0
v -5.521 1.126 0.2
v -5.521 1.126 0
v -5.521 1.126 0.2
v -5.521 1.126 0
v -5.522 1.129 0.2
v -5.522 1.129 0
v -5.523 1.133 0.2
v -5.523 1.133 0
v -5.526 1.135 0.2
v -5.526 1.135 0
v -5.529 1.136 0.2
v -5.529 1.136 0
v -5.533 1.136 0.2
v -5.533 1.136 0
v -5.537 1.136 0.2
v -5.537 1.136 0
v -5.54 1.135 0.2
v -5.54 1.135 0
v -5.543 1.133 0.2
v -5.543 1.133 0
v -5.544 1.129 0.2
v -5.544 1.129 0
v -5.545 1.126 0.2
v -5.545 1.126 0

f -72 -71 -70
f -70 -69 -68
f -68 -67 -66
f -66 -65 -64
f -60 -59 -58
f -58 -57 -56
f -56 -55 -54
f -54 -53 -52
f -72 -70 -68
f -68 -66 -64
f -60 -58 -56
f -56 -54 -52
f -72 -68 -64
f -60 -56 -52
f -72 -64 -63
f -60 -52 -75
f -72 -63 -61
f -61 -60 -75
f -75 -73 -72
f -72 -61 -75
f -50 -49 -48
f -48 -49 -47
f -48 -47 -46
f -46 -47 -45
f -46 -45 -44
f -44 -45 -43
f -44 -43 -42
f -42 -43 -41
f -42 -41 -40
f -40 -41 -39
f -40 -39 -38
f -38 -39 -37
f -38 -37 -36
f -36 -37 -35
f -36 -35 -34
f -34 -35 -33
f -34 -33 -32
f -32 -33 -31
f -32 -31 -30
f -30 -31 -29
f -30 -29 -28
f -28 -29 -27
f -28 -27 -26
f -26 -27 -25
f -26 -25 -24
f -24 -25 -23
f -24 -23 -22
f -22 -23 -21
f -22 -21 -20
f -20 -21 -19
f -20 -19 -18
f -18 -19 -17
f -18 -17 -16
f -16 -17 -15
f -16 -15 -14
f -14 -15 -13
f -14 -13 -12
f -12 -13 -11
f -12 -11 -10
f -10 -11 -9
f -10 -9 -8
f -8 -9 -7
f -8 -7 -6
f -6 -7 -5
f -6 -5 -4
f -4 -5 -3
f -4 -3 -2
f -2 -3 -1

o Default 
usemtl 0xFFFFFF
v -5.545 0.25 0.2
v -5.545 -0.272 0.2
v -5.545 -0.272 0.2
v -5.544 -0.276 0.2
v -5.543 -0.279 0.2
v -5.54 -0.281 0.2
v -5.537 -0.283 0.2
v -5.533 -0.283 0.2
v -5.529 -0.283 0.2
v -5.526 -0.281 0.2
v -5.523 -0.279 0.2
v -5.522 -0.276 0.2
v -5.521 -0.272 0.2
v -5.521 0.25 0.2
v -5.521 0.25 0.2
v -5.522 0.254 0.2
v -5.523 0.257 0.2
v -5.526 0.259 0.2
v -5.529 0.26 0.2
v -5.533 0.26 0.2
v -5.537 0.26 0.2
v -5.54 0.259 0.2
v -5.543 0.257 0.2
v -5.544 0.254 0.2
v -5.545 0.25 0.2
v -5.545 0.25 0.2
v -5.545 0.25 0
v -5.545 -0.272 0.2
v -5.545 -0.272 0
v -5.545 -0.272 0.2
v -5.545 -0.272 0
v -5.544 -0.276 0.2
v -5.544 -0.276 0
v -5.543 -0.279 0.2
v -5.543 -0.279 0
v -5.54 -0.281 0.2
v -5.54 -0.281 0
v -5.537 -0.283 0.2
v -5.537 -0.283 0
v -5.533 -0.283 0.2
v -5.533 -0.283 0
v -5.529 -0.283 0.2
v -5.529 -0.283 0
v -5.526 -0.281 0.2
v -5.526 -0.281 0
v -5.523 -0.279 0.2
v -5.523 -0.279 0
v -5.522 -0.276 0.2
v -5.522 -0.276 0
v -5.521 -0.272 0.2
v -5.521 -0.272 0
v -5.521 0.25 0.2
v -5.521 0.25 0
v -5.521 0.25 0.2
v -5.521 0.25 0
v -5.522 0.254 0.2
v -5.522 0.254 0
v -5.523 0.257 0.2
v -5.523 0.257 0
v -5.526 0.259 0.2
v -5.526 0.259 0
v -5.529 0.26 0.2
v -5.529 0.26 0
v -5.533 0.26 0.2
v -5.533 0.26 0
v -5.537 0.26 0.2
v -5.537 0.26 0
v -5.54 0.259 0.2
v -5.54 0.259 0
v -5.543 0.257 0.2
v -5.543 0.257 0
v -5.544 0.254 0.2
v -5.544 0.254 0
v -5.545 0.25 0.2
v -5.545 0.25 0

f -72 -71 -70
f -70 -69 -68
f -68 -67 -66
f -66 -65 -64
f -60 -59 -58
f -58 -57 -56
f -56 -55 -54
f -54 -53 -52
f -72 -70 -68
f -68 -66 -64
f -60 -58 -56
f -56 -54 -52
f -72 -68 -64
f -60 -56 -52
f -72 -64 -63
f -60 -52 -75
f -72 -63 -61
f -61 -60 -75
f -75 -73 -72
f -72 -61 -75
f -50 -49 -48
f -48 -49 -47
f -48 -47 -46
f -46 -47 -45
f -46 -45 -44
f -44 -45 -43
f -44 -43 -42
f -42 -43 -41
f -42 -41 -40
f -40 -41 -39
f -40 -39 -38
f -38 -39 -37
f -38 -37 -36
f -36 -37 -35
f -36 -35 -34
f -34 -35 -33
f -34 -33 -32
f -32 -33 -31
f -32 -31 -30
f -30 -31 -29
f -30 -29 -28
f -28 -29 -27
f -28 -27 -26
f -26 -27 -25
f -26 -25 -24
f -24 -25 -23
f -24 -23 -22
f -22 -23 -21
f -22 -21 -20
f -20 -21 -19
f -20 -19 -18
f -18 -19 -17
f -18 -17 -16
f -16 -17 -15
f -16 -15 -14
f -14 -15 -13
f -14 -13 -12
f -12 -13 -11
f -12 -11 -10
f -10 -11 -9
f -10 -9 -8
f -8 -9 -7
f -8 -7 -6
f -6 -7 -5
f -6 -5 -4
f -4 -5 -3
f -4 -3 -2
f -2 -3 -1

o Default 
usemtl 0xFFFFFF
v -5.545 -0.683 0.2
v -5.545 -1.175 0.2
v -5.545 -1.175 0.2
v -5.544 -1.179 0.2
v -5.543 -1.182 0.2
v -5.54 -1.184 0.2
v -5.537 -1.186 0.2
v -5.533 -1.186 0.2
v -5.529 -1.186 0.2
v -5.526 -1.184 0.2
v -5.523 -1.182 0.2
v -5.522 -1.179 0.2
v -5.521 -1.175 0.2
v -5.521 -0.683 0.2
v -5.521 -0.683 0.2
v -5.522 -0.679 0.2
v -5.523 -0.676 0.2
v -5.526 -0.674 0.2
v -5.529 -0.673 0.2
v -5.533 -0.673 0.2
v -5.537 -0.673 0.2
v -5.54 -0.674 0.2
v -5.543 -0.676 0.2
v -5.544 -0.679 0.2
v -5.545 -0.683 0.2
v -5.545 -0.683 0.2
v -5.545 -0.683 0
v -5.545 -1.175 0.2
v -5.545 -1.175 0
v -5.545 -1.175 0.2
v -5.545 -1.175 0
v -5.544 -1.179 0.2
v -5.544 -1.179 0
v -5.543 -1.182 0.2
v -5.543 -1.182 0
v -5.54 -1.184 0.2
v -5.54 -1.184 0
v -5.537 -1.186 0.2
v -5.537 -1.186 0
v -5.533 -1.186 0.2
v -5.533 -1.186 0
v -5.529 -1.186 0.2
v -5.529 -1.186 0
v -5.526 -1.184 0.2
v -5.526 -1.184 0
v -5.523 -1.182 0.2
v -5.523 -1.182 0
v -5.522 -1.179 0.2
v -5.522 -1.179 0
v -5.521 -1.175 0.2
v -5.521 -1.175 0
v -5.521 -0.683 0.2
v -5.521 -0.683 0
v -5.521 -0.683 0.2
v -5.521 -0.683 0
v -5.522 -0.679 0.2
v -5.522 -0.679 0
v -5.523 -0.676 0.2
v -5.523 -0.676 0
v -5.526 -0.674 0.2
v -5.526 -0.674 0
v -5.529 -0.673 0.2
v -5.529 -0.673 0
v -5.533 -0.673 0.2
v -5.533 -0.673 0
v -5.537 -0.673 0.2
v -5.537 -0.673 0
v -5.54 -0.674 0.2
v -5.54 -0.674 0
v -5.543 -0.676 0.2
v -5.543 -0.676 0
v -5.544 -0.679 0.2
v -5.544 -0.679 0
v -5.545 -0.683 0.2
v -5.545 -0.683 0

f -72 -71 -70
f -70 -69 -68
f -68 -67 -66
f -66 -65 -64
f -60 -59 -58
f -58 -57 -56
f -56 -55 -54
f -54 -53 -52
f -72 -70 -68
f -68 -66 -64
f -60 -58 -56
f -56 -54 -52
f -72 -68 -64
f -60 -56 -52
f -72 -64 -63
f -60 -52 -75
f -72 -63 -61
f -61 -60 -75
f -75 -73 -72
f -72 -61 -75
f -50 -49 -48
f -48 -49 -47
f -48 -47 -46
f -46 -47 -45
f -46 -45 -44
f -44 -45 -43
f -44 -43 -42
f -42 -43 -41
f -42 -41 -40
f -40 -41 -39
f -40 -39 -38
f -38 -39 -37
f -38 -37 -36
f -36 -37 -35
f -36 -35 -34
f -34 -35 -33
f -34 -33 -32
f -32 -33 -31
f -32 -31 -30
f -30 -31 -29
f -30 -29 -28
f -28 -29 -27
f -28 -27 -26
f -26 -27 -25
f -26 -25 -24
f -24 -25 -23
f -24 -23 -22
f -22 -23 -21
f -22 -21 -20
f -20 -21 -19
f -20 -19 -18
f -18 -19 -17
f -18 -17 -16
f -16 -17 -15
f -16 -15 -14
f -14 -15 -13
f -14 -13 -12
f -12 -13 -11
f -12 -11 -10
f -10 -11 -9
f -10 -9 -8
f -8 -9 -7
f -8 -7 -6
f -6 -7 -5
f -6 -5 -4
f -4 -5 -3
f -4 -3 -2
f -2 -3 -1

o Default 
usemtl 0xFFFFFF
v -5.545 -1.559 0.2
v -5.545 -2.087 0.2
v -5.545 -2.087 0.2
v -5.544 -2.091 0.2
v -5.543 -2.094 0.2
v -5.54 -2.096 0.2
v -5.537 -2.098 0.2
v -5.533 -2.098 0.2
v -5.529 -2.098 0.2
v -5.526 -2.096 0.2
v -5.523 -2.094 0.2
v -5.522 -2.091 0.2
v -5.521 -2.087 0.2
v -5.521 -1.559 0.2
v -5.521 -1.559 0.2
v -5.522 -1.555 0.2
v -5.523 -1.552 0.2
v -5.526 -1.55 0.2
v -5.529 -1.549 0.2
v -5.533 -1.549 0.2
v -5.537 -1.549 0.2
v -5.54 -1.55 0.2
v -5.543 -1.552 0.2
v -5.544 -1.555 0.2
v -5.545 -1.559 0.2
v -5.545 -1.559 0.2
v -5.545 -1.559 0
v -5.545 -2.087 0.2
v -5.545 -2.087 0
v -5.545 -2.087 0.2
v -5.545 -2.087 0
v -5.544 -2.091 0.2
v -5.544 -2.091 0
v -5.543 -2.094 0.2
v -5.543 -2.094 0
v -5.54 -2.096 0.2
v -5.54 -2.096 0
v -5.537 -2.098 0.2
v -5.537 -2.098 0
v -5.533 -2.098 0.2
v -5.533 -2.098 0
v -5.529 -2.098 0.2
v -5.529 -2.098 0
v -5.526 -2.096 0.2
v -5.526 -2.096 0
v -5.523 -2.094 0.2
v -5.523 -2.094 0
v -5.522 -2.091 0.2
v -5.522 -2.091 0
v -5.521 -2.087 0.2
v -5.521 -2.087 0
v -5.521 -1.559 0.2
v -5.521 -1.559 0
v -5.521 -1.559 0.2
v -5.521 -1.559 0
v -5.522 -1.555 0.2
v -5.522 -1.555 0
v -5.523 -1.552 0.2
v -5.523 -1.552 0
v -5.526 -1.55 0.2
v -5.526 -1.55 0
v -5.529 -1.549 0.2
v -5.529 -1.549 0
v -5.533 -1.549 0.2
v -5.533 -1.549 0
v -5.537 -1.549 0.2
v -5.537 -1.549 0
v -5.54 -1.55 0.2
v -5.54 -1.55 0
v -5.543 -1.552 0.2
v -5.543 -1.552 0
v -5.544 -1.555 0.2
v -5.544 -1.555 0
v -5.545 -1.559 0.2
v -5.545 -1.559 0

f -72 -71 -70
f -70 -69 -68
f -68 -67 -66
f -66 -65 -64
f -60 -59 -58
f -58 -57 -56
f -56 -55 -54
f -54 -53 -52
f -72 -70 -68
f -68 -66 -64
f -60 -58 -56
f -56 -54 -52
f -72 -68 -64
f -60 -56 -52
f -72 -64 -63
f -60 -52 -75
f -72 -63 -61
f -61 -60 -75
f -75 -73 -72
f -72 -61 -75
f -50 -49 -48
f -48 -49 -47
f -48 -47 -46
f -46 -47 -45
f -46 -45 -44
f -44 -45 -43
f -44 -43 -42
f -42 -43 -41
f -42 -41 -40
f -40 -41 -39
f -40 -39 -38
f -38 -39 -37
f -38 -37 -36
f -36 -37 -35
f -36 -35 -34
f -34 -35 -33
f -34 -33 -32
f -32 -33 -31
f -32 -31 -30
f -30 -31 -29
f -30 -29 -28
f -28 -29 -27
f -28 -27 -26
f -26 -27 -25
f -26 -25 -24
f -24 -25 -23
f -24 -23 -22
f -22 -23 -21
f -22 -21 -20
f -20 -21 -19
f -20 -19 -18
f -18 -19 -17
f -18 -17 -16
f -16 -17 -15
f -16 -15 -14
f -14 -15 -13
f -14 -13 -12
f -12 -13 -11
f -12 -11 -10
f -10 -11 -9
f -10 -9 -8
f -8 -9 -7
f -8 -7 -6
f -6 -7 -5
f -6 -5 -4
f -4 -5 -3
f -4 -3 -2
f -2 -3 -1

o Default 
usemtl 0xFFFFFF
v -5.545 -2.495 0.2
v -5.545 -3.017 0.2
v -5.545 -3.017 0.2
v -5.544 -3.021 0.2
v -5.543 -3.024 0.2
v -5.54 -3.026 0.2
v -5.537 -3.028 0.2
v -5.533 -3.028 0.2
v -5.529 -3.028 0.2
v -5.526 -3.026 0.2
v -5.523 -3.024 0.2
v -5.522 -3.021 0.2
v -5.521 -3.017 0.2
v -5.521 -2.495 0.2
v -5.521 -2.495 0.2
v -5.522 -2.491 0.2
v -5.523 -2.488 0.2
v -5.526 -2.486 0.2
v -5.529 -2.485 0.2
v -5.533 -2.485 0.2
v -5.537 -2.485 0.2
v -5.54 -2.486 0.2
v -5.543 -2.488 0.2
v -5.544 -2.491 0.2
v -5.545 -2.495 0.2
v -5.545 -2.495 0.2
v -5.545 -2.495 0
v -5.545 -3.017 0.2
v -5.545 -3.017 0
v -5.545 -3.017 0.2
v -5.545 -3.017 0
v -5.544 -3.021 0.2
v -5.544 -3.021 0
v -5.543 -3.024 0.2
v -5.543 -3.024 0
v -5.54 -3.026 0.2
v -5.54 -3.026 0
v -5.537 -3.028 0.2
v -5.537 -3.028 0
v -5.533 -3.028 0.2
v -5.533 -3.028 0
v -5.529 -3.028 0.2
v -5.529 -3.028 0
v -5.526 -3.026 0.2
v -5.526 -3.026 0
v -5.523 -3.024 0.2
v -5.523 -3.024 0
v -5.522 -3.021 0.2
v -5.522 -3.021 0
v -5.521 -3.017 0.2
v -5.521 -3.017 0
v -5.521 -2.495 0.2
v -5.521 -2.495 0
v -5.521 -2.495 0.2
v -5.521 -2.495 0
v -5.522 -2.491 0.2
v -5.522 -2.491 0
v -5.523 -2.488 0.2
v -5.523 -2.488 0
v -5.526 -2.486 0.2
v -5.526 -2.486 0
v -5.529 -2.485 0.2
v -5.529 -2.485 0
v -5.533 -2.485 0.2
v -5.533 -2.485 0
v -5.537 -2.485 0.2
v -5.537 -2.485 0
v -5.54 -2.486 0.2
v -5.54 -2.486 0
v -5.543 -2.488 0.2
v -5.543 -2.488 0
v -5.544 -2.491 0.2
v -5.544 -2.491 0
v -5.545 -2.495 0.2
v -5.545 -2.495 0

f -72 -71 -70
f -70 -69 -68
f -68 -67 -66
f -66 -65 -64
f -60 -59 -58
f -58 -57 -56
f -56 -55 -54
f -54 -53 -52
f -72 -70 -68
f -68 -66 -64
f -60 -58 -56
f -56 -54 -52
f -72 -68 -64
f -60 -56 -52
f -72 -64 -63
f -60 -52 -75
f -72 -63 -61
f -61 -60 -75
f -75 -73 -72
f -72 -61 -75
f -50 -49 -48
f -48 -49 -47
f -48 -47 -46
f -46 -47 -45
f -46 -45 -44
f -44 -45 -43
f -44 -43 -42
f -42 -43 -41
f -42 -41 -40
f -40 -41 -39
f -40 -39 -38
f -38 -39 -37
f -38 -37 -36
f -36 -37 -35
f -36 -35 -34
f -34 -35 -33
f -34 -33 -32
f -32 -33 -31
f -32 -31 -30
f -30 -31 -29
f -30 -29 -28
f -28 -29 -27
f -28 -27 -26
f -26 -27 -25
f -26 -25 -24
f -24 -25 -23
f -24 -23 -22
f -22 -23 -21
f -22 -21 -20
f -20 -21 -19
f -20 -19 -18
f -18 -19 -17
f -18 -17 -16
f -16 -17 -15
f -16 -15 -14
f -14 -15 -13
f -14 -13 -12
f -12 -13 -11
f -12 -11 -10
f -10 -11 -9
f -10 -9 -8
f -8 -9 -7
f -8 -7 -6
f -6 -7 -5
f -6 -5 -4
f -4 -5 -3
f -4 -3 -2
f -2 -3 -1

o Default 
usemtl 0xFFFFFF
v -5.545 -3.404 0.2
v -5.545 -3.944 0.2
v -5.545 -3.944 0.2
v -5.544 -3.948 0.2
v -5.543 -3.951 0.2
v -5.54 -3.953 0.2
v -5.537 -3.955 0.2
v -5.533 -3.955 0.2
v -5.529 -3.955 0.2
v -5.526 -3.953 0.2
v -5.523 -3.951 0.2
v -5.522 -3.948 0.2
v -5.521 -3.944 0.2
v -5.521 -3.404 0.2
v -5.521 -3.404 0.2
v -5.522 -3.4 0.2
v -5.523 -3.397 0.2
v -5.526 -3.395 0.2
v -5.529 -3.394 0.2
v -5.533 -3.394 0.2
v -5.537 -3.394 0.2
v -5.54 -3.395 0.2
v -5.543 -3.397 0.2
v -5.544 -3.4 0.2
v -5.545 -3.404 0.2
v -5.545 -3.404 0.2
v -5.545 -3.404 0
v -5.545 -3.944 0.2
v -5.545 -3.944 0
v -5.545 -3.944 0.2
v -5.545 -3.944 0
v -5.544 -3.948 0.2
v -5.544 -3.948 0
v -5.543 -3.951 0.2
v -5.543 -3.951 0
v -5.54 -3.953 0.2
v -5.54 -3.953 0
v -5.537 -3.955 0.2
v -5.537 -3.955 0
v -5.533 -3.955 0.2
v -5.533 -3.955 0
v -5.529 -3.955 0.2
v -5.529 -3.955 0
v -5.526 -3.953 0.2
v -5.526 -3.953 0
v -5.523 -3.951 0.2
v -5.523 -3.951 0
v -5.522 -3.948 0.2
v -5.522 -3.948 0
v -5.521 -3.944 0.2
v -5.521 -3.944 0
v -5.521 -3.404 0.2
v -5.521 -3.404 0
v -5.521 -3.404 0.2
v -5.521 -3.404 0
v -5.522 -3.4 0.2
v -5.522 -3.4 0
v -5.523 -3.397 0.2
v -5.523 -3.397 0
v -5.526 -3.395 0.2
v -5.526 -3.395 0
v -5.529 -3.394 0.2
v -5.529 -3.394 0
v -5.533 -3.394 0.2
v -5.533 -3.394 0
v -5.537 -3.394 0.2
v -5.537 -3.394 0
v -5.54 -3.395 0.2
v -5.54 -3.395 0
v -5.543 -3.397 0.2
v -5.543 -3.397 0
v -5.544 -3.4 0.2
v -5.544 -3.4 0
v -5.545 -3.404 0.2
v -5.545 -3.404 0

f -72 -71 -70
f -70 -69 -68
f -68 -67 -66
f -66 -65 -64
f -60 -59 -58
f -58 -57 -56
f -56 -55 -54
f -54 -53 -52
f -72 -70 -68
f -68 -66 -64
f -60 -58 -56
f -56 -54 -52
f -72 -68 -64
f -60 -56 -52
f -72 -64 -63
f -60 -52 -75
f -72 -63 -61
f -61 -60 -75
f -75 -73 -72
f -72 -61 -75
f -50 -49 -48
f -48 -49 -47
f -48 -47 -46
f -46 -47 -45
f -46 -45 -44
f -44 -45 -43
f -44 -43 -42
f -42 -43 -41
f -42 -41 -40
f -40 -41 -39
f -40 -39 -38
f -38 -39 -37
f -38 -37 -36
f -36 -37 -35
f -36 -35 -34
f -34 -35 -33
f -34 -33 -32
f -32 -33 -31
f -32 -31 -30
f -30 -31 -29
f -30 -29 -28
f -28 -29 -27
f -28 -27 -26
f -26 -27 -25
f -26 -25 -24
f -24 -25 -23
f -24 -23 -22
f -22 -23 -21
f -22 -21 -20
f -20 -21 -19
f -20 -19 -18
f -18 -19 -17
f -18 -17 -16
f -16 -17 -15
f -16 -15 -14
f -14 -15 -13
f -14 -13 -12
f -12 -13 -11
f -12 -11 -10
f -10 -11 -9
f -10 -9 -8
f -8 -9 -7
f -8 -7 -6
f -6 -7 -5
f -6 -5 -4
f -4 -5 -3
f -4 -3 -2
f -2 -3 -1

o Default b362
usemtl 0x50B09A
v -2.314 0.604 0.2
v -1.726 0.604 0.2
v -1.726 1.192 0.2
v -2.314 1.192 0.2
v -2.314 0.604 0.2
v -2.314 0.604 0.2
v -2.314 0.604 0
v -1.726 0.604 0.2
v -1.726 0.604 0
v -1.726 1.192 0.2
v -1.726 1.192 0
v -2.314 1.192 0.2
v -2.314 1.192 0
v -2.314 0.604 0.2
v -2.314 0.604 0

f -12 -15 -14
f -14 -13 -12
f -10 -9 -8
f -8 -9 -7
f -8 -7 -6
f -6 -7 -5
f -6 -5 -4
f -4 -5 -3
f -4 -3 -2
f -2 -3 -1

o Default b462
usemtl 0x50B09A
v -1.417 0.604 0.2
v -1.123 0.604 0.2
v -1.123 1.192 0.2
v -1.417 1.192 0.2
v -1.417 0.604 0.2
v -1.417 0.604 0.2
v -1.417 0.604 0
v -1.123 0.604 0.2
v -1.123 0.604 0
v -1.123 1.192 0.2
v -1.123 1.192 0
v -1.417 1.192 0.2
v -1.417 1.192 0
v -1.417 0.604 0.2
v -1.417 0.604 0

f -12 -15 -14
f -14 -13 -12
f -10 -9 -8
f -8 -9 -7
f -8 -7 -6
f -6 -7 -5
f -6 -5 -4
f -4 -5 -3
f -4 -3 -2
f -2 -3 -1

o Default b563
usemtl 0x50B09A
v -1.117 0.601 0.2
v -0.823 0.601 0.2
v -0.823 0.895 0.2
v -1.117 0.895 0.2
v -1.117 0.601 0.2
v -1.117 0.601 0.2
v -1.117 0.601 0
v -0.823 0.601 0.2
v -0.823 0.601 0
v -0.823 0.895 0.2
v -0.823 0.895 0
v -1.117 0.895 0.2
v -1.117 0.895 0
v -1.117 0.601 0.2
v -1.117 0.601 0

f -12 -15 -14
f -14 -13 -12
f -10 -9 -8
f -8 -9 -7
f -8 -7 -6
f -6 -7 -5
f -6 -5 -4
f -4 -5 -3
f -4 -3 -2
f -2 -3 -1

o Default b561
usemtl 0x50B09A
v -1.117 0.901 0.2
v -0.823 0.901 0.2
v -0.823 1.195 0.2
v -1.117 1.195 0.2
v -1.117 0.901 0.2
v -1.117 0.901 0.2
v -1.117 0.901 0
v -0.823 0.901 0.2
v -0.823 0.901 0
v -0.823 1.195 0.2
v -0.823 1.195 0
v -1.117 1.195 0.2
v -1.117 1.195 0
v -1.117 0.901 0.2
v -1.117 0.901 0

f -12 -15 -14
f -14 -13 -12
f -10 -9 -8
f -8 -9 -7
f -8 -7 -6
f -6 -7 -5
f -6 -5 -4
f -4 -5 -3
f -4 -3 -2
f -2 -3 -1

o Default b562
usemtl 0x50B09A
v -0.514 0.604 0.2
v 0.074 0.604 0.2
v 0.074 1.192 0.2
v -0.514 1.192 0.2
v -0.514 0.604 0.2
v -0.514 0.604 0.2
v -0.514 0.604 0
v 0.074 0.604 0.2
v 0.074 0.604 0
v 0.074 1.192 0.2
v 0.074 1.192 0
v -0.514 1.192 0.2
v -0.514 1.192 0
v -0.514 0.604 0.2
v -0.514 0.604 0

f -12 -15 -14
f -14 -13 -12
f -10 -9 -8
f -8 -9 -7
f -8 -7 -6
f -6 -7 -5
f -6 -5 -4
f -4 -5 -3
f -4 -3 -2
f -2 -3 -1

o Default b664
usemtl 0x50B09A
v 0.683 0.601 0.2
v 0.977 0.601 0.2
v 0.977 0.895 0.2
v 0.683 0.895 0.2
v 0.683 0.601 0.2
v 0.683 0.601 0.2
v 0.683 0.601 0
v 0.977 0.601 0.2
v 0.977 0.601 0
v 0.977 0.895 0.2
v 0.977 0.895 0
v 0.683 0.895 0.2
v 0.683 0.895 0
v 0.683 0.601 0.2
v 0.683 0.601 0

f -12 -15 -14
f -14 -13 -12
f -10 -9 -8
f -8 -9 -7
f -8 -7 -6
f -6 -7 -5
f -6 -5 -4
f -4 -5 -3
f -4 -3 -2
f -2 -3 -1

o Default b662
usemtl 0x50B09A
v 0.683 0.901 0.2
v 0.977 0.901 0.2
v 0.977 1.195 0.2
v 0.683 1.195 0.2
v 0.683 0.901 0.2
v 0.683 0.901 0.2
v 0.683 0.901 0
v 0.977 0.901 0.2
v 0.977 0.901 0
v 0.977 1.195 0.2
v 0.977 1.195 0
v 0.683 1.195 0.2
v 0.683 1.195 0
v 0.683 0.901 0.2
v 0.683 0.901 0

f -12 -15 -14
f -14 -13 -12
f -10 -9 -8
f -8 -9 -7
f -8 -7 -6
f -6 -7 -5
f -6 -5 -4
f -4 -5 -3
f -4 -3 -2
f -2 -3 -1

o Default b763
usemtl 0x50B09A
v 0.983 0.601 0.2
v 1.277 0.601 0.2
v 1.277 0.895 0.2
v 0.983 0.895 0.2
v 0.983 0.601 0.2
v 0.983 0.601 0.2
v 0.983 0.601 0
v 1.277 0.601 0.2
v 1.277 0.601 0
v 1.277 0.895 0.2
v 1.277 0.895 0
v 0.983 0.895 0.2
v 0.983 0.895 0
v 0.983 0.601 0.2
v 0.983 0.601 0

f -12 -15 -14
f -14 -13 -12
f -10 -9 -8
f -8 -9 -7
f -8 -7 -6
f -6 -7 -5
f -6 -5 -4
f -4 -5 -3
f -4 -3 -2
f -2 -3 -1

o Default b761
usemtl 0x50B09A
v 0.983 0.901 0.2
v 1.277 0.901 0.2
v 1.277 1.195 0.2
v 0.983 1.195 0.2
v 0.983 0.901 0.2
v 0.983 0.901 0.2
v 0.983 0.901 0
v 1.277 0.901 0.2
v 1.277 0.901 0
v 1.277 1.195 0.2
v 1.277 1.195 0
v 0.983 1.195 0.2
v 0.983 1.195 0
v 0.983 0.901 0.2
v 0.983 0.901 0

f -12 -15 -14
f -14 -13 -12
f -10 -9 -8
f -8 -9 -7
f -8 -7 -6
f -6 -7 -5
f -6 -5 -4
f -4 -5 -3
f -4 -3 -2
f -2 -3 -1

o Default b762
usemtl 0x50B09A
v 1.586 0.604 0.2
v 2.174 0.604 0.2
v 2.174 1.192 0.2
v 1.586 1.192 0.2
v 1.586 0.604 0.2
v 1.586 0.604 0.2
v 1.586 0.604 0
v 2.174 0.604 0.2
v 2.174 0.604 0
v 2.174 1.192 0.2
v 2.174 1.192 0
v 1.586 1.192 0.2
v 1.586 1.192 0
v 1.586 0.604 0.2
v 1.586 0.604 0

f -12 -15 -14
f -14 -13 -12
f -10 -9 -8
f -8 -9 -7
f -8 -7 -6
f -6 -7 -5
f -6 -5 -4
f -4 -5 -3
f -4 -3 -2
f -2 -3 -1

o Default b862
usemtl 0x50B09A
v 2.486 0.604 0.2
v 3.074 0.604 0.2
v 3.074 1.192 0.2
v 2.486 1.192 0.2
v 2.486 0.604 0.2
v 2.486 0.604 0.2
v 2.486 0.604 0
v 3.074 0.604 0.2
v 3.074 0.604 0
v 3.074 1.192 0.2
v 3.074 1.192 0
v 2.486 1.192 0.2
v 2.486 1.192 0
v 2.486 0.604 0.2
v 2.486 0.604 0

f -12 -15 -14
f -14 -13 -12
f -10 -9 -8
f -8 -9 -7
f -8 -7 -6
f -6 -7 -5
f -6 -5 -4
f -4 -5 -3
f -4 -3 -2
f -2 -3 -1

o Default b962
usemtl 0x50B09A
v 3.386 0.604 0.2
v 3.974 0.604 0.2
v 3.974 1.192 0.2
v 3.386 1.192 0.2
v 3.386 0.604 0.2
v 3.386 0.604 0.2
v 3.386 0.604 0
v 3.974 0.604 0.2
v 3.974 0.604 0
v 3.974 1.192 0.2
v 3.974 1.192 0
v 3.386 1.192 0.2
v 3.386 1.192 0
v 3.386 0.604 0.2
v 3.386 0.604 0

f -12 -15 -14
f -14 -13 -12
f -10 -9 -8
f -8 -9 -7
f -8 -7 -6
f -6 -7 -5
f -6 -5 -4
f -4 -5 -3
f -4 -3 -2
f -2 -3 -1

o Default b954
usemtl 0x50B09A
v 3.386 1.804 0.2
v 3.974 1.804 0.2
v 3.974 2.392 0.2
v 3.386 2.392 0.2
v 3.386 1.804 0.2
v 3.386 1.804 0.2
v 3.386 1.804 0
v 3.974 1.804 0.2
v 3.974 1.804 0
v 3.974 2.392 0.2
v 3.974 2.392 0
v 3.386 2.392 0.2
v 3.386 2.392 0
v 3.386 1.804 0.2
v 3.386 1.804 0

f -12 -15 -14
f -14 -13 -12
f -10 -9 -8
f -8 -9 -7
f -8 -7 -6
f -6 -7 -5
f -6 -5 -4
f -4 -5 -3
f -4 -3 -2
f -2 -3 -1

o Default b955
usemtl 0x40A3CB
v 2.783 1.801 0.2
v 3.077 1.801 0.2
v 3.077 2.095 0.2
v 2.783 2.095 0.2
v 2.783 1.801 0.2
v 2.783 1.801 0.2
v 2.783 1.801 0
v 3.077 1.801 0.2
v 3.077 1.801 0
v 3.077 2.095 0.2
v 3.077 2.095 0
v 2.783 2.095 0.2
v 2.783 2.095 0
v 2.783 1.801 0.2
v 2.783 1.801 0

f -12 -15 -14
f -14 -13 -12
f -10 -9 -8
f -8 -9 -7
f -8 -7 -6
f -6 -7 -5
f -6 -5 -4
f -4 -5 -3
f -4 -3 -2
f -2 -3 -1

o Default b856
usemtl 0x50B09A
v 2.483 1.801 0.2
v 2.777 1.801 0.2
v 2.777 2.095 0.2
v 2.483 2.095 0.2
v 2.483 1.801 0.2
v 2.483 1.801 0.2
v 2.483 1.801 0
v 2.777 1.801 0.2
v 2.777 1.801 0
v 2.777 2.095 0.2
v 2.777 2.095 0
v 2.483 2.095 0.2
v 2.483 2.095 0
v 2.483 1.801 0.2
v 2.483 1.801 0

f -12 -15 -14
f -14 -13 -12
f -10 -9 -8
f -8 -9 -7
f -8 -7 -6
f -6 -7 -5
f -6 -5 -4
f -4 -5 -3
f -4 -3 -2
f -2 -3 -1

o Default b854
usemtl 0x50B09A
v 2.483 2.101 0.2
v 2.777 2.101 0.2
v 2.777 2.395 0.2
v 2.483 2.395 0.2
v 2.483 2.101 0.2
v 2.483 2.101 0.2
v 2.483 2.101 0
v 2.777 2.101 0.2
v 2.777 2.101 0
v 2.777 2.395 0.2
v 2.777 2.395 0
v 2.483 2.395 0.2
v 2.483 2.395 0
v 2.483 2.101 0.2
v 2.483 2.101 0

f -12 -15 -14
f -14 -13 -12
f -10 -9 -8
f -8 -9 -7
f -8 -7 -6
f -6 -7 -5
f -6 -5 -4
f -4 -5 -3
f -4 -3 -2
f -2 -3 -1

o Default b852
usemtl 0x50B09A
v 2.483 2.401 0.2
v 2.777 2.401 0.2
v 2.777 2.695 0.2
v 2.483 2.695 0.2
v 2.483 2.401 0.2
v 2.483 2.401 0.2
v 2.483 2.401 0
v 2.777 2.401 0.2
v 2.777 2.401 0
v 2.777 2.695 0.2
v 2.777 2.695 0
v 2.483 2.695 0.2
v 2.483 2.695 0
v 2.483 2.401 0.2
v 2.483 2.401 0

f -12 -15 -14
f -14 -13 -12
f -10 -9 -8
f -8 -9 -7
f -8 -7 -6
f -6 -7 -5
f -6 -5 -4
f -4 -5 -3
f -4 -3 -2
f -2 -3 -1

o Default b850
usemtl 0x50B09A
v 2.483 2.701 0.2
v 2.777 2.701 0.2
v 2.777 2.995 0.2
v 2.483 2.995 0.2
v 2.483 2.701 0.2
v 2.483 2.701 0.2
v 2.483 2.701 0
v 2.777 2.701 0.2
v 2.777 2.701 0
v 2.777 2.995 0.2
v 2.777 2.995 0
v 2.483 2.995 0.2
v 2.483 2.995 0
v 2.483 2.701 0.2
v 2.483 2.701 0

f -12 -15 -14
f -14 -13 -12
f -10 -9 -8
f -8 -9 -7
f -8 -7 -6
f -6 -7 -5
f -6 -5 -4
f -4 -5 -3
f -4 -3 -2
f -2 -3 -1

o Default b848
usemtl 0x9A9A9A
v 2.483 3.001 0.2
v 2.777 3.001 0.2
v 2.777 3.295 0.2
v 2.483 3.295 0.2
v 2.483 3.001 0.2
v 2.483 3.001 0.2
v 2.483 3.001 0
v 2.777 3.001 0.2
v 2.777 3.001 0
v 2.777 3.295 0.2
v 2.777 3.295 0
v 2.483 3.295 0.2
v 2.483 3.295 0
v 2.483 3.001 0.2
v 2.483 3.001 0

f -12 -15 -14
f -14 -13 -12
f -10 -9 -8
f -8 -9 -7
f -8 -7 -6
f -6 -7 -5
f -6 -5 -4
f -4 -5 -3
f -4 -3 -2
f -2 -3 -1

o Default b846
usemtl 0x50B09A
v 2.483 3.301 0.2
v 2.777 3.301 0.2
v 2.777 3.595 0.2
v 2.483 3.595 0.2
v 2.483 3.301 0.2
v 2.483 3.301 0.2
v 2.483 3.301 0
v 2.777 3.301 0.2
v 2.777 3.301 0
v 2.777 3.595 0.2
v 2.777 3.595 0
v 2.483 3.595 0.2
v 2.483 3.595 0
v 2.483 3.301 0.2
v 2.483 3.301 0

f -12 -15 -14
f -14 -13 -12
f -10 -9 -8
f -8 -9 -7
f -8 -7 -6
f -6 -7 -5
f -6 -5 -4
f -4 -5 -3
f -4 -3 -2
f -2 -3 -1

o Default b844
usemtl 0x50B09A
v 2.483 3.601 0.2
v 2.777 3.601 0.2
v 2.777 3.895 0.2
v 2.483 3.895 0.2
v 2.483 3.601 0.2
v 2.483 3.601 0.2
v 2.483 3.601 0
v 2.777 3.601 0.2
v 2.777 3.601 0
v 2.777 3.895 0.2
v 2.777 3.895 0
v 2.483 3.895 0.2
v 2.483 3.895 0
v 2.483 3.601 0.2
v 2.483 3.601 0

f -12 -15 -14
f -14 -13 -12
f -10 -9 -8
f -8 -9 -7
f -8 -7 -6
f -6 -7 -5
f -6 -5 -4
f -4 -5 -3
f -4 -3 -2
f -2 -3 -1

o Default b842
usemtl 0x50B09A
v 2.483 3.901 0.2
v 2.777 3.901 0.2
v 2.777 4.195 0.2
v 2.483 4.195 0.2
v 2.483 3.901 0.2
v 2.483 3.901 0.2
v 2.483 3.901 0
v 2.777 3.901 0.2
v 2.777 3.901 0
v 2.777 4.195 0.2
v 2.777 4.195 0
v 2.483 4.195 0.2
v 2.483 4.195 0
v 2.483 3.901 0.2
v 2.483 3.901 0

f -12 -15 -14
f -14 -13 -12
f -10 -9 -8
f -8 -9 -7
f -8 -7 -6
f -6 -7 -5
f -6 -5 -4
f -4 -5 -3
f -4 -3 -2
f -2 -3 -1

o Default b953
usemtl 0x50B09A
v 2.783 2.101 0.2
v 3.077 2.101 0.2
v 3.077 2.395 0.2
v 2.783 2.395 0.2
v 2.783 2.101 0.2
v 2.783 2.101 0.2
v 2.783 2.101 0
v 3.077 2.101 0.2
v 3.077 2.101 0
v 3.077 2.395 0.2
v 3.077 2.395 0
v 2.783 2.395 0.2
v 2.783 2.395 0
v 2.783 2.101 0.2
v 2.783 2.101 0

f -12 -15 -14
f -14 -13 -12
f -10 -9 -8
f -8 -9 -7
f -8 -7 -6
f -6 -7 -5
f -6 -5 -4
f -4 -5 -3
f -4 -3 -2
f -2 -3 -1

o Default b951
usemtl 0x50B09A
v 2.783 2.401 0.2
v 3.077 2.401 0.2
v 3.077 2.695 0.2
v 2.783 2.695 0.2
v 2.783 2.401 0.2
v 2.783 2.401 0.2
v 2.783 2.401 0
v 3.077 2.401 0.2
v 3.077 2.401 0
v 3.077 2.695 0.2
v 3.077 2.695 0
v 2.783 2.695 0.2
v 2.783 2.695 0
v 2.783 2.401 0.2
v 2.783 2.401 0

f -12 -15 -14
f -14 -13 -12
f -10 -9 -8
f -8 -9 -7
f -8 -7 -6
f -6 -7 -5
f -6 -5 -4
f -4 -5 -3
f -4 -3 -2
f -2 -3 -1

o Default b949
usemtl 0x50B09A
v 2.783 2.701 0.2
v 3.077 2.701 0.2
v 3.077 2.995 0.2
v 2.783 2.995 0.2
v 2.783 2.701 0.2
v 2.783 2.701 0.2
v 2.783 2.701 0
v 3.077 2.701 0.2
v 3.077 2.701 0
v 3.077 2.995 0.2
v 3.077 2.995 0
v 2.783 2.995 0.2
v 2.783 2.995 0
v 2.783 2.701 0.2
v 2.783 2.701 0

f -12 -15 -14
f -14 -13 -12
f -10 -9 -8
f -8 -9 -7
f -8 -7 -6
f -6 -7 -5
f -6 -5 -4
f -4 -5 -3
f -4 -3 -2
f -2 -3 -1

o Default b947
usemtl 0x50B09A
v 2.783 3.001 0.2
v 3.077 3.001 0.2
v 3.077 3.295 0.2
v 2.783 3.295 0.2
v 2.783 3.001 0.2
v 2.783 3.001 0.2
v 2.783 3.001 0
v 3.077 3.001 0.2
v 3.077 3.001 0
v 3.077 3.295 0.2
v 3.077 3.295 0
v 2.783 3.295 0.2
v 2.783 3.295 0
v 2.783 3.001 0.2
v 2.783 3.001 0

f -12 -15 -14
f -14 -13 -12
f -10 -9 -8
f -8 -9 -7
f -8 -7 -6
f -6 -7 -5
f -6 -5 -4
f -4 -5 -3
f -4 -3 -2
f -2 -3 -1

o Default b945
usemtl 0x50B09A
v 2.783 3.301 0.2
v 3.077 3.301 0.2
v 3.077 3.595 0.2
v 2.783 3.595 0.2
v 2.783 3.301 0.2
v 2.783 3.301 0.2
v 2.783 3.301 0
v 3.077 3.301 0.2
v 3.077 3.301 0
v 3.077 3.595 0.2
v 3.077 3.595 0
v 2.783 3.595 0.2
v 2.783 3.595 0
v 2.783 3.301 0.2
v 2.783 3.301 0

f -12 -15 -14
f -14 -13 -12
f -10 -9 -8
f -8 -9 -7
f -8 -7 -6
f -6 -7 -5
f -6 -5 -4
f -4 -5 -3
f -4 -3 -2
f -2 -3 -1

o Default b941
usemtl 0x40A3CB
v 2.783 3.604 0.2
v 3.077 3.604 0.2
v 3.077 4.192 0.2
v 2.783 4.192 0.2
v 2.783 3.604 0.2
v 2.783 3.604 0.2
v 2.783 3.604 0
v 3.077 3.604 0.2
v 3.077 3.604 0
v 3.077 4.192 0.2
v 3.077 4.192 0
v 2.783 4.192 0.2
v 2.783 4.192 0
v 2.783 3.604 0.2
v 2.783 3.604 0

f -12 -15 -14
f -14 -13 -12
f -10 -9 -8
f -8 -9 -7
f -8 -7 -6
f -6 -7 -5
f -6 -5 -4
f -4 -5 -3
f -4 -3 -2
f -2 -3 -1

o Default b855
usemtl 0x50B09A
v 1.883 1.801 0.2
v 2.177 1.801 0.2
v 2.177 2.095 0.2
v 1.883 2.095 0.2
v 1.883 1.801 0.2
v 1.883 1.801 0.2
v 1.883 1.801 0
v 2.177 1.801 0.2
v 2.177 1.801 0
v 2.177 2.095 0.2
v 2.177 2.095 0
v 1.883 2.095 0.2
v 1.883 2.095 0
v 1.883 1.801 0.2
v 1.883 1.801 0

f -12 -15 -14
f -14 -13 -12
f -10 -9 -8
f -8 -9 -7
f -8 -7 -6
f -6 -7 -5
f -6 -5 -4
f -4 -5 -3
f -4 -3 -2
f -2 -3 -1

o Default b853
usemtl 0x9A9A9A
v 1.883 2.101 0.2
v 2.177 2.101 0.2
v 2.177 2.395 0.2
v 1.883 2.395 0.2
v 1.883 2.101 0.2
v 1.883 2.101 0.2
v 1.883 2.101 0
v 2.177 2.101 0.2
v 2.177 2.101 0
v 2.177 2.395 0.2
v 2.177 2.395 0
v 1.883 2.395 0.2
v 1.883 2.395 0
v 1.883 2.101 0.2
v 1.883 2.101 0

f -12 -15 -14
f -14 -13 -12
f -10 -9 -8
f -8 -9 -7
f -8 -7 -6
f -6 -7 -5
f -6 -5 -4
f -4 -5 -3
f -4 -3 -2
f -2 -3 -1

o Default b754
usemtl 0x50B09A
v 1.583 1.804 0.2
v 1.877 1.804 0.2
v 1.877 2.392 0.2
v 1.583 2.392 0.2
v 1.583 1.804 0.2
v 1.583 1.804 0.2
v 1.583 1.804 0
v 1.877 1.804 0.2
v 1.877 1.804 0
v 1.877 2.392 0.2
v 1.877 2.392 0
v 1.583 2.392 0.2
v 1.583 2.392 0
v 1.583 1.804 0.2
v 1.583 1.804 0

f -12 -15 -14
f -14 -13 -12
f -10 -9 -8
f -8 -9 -7
f -8 -7 -6
f -6 -7 -5
f -6 -5 -4
f -4 -5 -3
f -4 -3 -2
f -2 -3 -1

o Default b755
usemtl 0x50B09A
v 0.983 1.801 0.2
v 1.277 1.801 0.2
v 1.277 2.095 0.2
v 0.983 2.095 0.2
v 0.983 1.801 0.2
v 0.983 1.801 0.2
v 0.983 1.801 0
v 1.277 1.801 0.2
v 1.277 1.801 0
v 1.277 2.095 0.2
v 1.277 2.095 0
v 0.983 2.095 0.2
v 0.983 2.095 0
v 0.983 1.801 0.2
v 0.983 1.801 0

f -12 -15 -14
f -14 -13 -12
f -10 -9 -8
f -8 -9 -7
f -8 -7 -6
f -6 -7 -5
f -6 -5 -4
f -4 -5 -3
f -4 -3 -2
f -2 -3 -1

o Default b751
usemtl 0x50B09A
v 0.983 2.104 0.2
v 1.277 2.104 0.2
v 1.277 2.692 0.2
v 0.983 2.692 0.2
v 0.983 2.104 0.2
v 0.983 2.104 0.2
v 0.983 2.104 0
v 1.277 2.104 0.2
v 1.277 2.104 0
v 1.277 2.692 0.2
v 1.277 2.692 0
v 0.983 2.692 0.2
v 0.983 2.692 0
v 0.983 2.104 0.2
v 0.983 2.104 0

f -12 -15 -14
f -14 -13 -12
f -10 -9 -8
f -8 -9 -7
f -8 -7 -6
f -6 -7 -5
f -6 -5 -4
f -4 -5 -3
f -4 -3 -2
f -2 -3 -1

o Default b747
usemtl 0x50B09A
v 0.983 2.704 0.2
v 1.277 2.704 0.2
v 1.277 3.292 0.2
v 0.983 3.292 0.2
v 0.983 2.704 0.2
v 0.983 2.704 0.2
v 0.983 2.704 0
v 1.277 2.704 0.2
v 1.277 2.704 0
v 1.277 3.292 0.2
v 1.277 3.292 0
v 0.983 3.292 0.2
v 0.983 3.292 0
v 0.983 2.704 0.2
v 0.983 2.704 0

f -12 -15 -14
f -14 -13 -12
f -10 -9 -8
f -8 -9 -7
f -8 -7 -6
f -6 -7 -5
f -6 -5 -4
f -4 -5 -3
f -4 -3 -2
f -2 -3 -1

o Default b743
usemtl 0x50B09A
v 0.983 3.304 0.2
v 1.277 3.304 0.2
v 1.277 3.892 0.2
v 0.983 3.892 0.2
v 0.983 3.304 0.2
v 0.983 3.304 0.2
v 0.983 3.304 0
v 1.277 3.304 0.2
v 1.277 3.304 0
v 1.277 3.892 0.2
v 1.277 3.892 0
v 0.983 3.892 0.2
v 0.983 3.892 0
v 0.983 3.304 0.2
v 0.983 3.304 0

f -12 -15 -14
f -14 -13 -12
f -10 -9 -8
f -8 -9 -7
f -8 -7 -6
f -6 -7 -5
f -6 -5 -4
f -4 -5 -3
f -4 -3 -2
f -2 -3 -1

o Default b739
usemtl 0x50B09A
v 0.983 3.904 0.2
v 1.277 3.904 0.2
v 1.277 4.492 0.2
v 0.983 4.492 0.2
v 0.983 3.904 0.2
v 0.983 3.904 0.2
v 0.983 3.904 0
v 1.277 3.904 0.2
v 1.277 3.904 0
v 1.277 4.492 0.2
v 1.277 4.492 0
v 0.983 4.492 0.2
v 0.983 4.492 0
v 0.983 3.904 0.2
v 0.983 3.904 0

f -12 -15 -14
f -14 -13 -12
f -10 -9 -8
f -8 -9 -7
f -8 -7 -6
f -6 -7 -5
f -6 -5 -4
f -4 -5 -3
f -4 -3 -2
f -2 -3 -1

o Default b656
usemtl 0x50B09A
v 0.683 1.801 0.2
v 0.977 1.801 0.2
v 0.977 2.095 0.2
v 0.683 2.095 0.2
v 0.683 1.801 0.2
v 0.683 1.801 0.2
v 0.683 1.801 0
v 0.977 1.801 0.2
v 0.977 1.801 0
v 0.977 2.095 0.2
v 0.977 2.095 0
v 0.683 2.095 0.2
v 0.683 2.095 0
v 0.683 1.801 0.2
v 0.683 1.801 0

f -12 -15 -14
f -14 -13 -12
f -10 -9 -8
f -8 -9 -7
f -8 -7 -6
f -6 -7 -5
f -6 -5 -4
f -4 -5 -3
f -4 -3 -2
f -2 -3 -1

o Default b654
usemtl 0x50B09A
v 0.683 2.101 0.2
v 0.977 2.101 0.2
v 0.977 2.395 0.2
v 0.683 2.395 0.2
v 0.683 2.101 0.2
v 0.683 2.101 0.2
v 0.683 2.101 0
v 0.977 2.101 0.2
v 0.977 2.101 0
v 0.977 2.395 0.2
v 0.977 2.395 0
v 0.683 2.395 0.2
v 0.683 2.395 0
v 0.683 2.101 0.2
v 0.683 2.101 0

f -12 -15 -14
f -14 -13 -12
f -10 -9 -8
f -8 -9 -7
f -8 -7 -6
f -6 -7 -5
f -6 -5 -4
f -4 -5 -3
f -4 -3 -2
f -2 -3 -1

o Default b652
usemtl 0x50B09A
v 0.683 2.401 0.2
v 0.977 2.401 0.2
v 0.977 2.695 0.2
v 0.683 2.695 0.2
v 0.683 2.401 0.2
v 0.683 2.401 0.2
v 0.683 2.401 0
v 0.977 2.401 0.2
v 0.977 2.401 0
v 0.977 2.695 0.2
v 0.977 2.695 0
v 0.683 2.695 0.2
v 0.683 2.695 0
v 0.683 2.401 0.2
v 0.683 2.401 0

f -12 -15 -14
f -14 -13 -12
f -10 -9 -8
f -8 -9 -7
f -8 -7 -6
f -6 -7 -5
f -6 -5 -4
f -4 -5 -3
f -4 -3 -2
f -2 -3 -1

o Default b650
usemtl 0x50B09A
v 0.683 2.701 0.2
v 0.977 2.701 0.2
v 0.977 2.995 0.2
v 0.683 2.995 0.2
v 0.683 2.701 0.2
v 0.683 2.701 0.2
v 0.683 2.701 0
v 0.977 2.701 0.2
v 0.977 2.701 0
v 0.977 2.995 0.2
v 0.977 2.995 0
v 0.683 2.995 0.2
v 0.683 2.995 0
v 0.683 2.701 0.2
v 0.683 2.701 0

f -12 -15 -14
f -14 -13 -12
f -10 -9 -8
f -8 -9 -7
f -8 -7 -6
f -6 -7 -5
f -6 -5 -4
f -4 -5 -3
f -4 -3 -2
f -2 -3 -1

o Default b648
usemtl 0x50B09A
v 0.683 3.001 0.2
v 0.977 3.001 0.2
v 0.977 3.295 0.2
v 0.683 3.295 0.2
v 0.683 3.001 0.2
v 0.683 3.001 0.2
v 0.683 3.001 0
v 0.977 3.001 0.2
v 0.977 3.001 0
v 0.977 3.295 0.2
v 0.977 3.295 0
v 0.683 3.295 0.2
v 0.683 3.295 0
v 0.683 3.001 0.2
v 0.683 3.001 0

f -12 -15 -14
f -14 -13 -12
f -10 -9 -8
f -8 -9 -7
f -8 -7 -6
f -6 -7 -5
f -6 -5 -4
f -4 -5 -3
f -4 -3 -2
f -2 -3 -1

o Default b646
usemtl 0x50B09A
v 0.683 3.301 0.2
v 0.977 3.301 0.2
v 0.977 3.595 0.2
v 0.683 3.595 0.2
v 0.683 3.301 0.2
v 0.683 3.301 0.2
v 0.683 3.301 0
v 0.977 3.301 0.2
v 0.977 3.301 0
v 0.977 3.595 0.2
v 0.977 3.595 0
v 0.683 3.595 0.2
v 0.683 3.595 0
v 0.683 3.301 0.2
v 0.683 3.301 0

f -12 -15 -14
f -14 -13 -12
f -10 -9 -8
f -8 -9 -7
f -8 -7 -6
f -6 -7 -5
f -6 -5 -4
f -4 -5 -3
f -4 -3 -2
f -2 -3 -1

o Default b644
usemtl 0x50B09A
v 0.683 3.601 0.2
v 0.977 3.601 0.2
v 0.977 3.895 0.2
v 0.683 3.895 0.2
v 0.683 3.601 0.2
v 0.683 3.601 0.2
v 0.683 3.601 0
v 0.977 3.601 0.2
v 0.977 3.601 0
v 0.977 3.895 0.2
v 0.977 3.895 0
v 0.683 3.895 0.2
v 0.683 3.895 0
v 0.683 3.601 0.2
v 0.683 3.601 0

f -12 -15 -14
f -14 -13 -12
f -10 -9 -8
f -8 -9 -7
f -8 -7 -6
f -6 -7 -5
f -6 -5 -4
f -4 -5 -3
f -4 -3 -2
f -2 -3 -1

o Default b642
usemtl 0x50B09A
v 0.683 3.901 0.2
v 0.977 3.901 0.2
v 0.977 4.195 0.2
v 0.683 4.195 0.2
v 0.683 3.901 0.2
v 0.683 3.901 0.2
v 0.683 3.901 0
v 0.977 3.901 0.2
v 0.977 3.901 0
v 0.977 4.195 0.2
v 0.977 4.195 0
v 0.683 4.195 0.2
v 0.683 4.195 0
v 0.683 3.901 0.2
v 0.683 3.901 0

f -12 -15 -14
f -14 -13 -12
f -10 -9 -8
f -8 -9 -7
f -8 -7 -6
f -6 -7 -5
f -6 -5 -4
f -4 -5 -3
f -4 -3 -2
f -2 -3 -1

o Default b640
usemtl 0x50B09A
v 0.683 4.201 0.2
v 0.977 4.201 0.2
v 0.977 4.495 0.2
v 0.683 4.495 0.2
v 0.683 4.201 0.2
v 0.683 4.201 0.2
v 0.683 4.201 0
v 0.977 4.201 0.2
v 0.977 4.201 0
v 0.977 4.495 0.2
v 0.977 4.495 0
v 0.683 4.495 0.2
v 0.683 4.495 0
v 0.683 4.201 0.2
v 0.683 4.201 0

f -12 -15 -14
f -14 -13 -12
f -10 -9 -8
f -8 -9 -7
f -8 -7 -6
f -6 -7 -5
f -6 -5 -4
f -4 -5 -3
f -4 -3 -2
f -2 -3 -1

o Default b554
usemtl 0x50B09A
v -0.514 1.804 0.2
v 0.074 1.804 0.2
v 0.074 2.392 0.2
v -0.514 2.392 0.2
v -0.514 1.804 0.2
v -0.514 1.804 0.2
v -0.514 1.804 0
v 0.074 1.804 0.2
v 0.074 1.804 0
v 0.074 2.392 0.2
v 0.074 2.392 0
v -0.514 2.392 0.2
v -0.514 2.392 0
v -0.514 1.804 0.2
v -0.514 1.804 0

f -12 -15 -14
f -14 -13 -12
f -10 -9 -8
f -8 -9 -7
f -8 -7 -6
f -6 -7 -5
f -6 -5 -4
f -4 -5 -3
f -4 -3 -2
f -2 -3 -1

o Default b649
usemtl 0x50B09A
v -0.217 2.701 0.2
v 0.077 2.701 0.2
v 0.077 2.995 0.2
v -0.217 2.995 0.2
v -0.217 2.701 0.2
v -0.217 2.701 0.2
v -0.217 2.701 0
v 0.077 2.701 0.2
v 0.077 2.701 0
v 0.077 2.995 0.2
v 0.077 2.995 0
v -0.217 2.995 0.2
v -0.217 2.995 0
v -0.217 2.701 0.2
v -0.217 2.701 0

f -12 -15 -14
f -14 -13 -12
f -10 -9 -8
f -8 -9 -7
f -8 -7 -6
f -6 -7 -5
f -6 -5 -4
f -4 -5 -3
f -4 -3 -2
f -2 -3 -1

o Default b647
usemtl 0x50B09A
v -0.217 3.001 0.2
v 0.077 3.001 0.2
v 0.077 3.295 0.2
v -0.217 3.295 0.2
v -0.217 3.001 0.2
v -0.217 3.001 0.2
v -0.217 3.001 0
v 0.077 3.001 0.2
v 0.077 3.001 0
v 0.077 3.295 0.2
v 0.077 3.295 0
v -0.217 3.295 0.2
v -0.217 3.295 0
v -0.217 3.001 0.2
v -0.217 3.001 0

f -12 -15 -14
f -14 -13 -12
f -10 -9 -8
f -8 -9 -7
f -8 -7 -6
f -6 -7 -5
f -6 -5 -4
f -4 -5 -3
f -4 -3 -2
f -2 -3 -1

o Default b645
usemtl 0x50B09A
v -0.217 3.301 0.2
v 0.077 3.301 0.2
v 0.077 3.595 0.2
v -0.217 3.595 0.2
v -0.217 3.301 0.2
v -0.217 3.301 0.2
v -0.217 3.301 0
v 0.077 3.301 0.2
v 0.077 3.301 0
v 0.077 3.595 0.2
v 0.077 3.595 0
v -0.217 3.595 0.2
v -0.217 3.595 0
v -0.217 3.301 0.2
v -0.217 3.301 0

f -12 -15 -14
f -14 -13 -12
f -10 -9 -8
f -8 -9 -7
f -8 -7 -6
f -6 -7 -5
f -6 -5 -4
f -4 -5 -3
f -4 -3 -2
f -2 -3 -1

o Default b643
usemtl 0x50B09A
v -0.217 3.601 0.2
v 0.077 3.601 0.2
v 0.077 3.895 0.2
v -0.217 3.895 0.2
v -0.217 3.601 0.2
v -0.217 3.601 0.2
v -0.217 3.601 0
v 0.077 3.601 0.2
v 0.077 3.601 0
v 0.077 3.895 0.2
v 0.077 3.895 0
v -0.217 3.895 0.2
v -0.217 3.895 0
v -0.217 3.601 0.2
v -0.217 3.601 0

f -12 -15 -14
f -14 -13 -12
f -10 -9 -8
f -8 -9 -7
f -8 -7 -6
f -6 -7 -5
f -6 -5 -4
f -4 -5 -3
f -4 -3 -2
f -2 -3 -1

o Default b639
usemtl 0x50B09A
v -0.217 3.904 0.2
v 0.077 3.904 0.2
v 0.077 4.492 0.2
v -0.217 4.492 0.2
v -0.217 3.904 0.2
v -0.217 3.904 0.2
v -0.217 3.904 0
v 0.077 3.904 0.2
v 0.077 3.904 0
v 0.077 4.492 0.2
v 0.077 4.492 0
v -0.217 4.492 0.2
v -0.217 4.492 0
v -0.217 3.904 0.2
v -0.217 3.904 0

f -12 -15 -14
f -14 -13 -12
f -10 -9 -8
f -8 -9 -7
f -8 -7 -6
f -6 -7 -5
f -6 -5 -4
f -4 -5 -3
f -4 -3 -2
f -2 -3 -1

o Default b550
usemtl 0x50B09A
v -0.517 2.701 0.2
v -0.223 2.701 0.2
v -0.223 2.995 0.2
v -0.517 2.995 0.2
v -0.517 2.701 0.2
v -0.517 2.701 0.2
v -0.517 2.701 0
v -0.223 2.701 0.2
v -0.223 2.701 0
v -0.223 2.995 0.2
v -0.223 2.995 0
v -0.517 2.995 0.2
v -0.517 2.995 0
v -0.517 2.701 0.2
v -0.517 2.701 0

f -12 -15 -14
f -14 -13 -12
f -10 -9 -8
f -8 -9 -7
f -8 -7 -6
f -6 -7 -5
f -6 -5 -4
f -4 -5 -3
f -4 -3 -2
f -2 -3 -1

o Default b548
usemtl 0x50B09A
v -0.517 3.001 0.2
v -0.223 3.001 0.2
v -0.223 3.295 0.2
v -0.517 3.295 0.2
v -0.517 3.001 0.2
v -0.517 3.001 0.2
v -0.517 3.001 0
v -0.223 3.001 0.2
v -0.223 3.001 0
v -0.223 3.295 0.2
v -0.223 3.295 0
v -0.517 3.295 0.2
v -0.517 3.295 0
v -0.517 3.001 0.2
v -0.517 3.001 0

f -12 -15 -14
f -14 -13 -12
f -10 -9 -8
f -8 -9 -7
f -8 -7 -6
f -6 -7 -5
f -6 -5 -4
f -4 -5 -3
f -4 -3 -2
f -2 -3 -1

o Default b546
usemtl 0x50B09A
v -0.517 3.301 0.2
v -0.223 3.301 0.2
v -0.223 3.595 0.2
v -0.517 3.595 0.2
v -0.517 3.301 0.2
v -0.517 3.301 0.2
v -0.517 3.301 0
v -0.223 3.301 0.2
v -0.223 3.301 0
v -0.223 3.595 0.2
v -0.223 3.595 0
v -0.517 3.595 0.2
v -0.517 3.595 0
v -0.517 3.301 0.2
v -0.517 3.301 0

f -12 -15 -14
f -14 -13 -12
f -10 -9 -8
f -8 -9 -7
f -8 -7 -6
f -6 -7 -5
f -6 -5 -4
f -4 -5 -3
f -4 -3 -2
f -2 -3 -1

o Default b544
usemtl 0x50B09A
v -0.517 3.601 0.2
v -0.223 3.601 0.2
v -0.223 3.895 0.2
v -0.517 3.895 0.2
v -0.517 3.601 0.2
v -0.517 3.601 0.2
v -0.517 3.601 0
v -0.223 3.601 0.2
v -0.223 3.601 0
v -0.223 3.895 0.2
v -0.223 3.895 0
v -0.517 3.895 0.2
v -0.517 3.895 0
v -0.517 3.601 0.2
v -0.517 3.601 0

f -12 -15 -14
f -14 -13 -12
f -10 -9 -8
f -8 -9 -7
f -8 -7 -6
f -6 -7 -5
f -6 -5 -4
f -4 -5 -3
f -4 -3 -2
f -2 -3 -1

o Default b542
usemtl 0x50B09A
v -0.517 3.901 0.2
v -0.223 3.901 0.2
v -0.223 4.195 0.2
v -0.517 4.195 0.2
v -0.517 3.901 0.2
v -0.517 3.901 0.2
v -0.517 3.901 0
v -0.223 3.901 0.2
v -0.223 3.901 0
v -0.223 4.195 0.2
v -0.223 4.195 0
v -0.517 4.195 0.2
v -0.517 4.195 0
v -0.517 3.901 0.2
v -0.517 3.901 0

f -12 -15 -14
f -14 -13 -12
f -10 -9 -8
f -8 -9 -7
f -8 -7 -6
f -6 -7 -5
f -6 -5 -4
f -4 -5 -3
f -4 -3 -2
f -2 -3 -1

o Default b540
usemtl 0x50B09A
v -0.517 4.201 0.2
v -0.223 4.201 0.2
v -0.223 4.495 0.2
v -0.517 4.495 0.2
v -0.517 4.201 0.2
v -0.517 4.201 0.2
v -0.517 4.201 0
v -0.223 4.201 0.2
v -0.223 4.201 0
v -0.223 4.495 0.2
v -0.223 4.495 0
v -0.517 4.495 0.2
v -0.517 4.495 0
v -0.517 4.201 0.2
v -0.517 4.201 0

f -12 -15 -14
f -14 -13 -12
f -10 -9 -8
f -8 -9 -7
f -8 -7 -6
f -6 -7 -5
f -6 -5 -4
f -4 -5 -3
f -4 -3 -2
f -2 -3 -1

o Default b555
usemtl 0x50B09A
v -1.117 1.801 0.2
v -0.823 1.801 0.2
v -0.823 2.095 0.2
v -1.117 2.095 0.2
v -1.117 1.801 0.2
v -1.117 1.801 0.2
v -1.117 1.801 0
v -0.823 1.801 0.2
v -0.823 1.801 0
v -0.823 2.095 0.2
v -0.823 2.095 0
v -1.117 2.095 0.2
v -1.117 2.095 0
v -1.117 1.801 0.2
v -1.117 1.801 0

f -12 -15 -14
f -14 -13 -12
f -10 -9 -8
f -8 -9 -7
f -8 -7 -6
f -6 -7 -5
f -6 -5 -4
f -4 -5 -3
f -4 -3 -2
f -2 -3 -1

o Default b553
usemtl 0x50B09A
v -1.117 2.101 0.2
v -0.823 2.101 0.2
v -0.823 2.395 0.2
v -1.117 2.395 0.2
v -1.117 2.101 0.2
v -1.117 2.101 0.2
v -1.117 2.101 0
v -0.823 2.101 0.2
v -0.823 2.101 0
v -0.823 2.395 0.2
v -0.823 2.395 0
v -1.117 2.395 0.2
v -1.117 2.395 0
v -1.117 2.101 0.2
v -1.117 2.101 0

f -12 -15 -14
f -14 -13 -12
f -10 -9 -8
f -8 -9 -7
f -8 -7 -6
f -6 -7 -5
f -6 -5 -4
f -4 -5 -3
f -4 -3 -2
f -2 -3 -1

o Default b551
usemtl 0x50B09A
v -1.117 2.401 0.2
v -0.823 2.401 0.2
v -0.823 2.695 0.2
v -1.117 2.695 0.2
v -1.117 2.401 0.2
v -1.117 2.401 0.2
v -1.117 2.401 0
v -0.823 2.401 0.2
v -0.823 2.401 0
v -0.823 2.695 0.2
v -0.823 2.695 0
v -1.117 2.695 0.2
v -1.117 2.695 0
v -1.117 2.401 0.2
v -1.117 2.401 0

f -12 -15 -14
f -14 -13 -12
f -10 -9 -8
f -8 -9 -7
f -8 -7 -6
f -6 -7 -5
f -6 -5 -4
f -4 -5 -3
f -4 -3 -2
f -2 -3 -1

o Default b549
usemtl 0x50B09A
v -1.117 2.701 0.2
v -0.823 2.701 0.2
v -0.823 2.995 0.2
v -1.117 2.995 0.2
v -1.117 2.701 0.2
v -1.117 2.701 0.2
v -1.117 2.701 0
v -0.823 2.701 0.2
v -0.823 2.701 0
v -0.823 2.995 0.2
v -0.823 2.995 0
v -1.117 2.995 0.2
v -1.117 2.995 0
v -1.117 2.701 0.2
v -1.117 2.701 0

f -12 -15 -14
f -14 -13 -12
f -10 -9 -8
f -8 -9 -7
f -8 -7 -6
f -6 -7 -5
f -6 -5 -4
f -4 -5 -3
f -4 -3 -2
f -2 -3 -1

o Default b547
usemtl 0x50B09A
v -1.117 3.001 0.2
v -0.823 3.001 0.2
v -0.823 3.295 0.2
v -1.117 3.295 0.2
v -1.117 3.001 0.2
v -1.117 3.001 0.2
v -1.117 3.001 0
v -0.823 3.001 0.2
v -0.823 3.001 0
v -0.823 3.295 0.2
v -0.823 3.295 0
v -1.117 3.295 0.2
v -1.117 3.295 0
v -1.117 3.001 0.2
v -1.117 3.001 0

f -12 -15 -14
f -14 -13 -12
f -10 -9 -8
f -8 -9 -7
f -8 -7 -6
f -6 -7 -5
f -6 -5 -4
f -4 -5 -3
f -4 -3 -2
f -2 -3 -1

o Default b545
usemtl 0x50B09A
v -1.117 3.301 0.2
v -0.823 3.301 0.2
v -0.823 3.595 0.2
v -1.117 3.595 0.2
v -1.117 3.301 0.2
v -1.117 3.301 0.2
v -1.117 3.301 0
v -0.823 3.301 0.2
v -0.823 3.301 0
v -0.823 3.595 0.2
v -0.823 3.595 0
v -1.117 3.595 0.2
v -1.117 3.595 0
v -1.117 3.301 0.2
v -1.117 3.301 0

f -12 -15 -14
f -14 -13 -12
f -10 -9 -8
f -8 -9 -7
f -8 -7 -6
f -6 -7 -5
f -6 -5 -4
f -4 -5 -3
f -4 -3 -2
f -2 -3 -1

o Default b543
usemtl 0x50B09A
v -1.117 3.601 0.2
v -0.823 3.601 0.2
v -0.823 3.895 0.2
v -1.117 3.895 0.2
v -1.117 3.601 0.2
v -1.117 3.601 0.2
v -1.117 3.601 0
v -0.823 3.601 0.2
v -0.823 3.601 0
v -0.823 3.895 0.2
v -0.823 3.895 0
v -1.117 3.895 0.2
v -1.117 3.895 0
v -1.117 3.601 0.2
v -1.117 3.601 0

f -12 -15 -14
f -14 -13 -12
f -10 -9 -8
f -8 -9 -7
f -8 -7 -6
f -6 -7 -5
f -6 -5 -4
f -4 -5 -3
f -4 -3 -2
f -2 -3 -1

o Default b541
usemtl 0x50B09A
v -1.117 3.901 0.2
v -0.823 3.901 0.2
v -0.823 4.195 0.2
v -1.117 4.195 0.2
v -1.117 3.901 0.2
v -1.117 3.901 0.2
v -1.117 3.901 0
v -0.823 3.901 0.2
v -0.823 3.901 0
v -0.823 4.195 0.2
v -0.823 4.195 0
v -1.117 4.195 0.2
v -1.117 4.195 0
v -1.117 3.901 0.2
v -1.117 3.901 0

f -12 -15 -14
f -14 -13 -12
f -10 -9 -8
f -8 -9 -7
f -8 -7 -6
f -6 -7 -5
f -6 -5 -4
f -4 -5 -3
f -4 -3 -2
f -2 -3 -1

o Default b539
usemtl 0x50B09A
v -1.117 4.201 0.2
v -0.823 4.201 0.2
v -0.823 4.495 0.2
v -1.117 4.495 0.2
v -1.117 4.201 0.2
v -1.117 4.201 0.2
v -1.117 4.201 0
v -0.823 4.201 0.2
v -0.823 4.201 0
v -0.823 4.495 0.2
v -0.823 4.495 0
v -1.117 4.495 0.2
v -1.117 4.495 0
v -1.117 4.201 0.2
v -1.117 4.201 0

f -12 -15 -14
f -14 -13 -12
f -10 -9 -8
f -8 -9 -7
f -8 -7 -6
f -6 -7 -5
f -6 -5 -4
f -4 -5 -3
f -4 -3 -2
f -2 -3 -1

o Default b456
usemtl 0x50B09A
v -1.417 1.801 0.2
v -1.123 1.801 0.2
v -1.123 2.095 0.2
v -1.417 2.095 0.2
v -1.417 1.801 0.2
v -1.417 1.801 0.2
v -1.417 1.801 0
v -1.123 1.801 0.2
v -1.123 1.801 0
v -1.123 2.095 0.2
v -1.123 2.095 0
v -1.417 2.095 0.2
v -1.417 2.095 0
v -1.417 1.801 0.2
v -1.417 1.801 0

f -12 -15 -14
f -14 -13 -12
f -10 -9 -8
f -8 -9 -7
f -8 -7 -6
f -6 -7 -5
f -6 -5 -4
f -4 -5 -3
f -4 -3 -2
f -2 -3 -1

o Default b454
usemtl 0x50B09A
v -1.417 2.101 0.2
v -1.123 2.101 0.2
v -1.123 2.395 0.2
v -1.417 2.395 0.2
v -1.417 2.101 0.2
v -1.417 2.101 0.2
v -1.417 2.101 0
v -1.123 2.101 0.2
v -1.123 2.101 0
v -1.123 2.395 0.2
v -1.123 2.395 0
v -1.417 2.395 0.2
v -1.417 2.395 0
v -1.417 2.101 0.2
v -1.417 2.101 0

f -12 -15 -14
f -14 -13 -12
f -10 -9 -8
f -8 -9 -7
f -8 -7 -6
f -6 -7 -5
f -6 -5 -4
f -4 -5 -3
f -4 -3 -2
f -2 -3 -1

o Default b452
usemtl 0x50B09A
v -1.417 2.401 0.2
v -1.123 2.401 0.2
v -1.123 2.695 0.2
v -1.417 2.695 0.2
v -1.417 2.401 0.2
v -1.417 2.401 0.2
v -1.417 2.401 0
v -1.123 2.401 0.2
v -1.123 2.401 0
v -1.123 2.695 0.2
v -1.123 2.695 0
v -1.417 2.695 0.2
v -1.417 2.695 0
v -1.417 2.401 0.2
v -1.417 2.401 0

f -12 -15 -14
f -14 -13 -12
f -10 -9 -8
f -8 -9 -7
f -8 -7 -6
f -6 -7 -5
f -6 -5 -4
f -4 -5 -3
f -4 -3 -2
f -2 -3 -1

o Default b450
usemtl 0x50B09A
v -1.417 2.701 0.2
v -1.123 2.701 0.2
v -1.123 2.995 0.2
v -1.417 2.995 0.2
v -1.417 2.701 0.2
v -1.417 2.701 0.2
v -1.417 2.701 0
v -1.123 2.701 0.2
v -1.123 2.701 0
v -1.123 2.995 0.2
v -1.123 2.995 0
v -1.417 2.995 0.2
v -1.417 2.995 0
v -1.417 2.701 0.2
v -1.417 2.701 0

f -12 -15 -14
f -14 -13 -12
f -10 -9 -8
f -8 -9 -7
f -8 -7 -6
f -6 -7 -5
f -6 -5 -4
f -4 -5 -3
f -4 -3 -2
f -2 -3 -1

o Default b448
usemtl 0x50B09A
v -1.417 3.001 0.2
v -1.123 3.001 0.2
v -1.123 3.295 0.2
v -1.417 3.295 0.2
v -1.417 3.001 0.2
v -1.417 3.001 0.2
v -1.417 3.001 0
v -1.123 3.001 0.2
v -1.123 3.001 0
v -1.123 3.295 0.2
v -1.123 3.295 0
v -1.417 3.295 0.2
v -1.417 3.295 0
v -1.417 3.001 0.2
v -1.417 3.001 0

f -12 -15 -14
f -14 -13 -12
f -10 -9 -8
f -8 -9 -7
f -8 -7 -6
f -6 -7 -5
f -6 -5 -4
f -4 -5 -3
f -4 -3 -2
f -2 -3 -1

o Default b446
usemtl 0x40A3CB
v -1.417 3.301 0.2
v -1.123 3.301 0.2
v -1.123 3.595 0.2
v -1.417 3.595 0.2
v -1.417 3.301 0.2
v -1.417 3.301 0.2
v -1.417 3.301 0
v -1.123 3.301 0.2
v -1.123 3.301 0
v -1.123 3.595 0.2
v -1.123 3.595 0
v -1.417 3.595 0.2
v -1.417 3.595 0
v -1.417 3.301 0.2
v -1.417 3.301 0

f -12 -15 -14
f -14 -13 -12
f -10 -9 -8
f -8 -9 -7
f -8 -7 -6
f -6 -7 -5
f -6 -5 -4
f -4 -5 -3
f -4 -3 -2
f -2 -3 -1

o Default b444
usemtl 0x50B09A
v -1.417 3.601 0.2
v -1.123 3.601 0.2
v -1.123 3.895 0.2
v -1.417 3.895 0.2
v -1.417 3.601 0.2
v -1.417 3.601 0.2
v -1.417 3.601 0
v -1.123 3.601 0.2
v -1.123 3.601 0
v -1.123 3.895 0.2
v -1.123 3.895 0
v -1.417 3.895 0.2
v -1.417 3.895 0
v -1.417 3.601 0.2
v -1.417 3.601 0

f -12 -15 -14
f -14 -13 -12
f -10 -9 -8
f -8 -9 -7
f -8 -7 -6
f -6 -7 -5
f -6 -5 -4
f -4 -5 -3
f -4 -3 -2
f -2 -3 -1

o Default b442
usemtl 0x50B09A
v -1.417 3.901 0.2
v -1.123 3.901 0.2
v -1.123 4.195 0.2
v -1.417 4.195 0.2
v -1.417 3.901 0.2
v -1.417 3.901 0.2
v -1.417 3.901 0
v -1.123 3.901 0.2
v -1.123 3.901 0
v -1.123 4.195 0.2
v -1.123 4.195 0
v -1.417 4.195 0.2
v -1.417 4.195 0
v -1.417 3.901 0.2
v -1.417 3.901 0

f -12 -15 -14
f -14 -13 -12
f -10 -9 -8
f -8 -9 -7
f -8 -7 -6
f -6 -7 -5
f -6 -5 -4
f -4 -5 -3
f -4 -3 -2
f -2 -3 -1

o Default b440
usemtl 0x50B09A
v -1.417 4.201 0.2
v -1.123 4.201 0.2
v -1.123 4.495 0.2
v -1.417 4.495 0.2
v -1.417 4.201 0.2
v -1.417 4.201 0.2
v -1.417 4.201 0
v -1.123 4.201 0.2
v -1.123 4.201 0
v -1.123 4.495 0.2
v -1.123 4.495 0
v -1.417 4.495 0.2
v -1.417 4.495 0
v -1.417 4.201 0.2
v -1.417 4.201 0

f -12 -15 -14
f -14 -13 -12
f -10 -9 -8
f -8 -9 -7
f -8 -7 -6
f -6 -7 -5
f -6 -5 -4
f -4 -5 -3
f -4 -3 -2
f -2 -3 -1

o Default b354
usemtl 0x50B09A
v -2.314 1.804 0.2
v -1.726 1.804 0.2
v -1.726 2.392 0.2
v -2.314 2.392 0.2
v -2.314 1.804 0.2
v -2.314 1.804 0.2
v -2.314 1.804 0
v -1.726 1.804 0.2
v -1.726 1.804 0
v -1.726 2.392 0.2
v -1.726 2.392 0
v -2.314 2.392 0.2
v -2.314 2.392 0
v -2.314 1.804 0.2
v -2.314 1.804 0

f -12 -15 -14
f -14 -13 -12
f -10 -9 -8
f -8 -9 -7
f -8 -7 -6
f -6 -7 -5
f -6 -5 -4
f -4 -5 -3
f -4 -3 -2
f -2 -3 -1

o Default b449
usemtl 0x50B09A
v -2.017 2.701 0.2
v -1.723 2.701 0.2
v -1.723 2.995 0.2
v -2.017 2.995 0.2
v -2.017 2.701 0.2
v -2.017 2.701 0.2
v -2.017 2.701 0
v -1.723 2.701 0.2
v -1.723 2.701 0
v -1.723 2.995 0.2
v -1.723 2.995 0
v -2.017 2.995 0.2
v -2.017 2.995 0
v -2.017 2.701 0.2
v -2.017 2.701 0

f -12 -15 -14
f -14 -13 -12
f -10 -9 -8
f -8 -9 -7
f -8 -7 -6
f -6 -7 -5
f -6 -5 -4
f -4 -5 -3
f -4 -3 -2
f -2 -3 -1

o Default b445
usemtl 0x50B09A
v -2.017 3.004 0.2
v -1.723 3.004 0.2
v -1.723 3.592 0.2
v -2.017 3.592 0.2
v -2.017 3.004 0.2
v -2.017 3.004 0.2
v -2.017 3.004 0
v -1.723 3.004 0.2
v -1.723 3.004 0
v -1.723 3.592 0.2
v -1.723 3.592 0
v -2.017 3.592 0.2
v -2.017 3.592 0
v -2.017 3.004 0.2
v -2.017 3.004 0

f -12 -15 -14
f -14 -13 -12
f -10 -9 -8
f -8 -9 -7
f -8 -7 -6
f -6 -7 -5
f -6 -5 -4
f -4 -5 -3
f -4 -3 -2
f -2 -3 -1

o Default b443
usemtl 0x50B09A
v -2.017 3.601 0.2
v -1.723 3.601 0.2
v -1.723 3.895 0.2
v -2.017 3.895 0.2
v -2.017 3.601 0.2
v -2.017 3.601 0.2
v -2.017 3.601 0
v -1.723 3.601 0.2
v -1.723 3.601 0
v -1.723 3.895 0.2
v -1.723 3.895 0
v -2.017 3.895 0.2
v -2.017 3.895 0
v -2.017 3.601 0.2
v -2.017 3.601 0

f -12 -15 -14
f -14 -13 -12
f -10 -9 -8
f -8 -9 -7
f -8 -7 -6
f -6 -7 -5
f -6 -5 -4
f -4 -5 -3
f -4 -3 -2
f -2 -3 -1

o Default b441
usemtl 0x50B09A
v -2.017 3.901 0.2
v -1.723 3.901 0.2
v -1.723 4.195 0.2
v -2.017 4.195 0.2
v -2.017 3.901 0.2
v -2.017 3.901 0.2
v -2.017 3.901 0
v -1.723 3.901 0.2
v -1.723 3.901 0
v -1.723 4.195 0.2
v -1.723 4.195 0
v -2.017 4.195 0.2
v -2.017 4.195 0
v -2.017 3.901 0.2
v -2.017 3.901 0

f -12 -15 -14
f -14 -13 -12
f -10 -9 -8
f -8 -9 -7
f -8 -7 -6
f -6 -7 -5
f -6 -5 -4
f -4 -5 -3
f -4 -3 -2
f -2 -3 -1

o Default b439
usemtl 0x50B09A
v -2.017 4.201 0.2
v -1.723 4.201 0.2
v -1.723 4.495 0.2
v -2.017 4.495 0.2
v -2.017 4.201 0.2
v -2.017 4.201 0.2
v -2.017 4.201 0
v -1.723 4.201 0.2
v -1.723 4.201 0
v -1.723 4.495 0.2
v -1.723 4.495 0
v -2.017 4.495 0.2
v -2.017 4.495 0
v -2.017 4.201 0.2
v -2.017 4.201 0

f -12 -15 -14
f -14 -13 -12
f -10 -9 -8
f -8 -9 -7
f -8 -7 -6
f -6 -7 -5
f -6 -5 -4
f -4 -5 -3
f -4 -3 -2
f -2 -3 -1

o Default b437
usemtl 0x50B09A
v -2.017 4.501 0.2
v -1.723 4.501 0.2
v -1.723 4.795 0.2
v -2.017 4.795 0.2
v -2.017 4.501 0.2
v -2.017 4.501 0.2
v -2.017 4.501 0
v -1.723 4.501 0.2
v -1.723 4.501 0
v -1.723 4.795 0.2
v -1.723 4.795 0
v -2.017 4.795 0.2
v -2.017 4.795 0
v -2.017 4.501 0.2
v -2.017 4.501 0

f -12 -15 -14
f -14 -13 -12
f -10 -9 -8
f -8 -9 -7
f -8 -7 -6
f -6 -7 -5
f -6 -5 -4
f -4 -5 -3
f -4 -3 -2
f -2 -3 -1

o Default b435
usemtl 0x40A3CB
v -2.017 4.801 0.2
v -1.723 4.801 0.2
v -1.723 5.095 0.2
v -2.017 5.095 0.2
v -2.017 4.801 0.2
v -2.017 4.801 0.2
v -2.017 4.801 0
v -1.723 4.801 0.2
v -1.723 4.801 0
v -1.723 5.095 0.2
v -1.723 5.095 0
v -2.017 5.095 0.2
v -2.017 5.095 0
v -2.017 4.801 0.2
v -2.017 4.801 0

f -12 -15 -14
f -14 -13 -12
f -10 -9 -8
f -8 -9 -7
f -8 -7 -6
f -6 -7 -5
f -6 -5 -4
f -4 -5 -3
f -4 -3 -2
f -2 -3 -1

o Default b433
usemtl 0x50B09A
v -2.017 5.101 0.2
v -1.723 5.101 0.2
v -1.723 5.395 0.2
v -2.017 5.395 0.2
v -2.017 5.101 0.2
v -2.017 5.101 0.2
v -2.017 5.101 0
v -1.723 5.101 0.2
v -1.723 5.101 0
v -1.723 5.395 0.2
v -1.723 5.395 0
v -2.017 5.395 0.2
v -2.017 5.395 0
v -2.017 5.101 0.2
v -2.017 5.101 0

f -12 -15 -14
f -14 -13 -12
f -10 -9 -8
f -8 -9 -7
f -8 -7 -6
f -6 -7 -5
f -6 -5 -4
f -4 -5 -3
f -4 -3 -2
f -2 -3 -1

o Default b350
usemtl 0x50B09A
v -2.317 2.701 0.2
v -2.023 2.701 0.2
v -2.023 2.995 0.2
v -2.317 2.995 0.2
v -2.317 2.701 0.2
v -2.317 2.701 0.2
v -2.317 2.701 0
v -2.023 2.701 0.2
v -2.023 2.701 0
v -2.023 2.995 0.2
v -2.023 2.995 0
v -2.317 2.995 0.2
v -2.317 2.995 0
v -2.317 2.701 0.2
v -2.317 2.701 0

f -12 -15 -14
f -14 -13 -12
f -10 -9 -8
f -8 -9 -7
f -8 -7 -6
f -6 -7 -5
f -6 -5 -4
f -4 -5 -3
f -4 -3 -2
f -2 -3 -1

o Default b346
usemtl 0x50B09A
v -2.317 3.004 0.2
v -2.023 3.004 0.2
v -2.023 3.592 0.2
v -2.317 3.592 0.2
v -2.317 3.004 0.2
v -2.317 3.004 0.2
v -2.317 3.004 0
v -2.023 3.004 0.2
v -2.023 3.004 0
v -2.023 3.592 0.2
v -2.023 3.592 0
v -2.317 3.592 0.2
v -2.317 3.592 0
v -2.317 3.004 0.2
v -2.317 3.004 0

f -12 -15 -14
f -14 -13 -12
f -10 -9 -8
f -8 -9 -7
f -8 -7 -6
f -6 -7 -5
f -6 -5 -4
f -4 -5 -3
f -4 -3 -2
f -2 -3 -1

o Default b344
usemtl 0x50B09A
v -2.317 3.601 0.2
v -2.023 3.601 0.2
v -2.023 3.895 0.2
v -2.317 3.895 0.2
v -2.317 3.601 0.2
v -2.317 3.601 0.2
v -2.317 3.601 0
v -2.023 3.601 0.2
v -2.023 3.601 0
v -2.023 3.895 0.2
v -2.023 3.895 0
v -2.317 3.895 0.2
v -2.317 3.895 0
v -2.317 3.601 0.2
v -2.317 3.601 0

f -12 -15 -14
f -14 -13 -12
f -10 -9 -8
f -8 -9 -7
f -8 -7 -6
f -6 -7 -5
f -6 -5 -4
f -4 -5 -3
f -4 -3 -2
f -2 -3 -1

o Default b342
usemtl 0x50B09A
v -2.317 3.901 0.2
v -2.023 3.901 0.2
v -2.023 4.195 0.2
v -2.317 4.195 0.2
v -2.317 3.901 0.2
v -2.317 3.901 0.2
v -2.317 3.901 0
v -2.023 3.901 0.2
v -2.023 3.901 0
v -2.023 4.195 0.2
v -2.023 4.195 0
v -2.317 4.195 0.2
v -2.317 4.195 0
v -2.317 3.901 0.2
v -2.317 3.901 0

f -12 -15 -14
f -14 -13 -12
f -10 -9 -8
f -8 -9 -7
f -8 -7 -6
f -6 -7 -5
f -6 -5 -4
f -4 -5 -3
f -4 -3 -2
f -2 -3 -1

o Default b340
usemtl 0x50B09A
v -2.317 4.201 0.2
v -2.023 4.201 0.2
v -2.023 4.495 0.2
v -2.317 4.495 0.2
v -2.317 4.201 0.2
v -2.317 4.201 0.2
v -2.317 4.201 0
v -2.023 4.201 0.2
v -2.023 4.201 0
v -2.023 4.495 0.2
v -2.023 4.495 0
v -2.317 4.495 0.2
v -2.317 4.495 0
v -2.317 4.201 0.2
v -2.317 4.201 0

f -12 -15 -14
f -14 -13 -12
f -10 -9 -8
f -8 -9 -7
f -8 -7 -6
f -6 -7 -5
f -6 -5 -4
f -4 -5 -3
f -4 -3 -2
f -2 -3 -1

o Default b338
usemtl 0x50B09A
v -2.317 4.501 0.2
v -2.023 4.501 0.2
v -2.023 4.795 0.2
v -2.317 4.795 0.2
v -2.317 4.501 0.2
v -2.317 4.501 0.2
v -2.317 4.501 0
v -2.023 4.501 0.2
v -2.023 4.501 0
v -2.023 4.795 0.2
v -2.023 4.795 0
v -2.317 4.795 0.2
v -2.317 4.795 0
v -2.317 4.501 0.2
v -2.317 4.501 0

f -12 -15 -14
f -14 -13 -12
f -10 -9 -8
f -8 -9 -7
f -8 -7 -6
f -6 -7 -5
f -6 -5 -4
f -4 -5 -3
f -4 -3 -2
f -2 -3 -1

o Default b334
usemtl 0x50B09A
v -2.317 4.804 0.2
v -2.023 4.804 0.2
v -2.023 5.392 0.2
v -2.317 5.392 0.2
v -2.317 4.804 0.2
v -2.317 4.804 0.2
v -2.317 4.804 0
v -2.023 4.804 0.2
v -2.023 4.804 0
v -2.023 5.392 0.2
v -2.023 5.392 0
v -2.317 5.392 0.2
v -2.317 5.392 0
v -2.317 4.804 0.2
v -2.317 4.804 0

f -12 -15 -14
f -14 -13 -12
f -10 -9 -8
f -8 -9 -7
f -8 -7 -6
f -6 -7 -5
f -6 -5 -4
f -4 -5 -3
f -4 -3 -2
f -2 -3 -1

o Default b434
usemtl 0x50B09A
v -1.414 4.804 0.2
v -0.826 4.804 0.2
v -0.826 5.392 0.2
v -1.414 5.392 0.2
v -1.414 4.804 0.2
v -1.414 4.804 0.2
v -1.414 4.804 0
v -0.826 4.804 0.2
v -0.826 4.804 0
v -0.826 5.392 0.2
v -0.826 5.392 0
v -1.414 5.392 0.2
v -1.414 5.392 0
v -1.414 4.804 0.2
v -1.414 4.804 0

f -12 -15 -14
f -14 -13 -12
f -10 -9 -8
f -8 -9 -7
f -8 -7 -6
f -6 -7 -5
f -6 -5 -4
f -4 -5 -3
f -4 -3 -2
f -2 -3 -1

o Default bNews & Views
usemtl 0x57A953
v 1.586 2.704 0.2
v 2.174 2.704 0.2
v 2.174 3.292 0.2
v 1.586 3.292 0.2
v 1.586 2.704 0.2
v 1.586 2.704 0.2
v 1.586 2.704 0
v 2.174 2.704 0.2
v 2.174 2.704 0
v 2.174 3.292 0.2
v 2.174 3.292 0
v 1.586 3.292 0.2
v 1.586 3.292 0
v 1.586 2.704 0.2
v 1.586 2.704 0

f -12 -15 -14
f -14 -13 -12
f -10 -9 -8
f -8 -9 -7
f -8 -7 -6
f -6 -7 -5
f -6 -5 -4
f -4 -5 -3
f -4 -3 -2
f -2 -3 -1

o Default b740
usemtl 0x50B09A
v 1.586 3.607 0.2
v 2.174 3.607 0.2
v 2.174 4.489 0.2
v 1.586 4.489 0.2
v 1.586 3.607 0.2
v 1.586 3.607 0.2
v 1.586 3.607 0
v 2.174 3.607 0.2
v 2.174 3.607 0
v 2.174 4.489 0.2
v 2.174 4.489 0
v 1.586 4.489 0.2
v 1.586 4.489 0
v 1.586 3.607 0.2
v 1.586 3.607 0

f -12 -15 -14
f -14 -13 -12
f -10 -9 -8
f -8 -9 -7
f -8 -7 -6
f -6 -7 -5
f -6 -5 -4
f -4 -5 -3
f -4 -3 -2
f -2 -3 -1

o Default b834
usemtl 0x50B09A
v 2.486 4.507 0.2
v 3.074 4.507 0.2
v 3.074 5.389 0.2
v 2.486 5.389 0.2
v 2.486 4.507 0.2
v 2.486 4.507 0.2
v 2.486 4.507 0
v 3.074 4.507 0.2
v 3.074 4.507 0
v 3.074 5.389 0.2
v 3.074 5.389 0
v 2.486 5.389 0.2
v 2.486 5.389 0
v 2.486 4.507 0.2
v 2.486 4.507 0

f -12 -15 -14
f -14 -13 -12
f -10 -9 -8
f -8 -9 -7
f -8 -7 -6
f -6 -7 -5
f -6 -5 -4
f -4 -5 -3
f -4 -3 -2
f -2 -3 -1

o Default b948
usemtl 0x50B09A
v 3.383 2.704 0.2
v 3.677 2.704 0.2
v 3.677 3.292 0.2
v 3.383 3.292 0.2
v 3.383 2.704 0.2
v 3.383 2.704 0.2
v 3.383 2.704 0
v 3.677 2.704 0.2
v 3.677 2.704 0
v 3.677 3.292 0.2
v 3.677 3.292 0
v 3.383 3.292 0.2
v 3.383 3.292 0
v 3.383 2.704 0.2
v 3.383 2.704 0

f -12 -15 -14
f -14 -13 -12
f -10 -9 -8
f -8 -9 -7
f -8 -7 -6
f -6 -7 -5
f -6 -5 -4
f -4 -5 -3
f -4 -3 -2
f -2 -3 -1

o Default b946
usemtl 0x50B09A
v 3.383 3.301 0.2
v 3.677 3.301 0.2
v 3.677 3.595 0.2
v 3.383 3.595 0.2
v 3.383 3.301 0.2
v 3.383 3.301 0.2
v 3.383 3.301 0
v 3.677 3.301 0.2
v 3.677 3.301 0
v 3.677 3.595 0.2
v 3.677 3.595 0
v 3.383 3.595 0.2
v 3.383 3.595 0
v 3.383 3.301 0.2
v 3.383 3.301 0

f -12 -15 -14
f -14 -13 -12
f -10 -9 -8
f -8 -9 -7
f -8 -7 -6
f -6 -7 -5
f -6 -5 -4
f -4 -5 -3
f -4 -3 -2
f -2 -3 -1

o Default b944
usemtl 0x50B09A
v 3.383 3.601 0.2
v 3.677 3.601 0.2
v 3.677 3.895 0.2
v 3.383 3.895 0.2
v 3.383 3.601 0.2
v 3.383 3.601 0.2
v 3.383 3.601 0
v 3.677 3.601 0.2
v 3.677 3.601 0
v 3.677 3.895 0.2
v 3.677 3.895 0
v 3.383 3.895 0.2
v 3.383 3.895 0
v 3.383 3.601 0.2
v 3.383 3.601 0

f -12 -15 -14
f -14 -13 -12
f -10 -9 -8
f -8 -9 -7
f -8 -7 -6
f -6 -7 -5
f -6 -5 -4
f -4 -5 -3
f -4 -3 -2
f -2 -3 -1

o Default b942
usemtl 0x50B09A
v 3.383 3.901 0.2
v 3.677 3.901 0.2
v 3.677 4.195 0.2
v 3.383 4.195 0.2
v 3.383 3.901 0.2
v 3.383 3.901 0.2
v 3.383 3.901 0
v 3.677 3.901 0.2
v 3.677 3.901 0
v 3.677 4.195 0.2
v 3.677 4.195 0
v 3.383 4.195 0.2
v 3.383 4.195 0
v 3.383 3.901 0.2
v 3.383 3.901 0

f -12 -15 -14
f -14 -13 -12
f -10 -9 -8
f -8 -9 -7
f -8 -7 -6
f -6 -7 -5
f -6 -5 -4
f -4 -5 -3
f -4 -3 -2
f -2 -3 -1

o Default b940
usemtl 0x50B09A
v 3.383 4.201 0.2
v 3.677 4.201 0.2
v 3.677 4.495 0.2
v 3.383 4.495 0.2
v 3.383 4.201 0.2
v 3.383 4.201 0.2
v 3.383 4.201 0
v 3.677 4.201 0.2
v 3.677 4.201 0
v 3.677 4.495 0.2
v 3.677 4.495 0
v 3.383 4.495 0.2
v 3.383 4.495 0
v 3.383 4.201 0.2
v 3.383 4.201 0

f -12 -15 -14
f -14 -13 -12
f -10 -9 -8
f -8 -9 -7
f -8 -7 -6
f -6 -7 -5
f -6 -5 -4
f -4 -5 -3
f -4 -3 -2
f -2 -3 -1

o Default b1045
usemtl 0x50B09A
v 3.683 3.301 0.2
v 3.977 3.301 0.2
v 3.977 3.595 0.2
v 3.683 3.595 0.2
v 3.683 3.301 0.2
v 3.683 3.301 0.2
v 3.683 3.301 0
v 3.977 3.301 0.2
v 3.977 3.301 0
v 3.977 3.595 0.2
v 3.977 3.595 0
v 3.683 3.595 0.2
v 3.683 3.595 0
v 3.683 3.301 0.2
v 3.683 3.301 0

f -12 -15 -14
f -14 -13 -12
f -10 -9 -8
f -8 -9 -7
f -8 -7 -6
f -6 -7 -5
f -6 -5 -4
f -4 -5 -3
f -4 -3 -2
f -2 -3 -1

o Default b1043
usemtl 0x50B09A
v 3.683 3.601 0.2
v 3.977 3.601 0.2
v 3.977 3.895 0.2
v 3.683 3.895 0.2
v 3.683 3.601 0.2
v 3.683 3.601 0.2
v 3.683 3.601 0
v 3.977 3.601 0.2
v 3.977 3.601 0
v 3.977 3.895 0.2
v 3.977 3.895 0
v 3.683 3.895 0.2
v 3.683 3.895 0
v 3.683 3.601 0.2
v 3.683 3.601 0

f -12 -15 -14
f -14 -13 -12
f -10 -9 -8
f -8 -9 -7
f -8 -7 -6
f -6 -7 -5
f -6 -5 -4
f -4 -5 -3
f -4 -3 -2
f -2 -3 -1

o Default b1041
usemtl 0x50B09A
v 3.683 3.901 0.2
v 3.977 3.901 0.2
v 3.977 4.195 0.2
v 3.683 4.195 0.2
v 3.683 3.901 0.2
v 3.683 3.901 0.2
v 3.683 3.901 0
v 3.977 3.901 0.2
v 3.977 3.901 0
v 3.977 4.195 0.2
v 3.977 4.195 0
v 3.683 4.195 0.2
v 3.683 4.195 0
v 3.683 3.901 0.2
v 3.683 3.901 0

f -12 -15 -14
f -14 -13 -12
f -10 -9 -8
f -8 -9 -7
f -8 -7 -6
f -6 -7 -5
f -6 -5 -4
f -4 -5 -3
f -4 -3 -2
f -2 -3 -1

o Default b1039
usemtl 0x50B09A
v 3.683 4.201 0.2
v 3.977 4.201 0.2
v 3.977 4.495 0.2
v 3.683 4.495 0.2
v 3.683 4.201 0.2
v 3.683 4.201 0.2
v 3.683 4.201 0
v 3.977 4.201 0.2
v 3.977 4.201 0
v 3.977 4.495 0.2
v 3.977 4.495 0
v 3.683 4.495 0.2
v 3.683 4.495 0
v 3.683 4.201 0.2
v 3.683 4.201 0

f -12 -15 -14
f -14 -13 -12
f -10 -9 -8
f -8 -9 -7
f -8 -7 -6
f -6 -7 -5
f -6 -5 -4
f -4 -5 -3
f -4 -3 -2
f -2 -3 -1

o Default b1047
usemtl 0x50B09A
v 3.683 2.704 0.2
v 3.977 2.704 0.2
v 3.977 3.292 0.2
v 3.683 3.292 0.2
v 3.683 2.704 0.2
v 3.683 2.704 0.2
v 3.683 2.704 0
v 3.977 2.704 0.2
v 3.977 2.704 0
v 3.977 3.292 0.2
v 3.977 3.292 0
v 3.683 3.292 0.2
v 3.683 3.292 0
v 3.683 2.704 0.2
v 3.683 2.704 0

f -12 -15 -14
f -14 -13 -12
f -10 -9 -8
f -8 -9 -7
f -8 -7 -6
f -6 -7 -5
f -6 -5 -4
f -4 -5 -3
f -4 -3 -2
f -2 -3 -1

o Default b1033
usemtl 0x50B09A
v 3.683 4.804 0.2
v 3.977 4.804 0.2
v 3.977 5.392 0.2
v 3.683 5.392 0.2
v 3.683 4.804 0.2
v 3.683 4.804 0.2
v 3.683 4.804 0
v 3.977 4.804 0.2
v 3.977 4.804 0
v 3.977 5.392 0.2
v 3.977 5.392 0
v 3.683 5.392 0.2
v 3.683 5.392 0
v 3.683 4.804 0.2
v 3.683 4.804 0

f -12 -15 -14
f -14 -13 -12
f -10 -9 -8
f -8 -9 -7
f -8 -7 -6
f -6 -7 -5
f -6 -5 -4
f -4 -5 -3
f -4 -3 -2
f -2 -3 -1

o Default b934
usemtl 0x50B09A
v 3.383 4.507 0.2
v 3.677 4.507 0.2
v 3.677 5.389 0.2
v 3.383 5.389 0.2
v 3.383 4.507 0.2
v 3.383 4.507 0.2
v 3.383 4.507 0
v 3.677 4.507 0.2
v 3.677 4.507 0
v 3.677 5.389 0.2
v 3.677 5.389 0
v 3.383 5.389 0.2
v 3.383 5.389 0
v 3.383 4.507 0.2
v 3.383 4.507 0

f -12 -15 -14
f -14 -13 -12
f -10 -9 -8
f -8 -9 -7
f -8 -7 -6
f -6 -7 -5
f -6 -5 -4
f -4 -5 -3
f -4 -3 -2
f -2 -3 -1

o Default b1037
usemtl 0x40A3CB
v 3.683 4.501 0.2
v 3.977 4.501 0.2
v 3.977 4.795 0.2
v 3.683 4.795 0.2
v 3.683 4.501 0.2
v 3.683 4.501 0.2
v 3.683 4.501 0
v 3.977 4.501 0.2
v 3.977 4.501 0
v 3.977 4.795 0.2
v 3.977 4.795 0
v 3.683 4.795 0.2
v 3.683 4.795 0
v 3.683 4.501 0.2
v 3.683 4.501 0

f -12 -15 -14
f -14 -13 -12
f -10 -9 -8
f -8 -9 -7
f -8 -7 -6
f -6 -7 -5
f -6 -5 -4
f -4 -5 -3
f -4 -3 -2
f -2 -3 -1

o Default b1056
usemtl 0x50B09A
v 4.583 1.504 0.2
v 4.877 1.504 0.2
v 4.877 2.092 0.2
v 4.583 2.092 0.2
v 4.583 1.504 0.2
v 4.583 1.504 0.2
v 4.583 1.504 0
v 4.877 1.504 0.2
v 4.877 1.504 0
v 4.877 2.092 0.2
v 4.877 2.092 0
v 4.583 2.092 0.2
v 4.583 2.092 0
v 4.583 1.504 0.2
v 4.583 1.504 0

f -12 -15 -14
f -14 -13 -12
f -10 -9 -8
f -8 -9 -7
f -8 -7 -6
f -6 -7 -5
f -6 -5 -4
f -4 -5 -3
f -4 -3 -2
f -2 -3 -1

o Default b1054
usemtl 0x50B09A
v 4.583 2.101 0.2
v 4.877 2.101 0.2
v 4.877 2.395 0.2
v 4.583 2.395 0.2
v 4.583 2.101 0.2
v 4.583 2.101 0.2
v 4.583 2.101 0
v 4.877 2.101 0.2
v 4.877 2.101 0
v 4.877 2.395 0.2
v 4.877 2.395 0
v 4.583 2.395 0.2
v 4.583 2.395 0
v 4.583 2.101 0.2
v 4.583 2.101 0

f -12 -15 -14
f -14 -13 -12
f -10 -9 -8
f -8 -9 -7
f -8 -7 -6
f -6 -7 -5
f -6 -5 -4
f -4 -5 -3
f -4 -3 -2
f -2 -3 -1

o Default b1052
usemtl 0x50B09A
v 4.583 2.401 0.2
v 4.877 2.401 0.2
v 4.877 2.695 0.2
v 4.583 2.695 0.2
v 4.583 2.401 0.2
v 4.583 2.401 0.2
v 4.583 2.401 0
v 4.877 2.401 0.2
v 4.877 2.401 0
v 4.877 2.695 0.2
v 4.877 2.695 0
v 4.583 2.695 0.2
v 4.583 2.695 0
v 4.583 2.401 0.2
v 4.583 2.401 0

f -12 -15 -14
f -14 -13 -12
f -10 -9 -8
f -8 -9 -7
f -8 -7 -6
f -6 -7 -5
f -6 -5 -4
f -4 -5 -3
f -4 -3 -2
f -2 -3 -1

o Default b1048
usemtl 0x50B09A
v 4.583 2.704 0.2
v 4.877 2.704 0.2
v 4.877 3.292 0.2
v 4.583 3.292 0.2
v 4.583 2.704 0.2
v 4.583 2.704 0.2
v 4.583 2.704 0
v 4.877 2.704 0.2
v 4.877 2.704 0
v 4.877 3.292 0.2
v 4.877 3.292 0
v 4.583 3.292 0.2
v 4.583 3.292 0
v 4.583 2.704 0.2
v 4.583 2.704 0

f -12 -15 -14
f -14 -13 -12
f -10 -9 -8
f -8 -9 -7
f -8 -7 -6
f -6 -7 -5
f -6 -5 -4
f -4 -5 -3
f -4 -3 -2
f -2 -3 -1

o Default b1046
usemtl 0x50B09A
v 4.583 3.301 0.2
v 4.877 3.301 0.2
v 4.877 3.595 0.2
v 4.583 3.595 0.2
v 4.583 3.301 0.2
v 4.583 3.301 0.2
v 4.583 3.301 0
v 4.877 3.301 0.2
v 4.877 3.301 0
v 4.877 3.595 0.2
v 4.877 3.595 0
v 4.583 3.595 0.2
v 4.583 3.595 0
v 4.583 3.301 0.2
v 4.583 3.301 0

f -12 -15 -14
f -14 -13 -12
f -10 -9 -8
f -8 -9 -7
f -8 -7 -6
f -6 -7 -5
f -6 -5 -4
f -4 -5 -3
f -4 -3 -2
f -2 -3 -1

o Default b1044
usemtl 0x50B09A
v 4.583 3.601 0.2
v 4.877 3.601 0.2
v 4.877 3.895 0.2
v 4.583 3.895 0.2
v 4.583 3.601 0.2
v 4.583 3.601 0.2
v 4.583 3.601 0
v 4.877 3.601 0.2
v 4.877 3.601 0
v 4.877 3.895 0.2
v 4.877 3.895 0
v 4.583 3.895 0.2
v 4.583 3.895 0
v 4.583 3.601 0.2
v 4.583 3.601 0

f -12 -15 -14
f -14 -13 -12
f -10 -9 -8
f -8 -9 -7
f -8 -7 -6
f -6 -7 -5
f -6 -5 -4
f -4 -5 -3
f -4 -3 -2
f -2 -3 -1

o Default b1042
usemtl 0x50B09A
v 4.583 3.901 0.2
v 4.877 3.901 0.2
v 4.877 4.195 0.2
v 4.583 4.195 0.2
v 4.583 3.901 0.2
v 4.583 3.901 0.2
v 4.583 3.901 0
v 4.877 3.901 0.2
v 4.877 3.901 0
v 4.877 4.195 0.2
v 4.877 4.195 0
v 4.583 4.195 0.2
v 4.583 4.195 0
v 4.583 3.901 0.2
v 4.583 3.901 0

f -12 -15 -14
f -14 -13 -12
f -10 -9 -8
f -8 -9 -7
f -8 -7 -6
f -6 -7 -5
f -6 -5 -4
f -4 -5 -3
f -4 -3 -2
f -2 -3 -1

o Default b1038
usemtl 0x50B09A
v 4.583 4.501 0.2
v 4.877 4.501 0.2
v 4.877 4.795 0.2
v 4.583 4.795 0.2
v 4.583 4.501 0.2
v 4.583 4.501 0.2
v 4.583 4.501 0
v 4.877 4.501 0.2
v 4.877 4.501 0
v 4.877 4.795 0.2
v 4.877 4.795 0
v 4.583 4.795 0.2
v 4.583 4.795 0
v 4.583 4.501 0.2
v 4.583 4.501 0

f -12 -15 -14
f -14 -13 -12
f -10 -9 -8
f -8 -9 -7
f -8 -7 -6
f -6 -7 -5
f -6 -5 -4
f -4 -5 -3
f -4 -3 -2
f -2 -3 -1

o Default b355
usemtl 0x9A9A9A
v -3.217 1.504 0.2
v -2.923 1.504 0.2
v -2.923 2.092 0.2
v -3.217 2.092 0.2
v -3.217 1.504 0.2
v -3.217 1.504 0.2
v -3.217 1.504 0
v -2.923 1.504 0.2
v -2.923 1.504 0
v -2.923 2.092 0.2
v -2.923 2.092 0
v -3.217 2.092 0.2
v -3.217 2.092 0
v -3.217 1.504 0.2
v -3.217 1.504 0

f -12 -15 -14
f -14 -13 -12
f -10 -9 -8
f -8 -9 -7
f -8 -7 -6
f -6 -7 -5
f -6 -5 -4
f -4 -5 -3
f -4 -3 -2
f -2 -3 -1

o Default b341
usemtl 0x40A3CB
v -3.217 3.901 0.2
v -2.923 3.901 0.2
v -2.923 4.195 0.2
v -3.217 4.195 0.2
v -3.217 3.901 0.2
v -3.217 3.901 0.2
v -3.217 3.901 0
v -2.923 3.901 0.2
v -2.923 3.901 0
v -2.923 4.195 0.2
v -2.923 4.195 0
v -3.217 4.195 0.2
v -3.217 4.195 0
v -3.217 3.901 0.2
v -3.217 3.901 0

f -12 -15 -14
f -14 -13 -12
f -10 -9 -8
f -8 -9 -7
f -8 -7 -6
f -6 -7 -5
f -6 -5 -4
f -4 -5 -3
f -4 -3 -2
f -2 -3 -1

o Default b337
usemtl 0x40A3CB
v -3.217 4.204 0.2
v -2.923 4.204 0.2
v -2.923 4.792 0.2
v -3.217 4.792 0.2
v -3.217 4.204 0.2
v -3.217 4.204 0.2
v -3.217 4.204 0
v -2.923 4.204 0.2
v -2.923 4.204 0
v -2.923 4.792 0.2
v -2.923 4.792 0
v -3.217 4.792 0.2
v -3.217 4.792 0
v -3.217 4.204 0.2
v -3.217 4.204 0

f -12 -15 -14
f -14 -13 -12
f -10 -9 -8
f -8 -9 -7
f -8 -7 -6
f -6 -7 -5
f -6 -5 -4
f -4 -5 -3
f -4 -3 -2
f -2 -3 -1

o Default b636
usemtl 0x50B09A
v 0.683 4.801 0.2
v 0.977 4.801 0.2
v 0.977 5.095 0.2
v 0.683 5.095 0.2
v 0.683 4.801 0.2
v 0.683 4.801 0.2
v 0.683 4.801 0
v 0.977 4.801 0.2
v 0.977 4.801 0
v 0.977 5.095 0.2
v 0.977 5.095 0
v 0.683 5.095 0.2
v 0.683 5.095 0
v 0.683 4.801 0.2
v 0.683 4.801 0

f -12 -15 -14
f -14 -13 -12
f -10 -9 -8
f -8 -9 -7
f -8 -7 -6
f -6 -7 -5
f -6 -5 -4
f -4 -5 -3
f -4 -3 -2
f -2 -3 -1

o Default b828
usemtl 0x50B09A
v 2.486 5.704 0.2
v 3.074 5.704 0.2
v 3.074 6.292 0.2
v 2.486 6.292 0.2
v 2.486 5.704 0.2
v 2.486 5.704 0.2
v 2.486 5.704 0
v 3.074 5.704 0.2
v 3.074 5.704 0
v 3.074 6.292 0.2
v 3.074 6.292 0
v 2.486 6.292 0.2
v 2.486 6.292 0
v 2.486 5.704 0.2
v 2.486 5.704 0

f -12 -15 -14
f -14 -13 -12
f -10 -9 -8
f -8 -9 -7
f -8 -7 -6
f -6 -7 -5
f -6 -5 -4
f -4 -5 -3
f -4 -3 -2
f -2 -3 -1

o Default b824
usemtl 0x50B09A
v 2.486 6.601 0.2
v 3.074 6.601 0.2
v 3.074 6.895 0.2
v 2.486 6.895 0.2
v 2.486 6.601 0.2
v 2.486 6.601 0.2
v 2.486 6.601 0
v 3.074 6.601 0.2
v 3.074 6.601 0
v 3.074 6.895 0.2
v 3.074 6.895 0
v 2.486 6.895 0.2
v 2.486 6.895 0
v 2.486 6.601 0.2
v 2.486 6.601 0

f -12 -15 -14
f -14 -13 -12
f -10 -9 -8
f -8 -9 -7
f -8 -7 -6
f -6 -7 -5
f -6 -5 -4
f -4 -5 -3
f -4 -3 -2
f -2 -3 -1

o Default b926
usemtl 0x50B09A
v 3.386 5.707 0.2
v 3.974 5.707 0.2
v 3.974 6.589 0.2
v 3.386 6.589 0.2
v 3.386 5.707 0.2
v 3.386 5.707 0.2
v 3.386 5.707 0
v 3.974 5.707 0.2
v 3.974 5.707 0
v 3.974 6.589 0.2
v 3.974 6.589 0
v 3.386 6.589 0.2
v 3.386 6.589 0
v 3.386 5.707 0.2
v 3.386 5.707 0

f -12 -15 -14
f -14 -13 -12
f -10 -9 -8
f -8 -9 -7
f -8 -7 -6
f -6 -7 -5
f -6 -5 -4
f -4 -5 -3
f -4 -3 -2
f -2 -3 -1

o Default b920
usemtl 0x50B09A
v 3.386 6.901 0.2
v 3.974 6.901 0.2
v 3.974 7.195 0.2
v 3.386 7.195 0.2
v 3.386 6.901 0.2
v 3.386 6.901 0.2
v 3.386 6.901 0
v 3.974 6.901 0.2
v 3.974 6.901 0
v 3.974 7.195 0.2
v 3.974 7.195 0
v 3.386 7.195 0.2
v 3.386 7.195 0
v 3.386 6.901 0.2
v 3.386 6.901 0

f -12 -15 -14
f -14 -13 -12
f -10 -9 -8
f -8 -9 -7
f -8 -7 -6
f -6 -7 -5
f -6 -5 -4
f -4 -5 -3
f -4 -3 -2
f -2 -3 -1

o Default b914
usemtl 0x50B09A
v 3.386 7.507 0.2
v 3.974 7.507 0.2
v 3.974 8.389 0.2
v 3.386 8.389 0.2
v 3.386 7.507 0.2
v 3.386 7.507 0.2
v 3.386 7.507 0
v 3.974 7.507 0.2
v 3.974 7.507 0
v 3.974 8.389 0.2
v 3.974 8.389 0
v 3.386 8.389 0.2
v 3.386 8.389 0
v 3.386 7.507 0.2
v 3.386 7.507 0

f -12 -15 -14
f -14 -13 -12
f -10 -9 -8
f -8 -9 -7
f -8 -7 -6
f -6 -7 -5
f -6 -5 -4
f -4 -5 -3
f -4 -3 -2
f -2 -3 -1

o Default b430
usemtl 0x50B09A
v -1.417 5.701 0.2
v -1.123 5.701 0.2
v -1.123 5.995 0.2
v -1.417 5.995 0.2
v -1.417 5.701 0.2
v -1.417 5.701 0.2
v -1.417 5.701 0
v -1.123 5.701 0.2
v -1.123 5.701 0
v -1.123 5.995 0.2
v -1.123 5.995 0
v -1.417 5.995 0.2
v -1.417 5.995 0
v -1.417 5.701 0.2
v -1.417 5.701 0

f -12 -15 -14
f -14 -13 -12
f -10 -9 -8
f -8 -9 -7
f -8 -7 -6
f -6 -7 -5
f -6 -5 -4
f -4 -5 -3
f -4 -3 -2
f -2 -3 -1

o Default b428
usemtl 0x50B09A
v -1.417 6.001 0.2
v -1.123 6.001 0.2
v -1.123 6.295 0.2
v -1.417 6.295 0.2
v -1.417 6.001 0.2
v -1.417 6.001 0.2
v -1.417 6.001 0
v -1.123 6.001 0.2
v -1.123 6.001 0
v -1.123 6.295 0.2
v -1.123 6.295 0
v -1.417 6.295 0.2
v -1.417 6.295 0
v -1.417 6.001 0.2
v -1.417 6.001 0

f -12 -15 -14
f -14 -13 -12
f -10 -9 -8
f -8 -9 -7
f -8 -7 -6
f -6 -7 -5
f -6 -5 -4
f -4 -5 -3
f -4 -3 -2
f -2 -3 -1

o Default b426
usemtl 0x50B09A
v -1.417 6.301 0.2
v -1.123 6.301 0.2
v -1.123 6.595 0.2
v -1.417 6.595 0.2
v -1.417 6.301 0.2
v -1.417 6.301 0.2
v -1.417 6.301 0
v -1.123 6.301 0.2
v -1.123 6.301 0
v -1.123 6.595 0.2
v -1.123 6.595 0
v -1.417 6.595 0.2
v -1.417 6.595 0
v -1.417 6.301 0.2
v -1.417 6.301 0

f -12 -15 -14
f -14 -13 -12
f -10 -9 -8
f -8 -9 -7
f -8 -7 -6
f -6 -7 -5
f -6 -5 -4
f -4 -5 -3
f -4 -3 -2
f -2 -3 -1

o Default b424
usemtl 0x50B09A
v -1.417 6.601 0.2
v -1.123 6.601 0.2
v -1.123 6.895 0.2
v -1.417 6.895 0.2
v -1.417 6.601 0.2
v -1.417 6.601 0.2
v -1.417 6.601 0
v -1.123 6.601 0.2
v -1.123 6.601 0
v -1.123 6.895 0.2
v -1.123 6.895 0
v -1.417 6.895 0.2
v -1.417 6.895 0
v -1.417 6.601 0.2
v -1.417 6.601 0

f -12 -15 -14
f -14 -13 -12
f -10 -9 -8
f -8 -9 -7
f -8 -7 -6
f -6 -7 -5
f -6 -5 -4
f -4 -5 -3
f -4 -3 -2
f -2 -3 -1

o Default b422
usemtl 0x50B09A
v -1.417 6.901 0.2
v -1.123 6.901 0.2
v -1.123 7.195 0.2
v -1.417 7.195 0.2
v -1.417 6.901 0.2
v -1.417 6.901 0.2
v -1.417 6.901 0
v -1.123 6.901 0.2
v -1.123 6.901 0
v -1.123 7.195 0.2
v -1.123 7.195 0
v -1.417 7.195 0.2
v -1.417 7.195 0
v -1.417 6.901 0.2
v -1.417 6.901 0

f -12 -15 -14
f -14 -13 -12
f -10 -9 -8
f -8 -9 -7
f -8 -7 -6
f -6 -7 -5
f -6 -5 -4
f -4 -5 -3
f -4 -3 -2
f -2 -3 -1

o Default b420
usemtl 0x50B09A
v -1.417 7.201 0.2
v -1.123 7.201 0.2
v -1.123 7.495 0.2
v -1.417 7.495 0.2
v -1.417 7.201 0.2
v -1.417 7.201 0.2
v -1.417 7.201 0
v -1.123 7.201 0.2
v -1.123 7.201 0
v -1.123 7.495 0.2
v -1.123 7.495 0
v -1.417 7.495 0.2
v -1.417 7.495 0
v -1.417 7.201 0.2
v -1.417 7.201 0

f -12 -15 -14
f -14 -13 -12
f -10 -9 -8
f -8 -9 -7
f -8 -7 -6
f -6 -7 -5
f -6 -5 -4
f -4 -5 -3
f -4 -3 -2
f -2 -3 -1

o Default b527
usemtl 0x50B09A
v -1.117 5.704 0.2
v -0.823 5.704 0.2
v -0.823 6.292 0.2
v -1.117 6.292 0.2
v -1.117 5.704 0.2
v -1.117 5.704 0.2
v -1.117 5.704 0
v -0.823 5.704 0.2
v -0.823 5.704 0
v -0.823 6.292 0.2
v -0.823 6.292 0
v -1.117 6.292 0.2
v -1.117 6.292 0
v -1.117 5.704 0.2
v -1.117 5.704 0

f -12 -15 -14
f -14 -13 -12
f -10 -9 -8
f -8 -9 -7
f -8 -7 -6
f -6 -7 -5
f -6 -5 -4
f -4 -5 -3
f -4 -3 -2
f -2 -3 -1

o Default b523
usemtl 0x9A9A9A
v -1.117 6.304 0.2
v -0.823 6.304 0.2
v -0.823 6.892 0.2
v -1.117 6.892 0.2
v -1.117 6.304 0.2
v -1.117 6.304 0.2
v -1.117 6.304 0
v -0.823 6.304 0.2
v -0.823 6.304 0
v -0.823 6.892 0.2
v -0.823 6.892 0
v -1.117 6.892 0.2
v -1.117 6.892 0
v -1.117 6.304 0.2
v -1.117 6.304 0

f -12 -15 -14
f -14 -13 -12
f -10 -9 -8
f -8 -9 -7
f -8 -7 -6
f -6 -7 -5
f -6 -5 -4
f -4 -5 -3
f -4 -3 -2
f -2 -3 -1

o Default b519
usemtl 0x50B09A
v -1.117 6.904 0.2
v -0.823 6.904 0.2
v -0.823 7.492 0.2
v -1.117 7.492 0.2
v -1.117 6.904 0.2
v -1.117 6.904 0.2
v -1.117 6.904 0
v -0.823 6.904 0.2
v -0.823 6.904 0
v -0.823 7.492 0.2
v -0.823 7.492 0
v -1.117 7.492 0.2
v -1.117 7.492 0
v -1.117 6.904 0.2
v -1.117 6.904 0

f -12 -15 -14
f -14 -13 -12
f -10 -9 -8
f -8 -9 -7
f -8 -7 -6
f -6 -7 -5
f -6 -5 -4
f -4 -5 -3
f -4 -3 -2
f -2 -3 -1

o Default b326
usemtl 0x50B09A
v -2.314 5.707 0.2
v -1.726 5.707 0.2
v -1.726 6.589 0.2
v -2.314 6.589 0.2
v -2.314 5.707 0.2
v -2.314 5.707 0.2
v -2.314 5.707 0
v -1.726 5.707 0.2
v -1.726 5.707 0
v -1.726 6.589 0.2
v -1.726 6.589 0
v -2.314 6.589 0.2
v -2.314 6.589 0
v -2.314 5.707 0.2
v -2.314 5.707 0

f -12 -15 -14
f -14 -13 -12
f -10 -9 -8
f -8 -9 -7
f -8 -7 -6
f -6 -7 -5
f -6 -5 -4
f -4 -5 -3
f -4 -3 -2
f -2 -3 -1

o Default b320
usemtl 0x50B09A
v -2.314 6.904 0.2
v -1.726 6.904 0.2
v -1.726 7.492 0.2
v -2.314 7.492 0.2
v -2.314 6.904 0.2
v -2.314 6.904 0.2
v -2.314 6.904 0
v -1.726 6.904 0.2
v -1.726 6.904 0
v -1.726 7.492 0.2
v -1.726 7.492 0
v -2.314 7.492 0.2
v -2.314 7.492 0
v -2.314 6.904 0.2
v -2.314 6.904 0

f -12 -15 -14
f -14 -13 -12
f -10 -9 -8
f -8 -9 -7
f -8 -7 -6
f -6 -7 -5
f -6 -5 -4
f -4 -5 -3
f -4 -3 -2
f -2 -3 -1

o Default b314
usemtl 0x50B09A
v -2.314 7.804 0.2
v -1.726 7.804 0.2
v -1.726 8.392 0.2
v -2.314 8.392 0.2
v -2.314 7.804 0.2
v -2.314 7.804 0.2
v -2.314 7.804 0
v -1.726 7.804 0.2
v -1.726 7.804 0
v -1.726 8.392 0.2
v -1.726 8.392 0
v -2.314 8.392 0.2
v -2.314 8.392 0
v -2.314 7.804 0.2
v -2.314 7.804 0

f -12 -15 -14
f -14 -13 -12
f -10 -9 -8
f -8 -9 -7
f -8 -7 -6
f -6 -7 -5
f -6 -5 -4
f -4 -5 -3
f -4 -3 -2
f -2 -3 -1

o Default b414
usemtl 0x50B09A
v -1.414 7.804 0.2
v -0.826 7.804 0.2
v -0.826 8.392 0.2
v -1.414 8.392 0.2
v -1.414 7.804 0.2
v -1.414 7.804 0.2
v -1.414 7.804 0
v -0.826 7.804 0.2
v -0.826 7.804 0
v -0.826 8.392 0.2
v -0.826 8.392 0
v -1.414 8.392 0.2
v -1.414 8.392 0
v -1.414 7.804 0.2
v -1.414 7.804 0

f -12 -15 -14
f -14 -13 -12
f -10 -9 -8
f -8 -9 -7
f -8 -7 -6
f -6 -7 -5
f -6 -5 -4
f -4 -5 -3
f -4 -3 -2
f -2 -3 -1

o Default b518
usemtl 0x50B09A
v -0.517 7.501 0.2
v -0.223 7.501 0.2
v -0.223 7.795 0.2
v -0.517 7.795 0.2
v -0.517 7.501 0.2
v -0.517 7.501 0.2
v -0.517 7.501 0
v -0.223 7.501 0.2
v -0.223 7.501 0
v -0.223 7.795 0.2
v -0.223 7.795 0
v -0.517 7.795 0.2
v -0.517 7.795 0
v -0.517 7.501 0.2
v -0.517 7.501 0

f -12 -15 -14
f -14 -13 -12
f -10 -9 -8
f -8 -9 -7
f -8 -7 -6
f -6 -7 -5
f -6 -5 -4
f -4 -5 -3
f -4 -3 -2
f -2 -3 -1

o Default b514
usemtl 0x50B09A
v -0.517 7.804 0.2
v -0.223 7.804 0.2
v -0.223 8.392 0.2
v -0.517 8.392 0.2
v -0.517 7.804 0.2
v -0.517 7.804 0.2
v -0.517 7.804 0
v -0.223 7.804 0.2
v -0.223 7.804 0
v -0.223 8.392 0.2
v -0.223 8.392 0
v -0.517 8.392 0.2
v -0.517 8.392 0
v -0.517 7.804 0.2
v -0.517 7.804 0

f -12 -15 -14
f -14 -13 -12
f -10 -9 -8
f -8 -9 -7
f -8 -7 -6
f -6 -7 -5
f -6 -5 -4
f -4 -5 -3
f -4 -3 -2
f -2 -3 -1

o Default b615
usemtl 0x50B09A
v -0.217 7.801 0.2
v 0.077 7.801 0.2
v 0.077 8.095 0.2
v -0.217 8.095 0.2
v -0.217 7.801 0.2
v -0.217 7.801 0.2
v -0.217 7.801 0
v 0.077 7.801 0.2
v 0.077 7.801 0
v 0.077 8.095 0.2
v 0.077 8.095 0
v -0.217 8.095 0.2
v -0.217 8.095 0
v -0.217 7.801 0.2
v -0.217 7.801 0

f -12 -15 -14
f -14 -13 -12
f -10 -9 -8
f -8 -9 -7
f -8 -7 -6
f -6 -7 -5
f -6 -5 -4
f -4 -5 -3
f -4 -3 -2
f -2 -3 -1

o Default b913
usemtl 0x50B09A
v 2.786 8.101 0.2
v 3.08 8.101 0.2
v 3.08 8.395 0.2
v 2.786 8.395 0.2
v 2.786 8.101 0.2
v 2.786 8.101 0.2
v 2.786 8.101 0
v 3.08 8.101 0.2
v 3.08 8.101 0
v 3.08 8.395 0.2
v 3.08 8.395 0
v 2.786 8.395 0.2
v 2.786 8.395 0
v 2.786 8.101 0.2
v 2.786 8.101 0

f -12 -15 -14
f -14 -13 -12
f -10 -9 -8
f -8 -9 -7
f -8 -7 -6
f -6 -7 -5
f -6 -5 -4
f -4 -5 -3
f -4 -3 -2
f -2 -3 -1

o Default b915
usemtl 0x50B09A
v 2.786 7.801 0.2
v 3.08 7.801 0.2
v 3.08 8.095 0.2
v 2.786 8.095 0.2
v 2.786 7.801 0.2
v 2.786 7.801 0.2
v 2.786 7.801 0
v 3.08 7.801 0.2
v 3.08 7.801 0
v 3.08 8.095 0.2
v 3.08 8.095 0
v 2.786 8.095 0.2
v 2.786 8.095 0
v 2.786 7.801 0.2
v 2.786 7.801 0

f -12 -15 -14
f -14 -13 -12
f -10 -9 -8
f -8 -9 -7
f -8 -7 -6
f -6 -7 -5
f -6 -5 -4
f -4 -5 -3
f -4 -3 -2
f -2 -3 -1

o Default b917
usemtl 0x50B09A
v 2.786 7.204 0.2
v 3.08 7.204 0.2
v 3.08 7.792 0.2
v 2.786 7.792 0.2
v 2.786 7.204 0.2
v 2.786 7.204 0.2
v 2.786 7.204 0
v 3.08 7.204 0.2
v 3.08 7.204 0
v 3.08 7.792 0.2
v 3.08 7.792 0
v 2.786 7.792 0.2
v 2.786 7.792 0
v 2.786 7.204 0.2
v 2.786 7.204 0

f -12 -15 -14
f -14 -13 -12
f -10 -9 -8
f -8 -9 -7
f -8 -7 -6
f -6 -7 -5
f -6 -5 -4
f -4 -5 -3
f -4 -3 -2
f -2 -3 -1

o Default b814
usemtl 0x50B09A
v 2.483 8.101 0.2
v 2.777 8.101 0.2
v 2.777 8.395 0.2
v 2.483 8.395 0.2
v 2.483 8.101 0.2
v 2.483 8.101 0.2
v 2.483 8.101 0
v 2.777 8.101 0.2
v 2.777 8.101 0
v 2.777 8.395 0.2
v 2.777 8.395 0
v 2.483 8.395 0.2
v 2.483 8.395 0
v 2.483 8.101 0.2
v 2.483 8.101 0

f -12 -15 -14
f -14 -13 -12
f -10 -9 -8
f -8 -9 -7
f -8 -7 -6
f -6 -7 -5
f -6 -5 -4
f -4 -5 -3
f -4 -3 -2
f -2 -3 -1

o Default b816
usemtl 0x50B09A
v 2.483 7.801 0.2
v 2.777 7.801 0.2
v 2.777 8.095 0.2
v 2.483 8.095 0.2
v 2.483 7.801 0.2
v 2.483 7.801 0.2
v 2.483 7.801 0
v 2.777 7.801 0.2
v 2.777 7.801 0
v 2.777 8.095 0.2
v 2.777 8.095 0
v 2.483 8.095 0.2
v 2.483 8.095 0
v 2.483 7.801 0.2
v 2.483 7.801 0

f -12 -15 -14
f -14 -13 -12
f -10 -9 -8
f -8 -9 -7
f -8 -7 -6
f -6 -7 -5
f -6 -5 -4
f -4 -5 -3
f -4 -3 -2
f -2 -3 -1

o Default b818
usemtl 0x40A3CB
v 2.483 7.501 0.2
v 2.777 7.501 0.2
v 2.777 7.795 0.2
v 2.483 7.795 0.2
v 2.483 7.501 0.2
v 2.483 7.501 0.2
v 2.483 7.501 0
v 2.777 7.501 0.2
v 2.777 7.501 0
v 2.777 7.795 0.2
v 2.777 7.795 0
v 2.483 7.795 0.2
v 2.483 7.795 0
v 2.483 7.501 0.2
v 2.483 7.501 0

f -12 -15 -14
f -14 -13 -12
f -10 -9 -8
f -8 -9 -7
f -8 -7 -6
f -6 -7 -5
f -6 -5 -4
f -4 -5 -3
f -4 -3 -2
f -2 -3 -1

o Default b820
usemtl 0x50B09A
v 2.483 7.201 0.2
v 2.777 7.201 0.2
v 2.777 7.495 0.2
v 2.483 7.495 0.2
v 2.483 7.201 0.2
v 2.483 7.201 0.2
v 2.483 7.201 0
v 2.777 7.201 0.2
v 2.777 7.201 0
v 2.777 7.495 0.2
v 2.777 7.495 0
v 2.483 7.495 0.2
v 2.483 7.495 0
v 2.483 7.201 0.2
v 2.483 7.201 0

f -12 -15 -14
f -14 -13 -12
f -10 -9 -8
f -8 -9 -7
f -8 -7 -6
f -6 -7 -5
f -6 -5 -4
f -4 -5 -3
f -4 -3 -2
f -2 -3 -1

o Default b714
usemtl 0x50B09A
v 1.586 7.21 0.2
v 2.174 7.21 0.2
v 2.174 8.386 0.2
v 1.586 8.386 0.2
v 1.586 7.21 0.2
v 1.586 7.21 0.2
v 1.586 7.21 0
v 2.174 7.21 0.2
v 2.174 7.21 0
v 2.174 8.386 0.2
v 2.174 8.386 0
v 1.586 8.386 0.2
v 1.586 8.386 0
v 1.586 7.21 0.2
v 1.586 7.21 0

f -12 -15 -14
f -14 -13 -12
f -10 -9 -8
f -8 -9 -7
f -8 -7 -6
f -6 -7 -5
f -6 -5 -4
f -4 -5 -3
f -4 -3 -2
f -2 -3 -1

o Default b719
usemtl 0x50B09A
v 0.983 7.201 0.2
v 1.277 7.201 0.2
v 1.277 7.495 0.2
v 0.983 7.495 0.2
v 0.983 7.201 0.2
v 0.983 7.201 0.2
v 0.983 7.201 0
v 1.277 7.201 0.2
v 1.277 7.201 0
v 1.277 7.495 0.2
v 1.277 7.495 0
v 0.983 7.495 0.2
v 0.983 7.495 0
v 0.983 7.201 0.2
v 0.983 7.201 0

f -12 -15 -14
f -14 -13 -12
f -10 -9 -8
f -8 -9 -7
f -8 -7 -6
f -6 -7 -5
f -6 -5 -4
f -4 -5 -3
f -4 -3 -2
f -2 -3 -1

o Default b717
usemtl 0x50B09A
v 0.983 7.501 0.2
v 1.277 7.501 0.2
v 1.277 7.795 0.2
v 0.983 7.795 0.2
v 0.983 7.501 0.2
v 0.983 7.501 0.2
v 0.983 7.501 0
v 1.277 7.501 0.2
v 1.277 7.501 0
v 1.277 7.795 0.2
v 1.277 7.795 0
v 0.983 7.795 0.2
v 0.983 7.795 0
v 0.983 7.501 0.2
v 0.983 7.501 0

f -12 -15 -14
f -14 -13 -12
f -10 -9 -8
f -8 -9 -7
f -8 -7 -6
f -6 -7 -5
f -6 -5 -4
f -4 -5 -3
f -4 -3 -2
f -2 -3 -1

o Default b715
usemtl 0x50B09A
v 0.983 7.801 0.2
v 1.277 7.801 0.2
v 1.277 8.095 0.2
v 0.983 8.095 0.2
v 0.983 7.801 0.2
v 0.983 7.801 0.2
v 0.983 7.801 0
v 1.277 7.801 0.2
v 1.277 7.801 0
v 1.277 8.095 0.2
v 1.277 8.095 0
v 0.983 8.095 0.2
v 0.983 8.095 0
v 0.983 7.801 0.2
v 0.983 7.801 0

f -12 -15 -14
f -14 -13 -12
f -10 -9 -8
f -8 -9 -7
f -8 -7 -6
f -6 -7 -5
f -6 -5 -4
f -4 -5 -3
f -4 -3 -2
f -2 -3 -1

o Default b713
usemtl 0x50B09A
v 0.983 8.101 0.2
v 1.277 8.101 0.2
v 1.277 8.395 0.2
v 0.983 8.395 0.2
v 0.983 8.101 0.2
v 0.983 8.101 0.2
v 0.983 8.101 0
v 1.277 8.101 0.2
v 1.277 8.101 0
v 1.277 8.395 0.2
v 1.277 8.395 0
v 0.983 8.395 0.2
v 0.983 8.395 0
v 0.983 8.101 0.2
v 0.983 8.101 0

f -12 -15 -14
f -14 -13 -12
f -10 -9 -8
f -8 -9 -7
f -8 -7 -6
f -6 -7 -5
f -6 -5 -4
f -4 -5 -3
f -4 -3 -2
f -2 -3 -1

o Default b616
usemtl 0x50B09A
v 0.683 7.801 0.2
v 0.977 7.801 0.2
v 0.977 8.095 0.2
v 0.683 8.095 0.2
v 0.683 7.801 0.2
v 0.683 7.801 0.2
v 0.683 7.801 0
v 0.977 7.801 0.2
v 0.977 7.801 0
v 0.977 8.095 0.2
v 0.977 8.095 0
v 0.683 8.095 0.2
v 0.683 8.095 0
v 0.683 7.801 0.2
v 0.683 7.801 0

f -12 -15 -14
f -14 -13 -12
f -10 -9 -8
f -8 -9 -7
f -8 -7 -6
f -6 -7 -5
f -6 -5 -4
f -4 -5 -3
f -4 -3 -2
f -2 -3 -1

o Default bCNTV Studio and CEM Lounge
usemtl 0x57A953
v -3.514 5.122 0.2
v -2.926 5.122 0.2
v -2.926 8.062 0.2
v -3.514 8.062 0.2
v -3.514 5.122 0.2
v -3.514 5.122 0.2
v -3.514 5.122 0
v -2.926 5.122 0.2
v -2.926 5.122 0
v -2.926 8.062 0.2
v -2.926 8.062 0
v -3.514 8.062 0.2
v -3.514 8.062 0
v -3.514 5.122 0.2
v -3.514 5.122 0

f -12 -15 -14
f -14 -13 -12
f -10 -9 -8
f -8 -9 -7
f -8 -7 -6
f -6 -7 -5
f -6 -5 -4
f -4 -5 -3
f -4 -3 -2
f -2 -3 -1

o Default b313
usemtl 0x50B09A
v -3.217 8.101 0.2
v -2.923 8.101 0.2
v -2.923 8.395 0.2
v -3.217 8.395 0.2
v -3.217 8.101 0.2
v -3.217 8.101 0.2
v -3.217 8.101 0
v -2.923 8.101 0.2
v -2.923 8.101 0
v -2.923 8.395 0.2
v -2.923 8.395 0
v -3.217 8.395 0.2
v -3.217 8.395 0
v -3.217 8.101 0.2
v -3.217 8.101 0

f -12 -15 -14
f -14 -13 -12
f -10 -9 -8
f -8 -9 -7
f -8 -7 -6
f -6 -7 -5
f -6 -5 -4
f -4 -5 -3
f -4 -3 -2
f -2 -3 -1

o Default b311
usemtl 0x50B09A
v -3.217 8.401 0.2
v -2.923 8.401 0.2
v -2.923 8.695 0.2
v -3.217 8.695 0.2
v -3.217 8.401 0.2
v -3.217 8.401 0.2
v -3.217 8.401 0
v -2.923 8.401 0.2
v -2.923 8.401 0
v -2.923 8.695 0.2
v -2.923 8.695 0
v -3.217 8.695 0.2
v -3.217 8.695 0
v -3.217 8.401 0.2
v -3.217 8.401 0

f -12 -15 -14
f -14 -13 -12
f -10 -9 -8
f -8 -9 -7
f -8 -7 -6
f -6 -7 -5
f -6 -5 -4
f -4 -5 -3
f -4 -3 -2
f -2 -3 -1

o Default b306
usemtl 0x50B09A
v -2.314 9.004 0.2
v -1.726 9.004 0.2
v -1.726 9.592 0.2
v -2.314 9.592 0.2
v -2.314 9.004 0.2
v -2.314 9.004 0.2
v -2.314 9.004 0
v -1.726 9.004 0.2
v -1.726 9.004 0
v -1.726 9.592 0.2
v -1.726 9.592 0
v -2.314 9.592 0.2
v -2.314 9.592 0
v -2.314 9.004 0.2
v -2.314 9.004 0

f -12 -15 -14
f -14 -13 -12
f -10 -9 -8
f -8 -9 -7
f -8 -7 -6
f -6 -7 -5
f -6 -5 -4
f -4 -5 -3
f -4 -3 -2
f -2 -3 -1

o Default b307
usemtl 0x50B09A
v -2.917 9.001 0.2
v -2.623 9.001 0.2
v -2.623 9.295 0.2
v -2.917 9.295 0.2
v -2.917 9.001 0.2
v -2.917 9.001 0.2
v -2.917 9.001 0
v -2.623 9.001 0.2
v -2.623 9.001 0
v -2.623 9.295 0.2
v -2.623 9.295 0
v -2.917 9.295 0.2
v -2.917 9.295 0
v -2.917 9.001 0.2
v -2.917 9.001 0

f -12 -15 -14
f -14 -13 -12
f -10 -9 -8
f -8 -9 -7
f -8 -7 -6
f -6 -7 -5
f -6 -5 -4
f -4 -5 -3
f -4 -3 -2
f -2 -3 -1

o Default b305
usemtl 0x50B09A
v -2.917 9.301 0.2
v -2.623 9.301 0.2
v -2.623 9.595 0.2
v -2.917 9.595 0.2
v -2.917 9.301 0.2
v -2.917 9.301 0.2
v -2.917 9.301 0
v -2.623 9.301 0.2
v -2.623 9.301 0
v -2.623 9.595 0.2
v -2.623 9.595 0
v -2.917 9.595 0.2
v -2.917 9.595 0
v -2.917 9.301 0.2
v -2.917 9.301 0

f -12 -15 -14
f -14 -13 -12
f -10 -9 -8
f -8 -9 -7
f -8 -7 -6
f -6 -7 -5
f -6 -5 -4
f -4 -5 -3
f -4 -3 -2
f -2 -3 -1

o Default b408
usemtl 0x50B09A
v -1.417 9.001 0.2
v -1.123 9.001 0.2
v -1.123 9.295 0.2
v -1.417 9.295 0.2
v -1.417 9.001 0.2
v -1.417 9.001 0.2
v -1.417 9.001 0
v -1.123 9.001 0.2
v -1.123 9.001 0
v -1.123 9.295 0.2
v -1.123 9.295 0
v -1.417 9.295 0.2
v -1.417 9.295 0
v -1.417 9.001 0.2
v -1.417 9.001 0

f -12 -15 -14
f -14 -13 -12
f -10 -9 -8
f -8 -9 -7
f -8 -7 -6
f -6 -7 -5
f -6 -5 -4
f -4 -5 -3
f -4 -3 -2
f -2 -3 -1

o Default b406
usemtl 0x50B09A
v -1.417 9.301 0.2
v -1.123 9.301 0.2
v -1.123 9.595 0.2
v -1.417 9.595 0.2
v -1.417 9.301 0.2
v -1.417 9.301 0.2
v -1.417 9.301 0
v -1.123 9.301 0.2
v -1.123 9.301 0
v -1.123 9.595 0.2
v -1.123 9.595 0
v -1.417 9.595 0.2
v -1.417 9.595 0
v -1.417 9.301 0.2
v -1.417 9.301 0

f -12 -15 -14
f -14 -13 -12
f -10 -9 -8
f -8 -9 -7
f -8 -7 -6
f -6 -7 -5
f -6 -5 -4
f -4 -5 -3
f -4 -3 -2
f -2 -3 -1

o Default b507
usemtl 0x50B09A
v -1.117 9.001 0.2
v -0.823 9.001 0.2
v -0.823 9.295 0.2
v -1.117 9.295 0.2
v -1.117 9.001 0.2
v -1.117 9.001 0.2
v -1.117 9.001 0
v -0.823 9.001 0.2
v -0.823 9.001 0
v -0.823 9.295 0.2
v -0.823 9.295 0
v -1.117 9.295 0.2
v -1.117 9.295 0
v -1.117 9.001 0.2
v -1.117 9.001 0

f -12 -15 -14
f -14 -13 -12
f -10 -9 -8
f -8 -9 -7
f -8 -7 -6
f -6 -7 -5
f -6 -5 -4
f -4 -5 -3
f -4 -3 -2
f -2 -3 -1

o Default b505
usemtl 0x50B09A
v -1.117 9.301 0.2
v -0.823 9.301 0.2
v -0.823 9.595 0.2
v -1.117 9.595 0.2
v -1.117 9.301 0.2
v -1.117 9.301 0.2
v -1.117 9.301 0
v -0.823 9.301 0.2
v -0.823 9.301 0
v -0.823 9.595 0.2
v -0.823 9.595 0
v -1.117 9.595 0.2
v -1.117 9.595 0
v -1.117 9.301 0.2
v -1.117 9.301 0

f -12 -15 -14
f -14 -13 -12
f -10 -9 -8
f -8 -9 -7
f -8 -7 -6
f -6 -7 -5
f -6 -5 -4
f -4 -5 -3
f -4 -3 -2
f -2 -3 -1

o Default b506
usemtl 0x50B09A
v -0.514 9.004 0.2
v 0.074 9.004 0.2
v 0.074 9.592 0.2
v -0.514 9.592 0.2
v -0.514 9.004 0.2
v -0.514 9.004 0.2
v -0.514 9.004 0
v 0.074 9.004 0.2
v 0.074 9.004 0
v 0.074 9.592 0.2
v 0.074 9.592 0
v -0.514 9.592 0.2
v -0.514 9.592 0
v -0.514 9.004 0.2
v -0.514 9.004 0

f -12 -15 -14
f -14 -13 -12
f -10 -9 -8
f -8 -9 -7
f -8 -7 -6
f -6 -7 -5
f -6 -5 -4
f -4 -5 -3
f -4 -3 -2
f -2 -3 -1

o Default b606
usemtl 0x50B09A
v 0.686 9.004 0.2
v 1.274 9.004 0.2
v 1.274 9.592 0.2
v 0.686 9.592 0.2
v 0.686 9.004 0.2
v 0.686 9.004 0.2
v 0.686 9.004 0
v 1.274 9.004 0.2
v 1.274 9.004 0
v 1.274 9.592 0.2
v 1.274 9.592 0
v 0.686 9.592 0.2
v 0.686 9.592 0
v 0.686 9.004 0.2
v 0.686 9.004 0

f -12 -15 -14
f -14 -13 -12
f -10 -9 -8
f -8 -9 -7
f -8 -7 -6
f -6 -7 -5
f -6 -5 -4
f -4 -5 -3
f -4 -3 -2
f -2 -3 -1

o Default b607
usemtl 0x40A3CB
v 1.583 9.001 0.2
v 1.877 9.001 0.2
v 1.877 9.295 0.2
v 1.583 9.295 0.2
v 1.583 9.001 0.2
v 1.583 9.001 0.2
v 1.583 9.001 0
v 1.877 9.001 0.2
v 1.877 9.001 0
v 1.877 9.295 0.2
v 1.877 9.295 0
v 1.583 9.295 0.2
v 1.583 9.295 0
v 1.583 9.001 0.2
v 1.583 9.001 0

f -12 -15 -14
f -14 -13 -12
f -10 -9 -8
f -8 -9 -7
f -8 -7 -6
f -6 -7 -5
f -6 -5 -4
f -4 -5 -3
f -4 -3 -2
f -2 -3 -1

o Default b605
usemtl 0x50B09A
v 1.583 9.301 0.2
v 1.877 9.301 0.2
v 1.877 9.595 0.2
v 1.583 9.595 0.2
v 1.583 9.301 0.2
v 1.583 9.301 0.2
v 1.583 9.301 0
v 1.877 9.301 0.2
v 1.877 9.301 0
v 1.877 9.595 0.2
v 1.877 9.595 0
v 1.583 9.595 0.2
v 1.583 9.595 0
v 1.583 9.301 0.2
v 1.583 9.301 0

f -12 -15 -14
f -14 -13 -12
f -10 -9 -8
f -8 -9 -7
f -8 -7 -6
f -6 -7 -5
f -6 -5 -4
f -4 -5 -3
f -4 -3 -2
f -2 -3 -1

o Default b807
usemtl 0x50B09A
v 1.883 9.001 0.2
v 2.177 9.001 0.2
v 2.177 9.295 0.2
v 1.883 9.295 0.2
v 1.883 9.001 0.2
v 1.883 9.001 0.2
v 1.883 9.001 0
v 2.177 9.001 0.2
v 2.177 9.001 0
v 2.177 9.295 0.2
v 2.177 9.295 0
v 1.883 9.295 0.2
v 1.883 9.295 0
v 1.883 9.001 0.2
v 1.883 9.001 0

f -12 -15 -14
f -14 -13 -12
f -10 -9 -8
f -8 -9 -7
f -8 -7 -6
f -6 -7 -5
f -6 -5 -4
f -4 -5 -3
f -4 -3 -2
f -2 -3 -1

o Default b805
usemtl 0x50B09A
v 1.883 9.301 0.2
v 2.177 9.301 0.2
v 2.177 9.595 0.2
v 1.883 9.595 0.2
v 1.883 9.301 0.2
v 1.883 9.301 0.2
v 1.883 9.301 0
v 2.177 9.301 0.2
v 2.177 9.301 0
v 2.177 9.595 0.2
v 2.177 9.595 0
v 1.883 9.595 0.2
v 1.883 9.595 0
v 1.883 9.301 0.2
v 1.883 9.301 0

f -12 -15 -14
f -14 -13 -12
f -10 -9 -8
f -8 -9 -7
f -8 -7 -6
f -6 -7 -5
f -6 -5 -4
f -4 -5 -3
f -4 -3 -2
f -2 -3 -1

o Default b808
usemtl 0x50B09A
v 2.483 9.001 0.2
v 2.777 9.001 0.2
v 2.777 9.295 0.2
v 2.483 9.295 0.2
v 2.483 9.001 0.2
v 2.483 9.001 0.2
v 2.483 9.001 0
v 2.777 9.001 0.2
v 2.777 9.001 0
v 2.777 9.295 0.2
v 2.777 9.295 0
v 2.483 9.295 0.2
v 2.483 9.295 0
v 2.483 9.001 0.2
v 2.483 9.001 0

f -12 -15 -14
f -14 -13 -12
f -10 -9 -8
f -8 -9 -7
f -8 -7 -6
f -6 -7 -5
f -6 -5 -4
f -4 -5 -3
f -4 -3 -2
f -2 -3 -1

o Default b806
usemtl 0x50B09A
v 2.483 9.301 0.2
v 2.777 9.301 0.2
v 2.777 9.595 0.2
v 2.483 9.595 0.2
v 2.483 9.301 0.2
v 2.483 9.301 0.2
v 2.483 9.301 0
v 2.777 9.301 0.2
v 2.777 9.301 0
v 2.777 9.595 0.2
v 2.777 9.595 0
v 2.483 9.595 0.2
v 2.483 9.595 0
v 2.483 9.301 0.2
v 2.483 9.301 0

f -12 -15 -14
f -14 -13 -12
f -10 -9 -8
f -8 -9 -7
f -8 -7 -6
f -6 -7 -5
f -6 -5 -4
f -4 -5 -3
f -4 -3 -2
f -2 -3 -1

o Default b905
usemtl 0x50B09A
v 2.783 9.004 0.2
v 3.077 9.004 0.2
v 3.077 9.592 0.2
v 2.783 9.592 0.2
v 2.783 9.004 0.2
v 2.783 9.004 0.2
v 2.783 9.004 0
v 3.077 9.004 0.2
v 3.077 9.004 0
v 3.077 9.592 0.2
v 3.077 9.592 0
v 2.783 9.592 0.2
v 2.783 9.592 0
v 2.783 9.004 0.2
v 2.783 9.004 0

f -12 -15 -14
f -14 -13 -12
f -10 -9 -8
f -8 -9 -7
f -8 -7 -6
f -6 -7 -5
f -6 -5 -4
f -4 -5 -3
f -4 -3 -2
f -2 -3 -1

o Default b906
usemtl 0x50B09A
v 3.386 9.004 0.2
v 3.974 9.004 0.2
v 3.974 9.592 0.2
v 3.386 9.592 0.2
v 3.386 9.004 0.2
v 3.386 9.004 0.2
v 3.386 9.004 0
v 3.974 9.004 0.2
v 3.974 9.004 0
v 3.974 9.592 0.2
v 3.974 9.592 0
v 3.386 9.592 0.2
v 3.386 9.592 0
v 3.386 9.004 0.2
v 3.386 9.004 0

f -12 -15 -14
f -14 -13 -12
f -10 -9 -8
f -8 -9 -7
f -8 -7 -6
f -6 -7 -5
f -6 -5 -4
f -4 -5 -3
f -4 -3 -2
f -2 -3 -1

o Default b1105
usemtl 0x50B09A
v 4.886 9.004 0.2
v 5.474 9.004 0.2
v 5.474 9.592 0.2
v 4.886 9.592 0.2
v 4.886 9.004 0.2
v 4.886 9.004 0.2
v 4.886 9.004 0
v 5.474 9.004 0.2
v 5.474 9.004 0
v 5.474 9.592 0.2
v 5.474 9.592 0
v 4.886 9.592 0.2
v 4.886 9.592 0
v 4.886 9.004 0.2
v 4.886 9.004 0

f -12 -15 -14
f -14 -13 -12
f -10 -9 -8
f -8 -9 -7
f -8 -7 -6
f -6 -7 -5
f -6 -5 -4
f -4 -5 -3
f -4 -3 -2
f -2 -3 -1

o Default b1006
usemtl 0x50B09A
v 4.583 9.004 0.2
v 4.877 9.004 0.2
v 4.877 9.592 0.2
v 4.583 9.592 0.2
v 4.583 9.004 0.2
v 4.583 9.004 0.2
v 4.583 9.004 0
v 4.877 9.004 0.2
v 4.877 9.004 0
v 4.877 9.592 0.2
v 4.877 9.592 0
v 4.583 9.592 0.2
v 4.583 9.592 0
v 4.583 9.004 0.2
v 4.583 9.004 0

f -12 -15 -14
f -14 -13 -12
f -10 -9 -8
f -8 -9 -7
f -8 -7 -6
f -6 -7 -5
f -6 -5 -4
f -4 -5 -3
f -4 -3 -2
f -2 -3 -1

o Default b1012
usemtl 0x50B09A
v 4.583 8.134 0.2
v 4.877 8.134 0.2
v 4.877 8.722 0.2
v 4.583 8.722 0.2
v 4.583 8.134 0.2
v 4.583 8.134 0.2
v 4.583 8.134 0
v 4.877 8.134 0.2
v 4.877 8.134 0
v 4.877 8.722 0.2
v 4.877 8.722 0
v 4.583 8.722 0.2
v 4.583 8.722 0
v 4.583 8.134 0.2
v 4.583 8.134 0

f -12 -15 -14
f -14 -13 -12
f -10 -9 -8
f -8 -9 -7
f -8 -7 -6
f -6 -7 -5
f -6 -5 -4
f -4 -5 -3
f -4 -3 -2
f -2 -3 -1

o Default b1016
usemtl 0x50B09A
v 4.583 7.831 0.2
v 4.877 7.831 0.2
v 4.877 8.125 0.2
v 4.583 8.125 0.2
v 4.583 7.831 0.2
v 4.583 7.831 0.2
v 4.583 7.831 0
v 4.877 7.831 0.2
v 4.877 7.831 0
v 4.877 8.125 0.2
v 4.877 8.125 0
v 4.583 8.125 0.2
v 4.583 8.125 0
v 4.583 7.831 0.2
v 4.583 7.831 0

f -12 -15 -14
f -14 -13 -12
f -10 -9 -8
f -8 -9 -7
f -8 -7 -6
f -6 -7 -5
f -6 -5 -4
f -4 -5 -3
f -4 -3 -2
f -2 -3 -1

o Default b1117
usemtl 0x50B09A
v 4.883 7.501 0.2
v 5.177 7.501 0.2
v 5.177 7.795 0.2
v 4.883 7.795 0.2
v 4.883 7.501 0.2
v 4.883 7.501 0.2
v 4.883 7.501 0
v 5.177 7.501 0.2
v 5.177 7.501 0
v 5.177 7.795 0.2
v 5.177 7.795 0
v 4.883 7.795 0.2
v 4.883 7.795 0
v 4.883 7.501 0.2
v 4.883 7.501 0

f -12 -15 -14
f -14 -13 -12
f -10 -9 -8
f -8 -9 -7
f -8 -7 -6
f -6 -7 -5
f -6 -5 -4
f -4 -5 -3
f -4 -3 -2
f -2 -3 -1

o Default b1118
usemtl 0x50B09A
v 5.183 7.501 0.2
v 5.477 7.501 0.2
v 5.477 7.795 0.2
v 5.183 7.795 0.2
v 5.183 7.501 0.2
v 5.183 7.501 0.2
v 5.183 7.501 0
v 5.477 7.501 0.2
v 5.477 7.501 0
v 5.477 7.795 0.2
v 5.477 7.795 0
v 5.183 7.795 0.2
v 5.183 7.795 0
v 5.183 7.501 0.2
v 5.183 7.501 0

f -12 -15 -14
f -14 -13 -12
f -10 -9 -8
f -8 -9 -7
f -8 -7 -6
f -6 -7 -5
f -6 -5 -4
f -4 -5 -3
f -4 -3 -2
f -2 -3 -1

o Default b1120
usemtl 0x50B09A
v 5.483 7.201 0.2
v 5.777 7.201 0.2
v 5.777 7.495 0.2
v 5.483 7.495 0.2
v 5.483 7.201 0.2
v 5.483 7.201 0.2
v 5.483 7.201 0
v 5.777 7.201 0.2
v 5.777 7.201 0
v 5.777 7.495 0.2
v 5.777 7.495 0
v 5.483 7.495 0.2
v 5.483 7.495 0
v 5.483 7.201 0.2
v 5.483 7.201 0

f -12 -15 -14
f -14 -13 -12
f -10 -9 -8
f -8 -9 -7
f -8 -7 -6
f -6 -7 -5
f -6 -5 -4
f -4 -5 -3
f -4 -3 -2
f -2 -3 -1

o Default b1122
usemtl 0x50B09A
v 5.483 6.901 0.2
v 5.777 6.901 0.2
v 5.777 7.195 0.2
v 5.483 7.195 0.2
v 5.483 6.901 0.2
v 5.483 6.901 0.2
v 5.483 6.901 0
v 5.777 6.901 0.2
v 5.777 6.901 0
v 5.777 7.195 0.2
v 5.777 7.195 0
v 5.483 7.195 0.2
v 5.483 7.195 0
v 5.483 6.901 0.2
v 5.483 6.901 0

f -12 -15 -14
f -14 -13 -12
f -10 -9 -8
f -8 -9 -7
f -8 -7 -6
f -6 -7 -5
f -6 -5 -4
f -4 -5 -3
f -4 -3 -2
f -2 -3 -1

o Default b1124
usemtl 0x40A3CB
v 5.483 6.601 0.2
v 5.777 6.601 0.2
v 5.777 6.895 0.2
v 5.483 6.895 0.2
v 5.483 6.601 0.2
v 5.483 6.601 0.2
v 5.483 6.601 0
v 5.777 6.601 0.2
v 5.777 6.601 0
v 5.777 6.895 0.2
v 5.777 6.895 0
v 5.483 6.895 0.2
v 5.483 6.895 0
v 5.483 6.601 0.2
v 5.483 6.601 0

f -12 -15 -14
f -14 -13 -12
f -10 -9 -8
f -8 -9 -7
f -8 -7 -6
f -6 -7 -5
f -6 -5 -4
f -4 -5 -3
f -4 -3 -2
f -2 -3 -1

o Default b1126
usemtl 0x50B09A
v 5.483 6.301 0.2
v 5.777 6.301 0.2
v 5.777 6.595 0.2
v 5.483 6.595 0.2
v 5.483 6.301 0.2
v 5.483 6.301 0.2
v 5.483 6.301 0
v 5.777 6.301 0.2
v 5.777 6.301 0
v 5.777 6.595 0.2
v 5.777 6.595 0
v 5.483 6.595 0.2
v 5.483 6.595 0
v 5.483 6.301 0.2
v 5.483 6.301 0

f -12 -15 -14
f -14 -13 -12
f -10 -9 -8
f -8 -9 -7
f -8 -7 -6
f -6 -7 -5
f -6 -5 -4
f -4 -5 -3
f -4 -3 -2
f -2 -3 -1

o Default b1128
usemtl 0x50B09A
v 5.483 6.001 0.2
v 5.777 6.001 0.2
v 5.777 6.295 0.2
v 5.483 6.295 0.2
v 5.483 6.001 0.2
v 5.483 6.001 0.2
v 5.483 6.001 0
v 5.777 6.001 0.2
v 5.777 6.001 0
v 5.777 6.295 0.2
v 5.777 6.295 0
v 5.483 6.295 0.2
v 5.483 6.295 0
v 5.483 6.001 0.2
v 5.483 6.001 0

f -12 -15 -14
f -14 -13 -12
f -10 -9 -8
f -8 -9 -7
f -8 -7 -6
f -6 -7 -5
f -6 -5 -4
f -4 -5 -3
f -4 -3 -2
f -2 -3 -1

o Default b1130
usemtl 0x50B09A
v 5.483 5.701 0.2
v 5.777 5.701 0.2
v 5.777 5.995 0.2
v 5.483 5.995 0.2
v 5.483 5.701 0.2
v 5.483 5.701 0.2
v 5.483 5.701 0
v 5.777 5.701 0.2
v 5.777 5.701 0
v 5.777 5.995 0.2
v 5.777 5.995 0
v 5.483 5.995 0.2
v 5.483 5.995 0
v 5.483 5.701 0.2
v 5.483 5.701 0

f -12 -15 -14
f -14 -13 -12
f -10 -9 -8
f -8 -9 -7
f -8 -7 -6
f -6 -7 -5
f -6 -5 -4
f -4 -5 -3
f -4 -3 -2
f -2 -3 -1

o Default b1132
usemtl 0x40A3CB
v 5.483 5.401 0.2
v 5.777 5.401 0.2
v 5.777 5.695 0.2
v 5.483 5.695 0.2
v 5.483 5.401 0.2
v 5.483 5.401 0.2
v 5.483 5.401 0
v 5.777 5.401 0.2
v 5.777 5.401 0
v 5.777 5.695 0.2
v 5.777 5.695 0
v 5.483 5.695 0.2
v 5.483 5.695 0
v 5.483 5.401 0.2
v 5.483 5.401 0

f -12 -15 -14
f -14 -13 -12
f -10 -9 -8
f -8 -9 -7
f -8 -7 -6
f -6 -7 -5
f -6 -5 -4
f -4 -5 -3
f -4 -3 -2
f -2 -3 -1

o Default b1133
usemtl 0x50B09A
v 4.886 5.101 0.2
v 5.474 5.101 0.2
v 5.474 5.395 0.2
v 4.886 5.395 0.2
v 4.886 5.101 0.2
v 4.886 5.101 0.2
v 4.886 5.101 0
v 5.474 5.101 0.2
v 5.474 5.101 0
v 5.474 5.395 0.2
v 5.474 5.395 0
v 4.886 5.395 0.2
v 4.886 5.395 0
v 4.886 5.101 0.2
v 4.886 5.101 0

f -12 -15 -14
f -14 -13 -12
f -10 -9 -8
f -8 -9 -7
f -8 -7 -6
f -6 -7 -5
f -6 -5 -4
f -4 -5 -3
f -4 -3 -2
f -2 -3 -1

o Default b624
usemtl 0x50B09A
v 0.683 6.601 0.2
v 0.977 6.601 0.2
v 0.977 6.895 0.2
v 0.683 6.895 0.2
v 0.683 6.601 0.2
v 0.683 6.601 0.2
v 0.683 6.601 0
v 0.977 6.601 0.2
v 0.977 6.601 0
v 0.977 6.895 0.2
v 0.977 6.895 0
v 0.683 6.895 0.2
v 0.683 6.895 0
v 0.683 6.601 0.2
v 0.683 6.601 0

f -12 -15 -14
f -14 -13 -12
f -10 -9 -8
f -8 -9 -7
f -8 -7 -6
f -6 -7 -5
f -6 -5 -4
f -4 -5 -3
f -4 -3 -2
f -2 -3 -1

o Default bExpo! Expo! Business Lounge
usemtl 0x57A953
v 0.977 4.819 0.2
v 0.977 5.113 0.2
v 0.683 5.113 0.2
v 0.683 4.819 0.2
v -0.199 4.819 0.2
v -0.199 6.877 0.2
v 0.683 6.877 0.2
v 0.683 6.583 0.2
v 0.977 6.583 0.2
v 0.977 6.877 0.2
v 1.859 6.877 0.2
v 1.859 4.819 0.2
v 0.977 4.819 0.2
v 0.977 4.819 0.2
v 0.977 4.819 0
v 0.977 5.113 0.2
v 0.977 5.113 0
v 0.683 5.113 0.2
v 0.683 5.113 0
v 0.683 4.819 0.2
v 0.683 4.819 0
v -0.199 4.819 0.2
v -0.199 4.819 0
v -0.199 6.877 0.2
v -0.199 6.877 0
v 0.683 6.877 0.2
v 0.683 6.877 0
v 0.683 6.583 0.2
v 0.683 6.583 0
v 0.977 6.583 0.2
v 0.977 6.583 0
v 0.977 6.877 0.2
v 0.977 6.877 0
v 1.859 6.877 0.2
v 1.859 6.877 0
v 1.859 4.819 0.2
v 1.859 4.819 0
v 0.977 4.819 0.2
v 0.977 4.819 0

f -38 -27 -28
f -28 -29 -30
f -32 -33 -34
f -34 -35 -36
f -28 -30 -31
f -34 -36 -37
f -38 -28 -31
f -32 -34 -37
f -37 -38 -31
f -31 -32 -37
f -26 -25 -24
f -24 -25 -23
f -24 -23 -22
f -22 -23 -21
f -22 -21 -20
f -20 -21 -19
f -20 -19 -18
f -18 -19 -17
f -18 -17 -16
f -16 -17 -15
f -16 -15 -14
f -14 -15 -13
f -14 -13 -12
f -12 -13 -11
f -12 -11 -10
f -10 -11 -9
f -10 -9 -8
f -8 -9 -7
f -8 -7 -6
f -6 -7 -5
f -6 -5 -4
f -4 -5 -3
f -4 -3 -2
f -2 -3 -1

o Default bExhibits Office
usemtl 0x57A953
v -0.388 -4.075 0.2
v 0.494 -4.075 0.2
v 0.494 -3.399 0.2
v -0.388 -3.399 0.2
v -0.388 -4.075 0.2
v -0.388 -4.075 0.2
v -0.388 -4.075 0
v 0.494 -4.075 0.2
v 0.494 -4.075 0
v 0.494 -3.399 0.2
v 0.494 -3.399 0
v -0.388 -3.399 0.2
v -0.388 -3.399 0
v -0.388 -4.075 0.2
v -0.388 -4.075 0

f -12 -15 -14
f -14 -13 -12
f -10 -9 -8
f -8 -9 -7
f -8 -7 -6
f -6 -7 -5
f -6 -5 -4
f -4 -5 -3
f -4 -3 -2
f -2 -3 -1

o Default bEducation Office
usemtl 0x57A953
v 0.511 -4.07 0.2
v 1.275 -4.07 0.2
v 1.275 -2.894 0.2
v 0.511 -2.894 0.2
v 0.511 -4.07 0.2
v 0.511 -4.07 0.2
v 0.511 -4.07 0
v 1.275 -4.07 0.2
v 1.275 -4.07 0
v 1.275 -2.894 0.2
v 1.275 -2.894 0
v 0.511 -2.894 0.2
v 0.511 -2.894 0
v 0.511 -4.07 0.2
v 0.511 -4.07 0

f -12 -15 -14
f -14 -13 -12
f -10 -9 -8
f -8 -9 -7
f -8 -7 -6
f -6 -7 -5
f -6 -5 -4
f -4 -5 -3
f -4 -3 -2
f -2 -3 -1

o Default bShow Management Office
usemtl 0x57A953
v 1.291 -4.07 0.2
v 2.085 -4.07 0.2
v 2.085 -2.894 0.2
v 1.291 -2.894 0.2
v 1.291 -4.07 0.2
v 1.291 -4.07 0.2
v 1.291 -4.07 0
v 2.085 -4.07 0.2
v 2.085 -4.07 0
v 2.085 -2.894 0.2
v 2.085 -2.894 0
v 1.291 -2.894 0.2
v 1.291 -2.894 0
v 1.291 -4.07 0.2
v 1.291 -4.07 0

f -12 -15 -14
f -14 -13 -12
f -10 -9 -8
f -8 -9 -7
f -8 -7 -6
f -6 -7 -5
f -6 -5 -4
f -4 -5 -3
f -4 -3 -2
f -2 -3 -1

o Default bCSM/Sales office
usemtl 0x57A953
v -2.141 -3.971 0.2
v -1.656 -3.971 0.2
v -1.656 -3.677 0.2
v -2.141 -3.677 0.2
v -2.141 -3.971 0.2
v -2.141 -3.971 0.2
v -2.141 -3.971 0
v -1.656 -3.971 0.2
v -1.656 -3.971 0
v -1.656 -3.677 0.2
v -1.656 -3.677 0
v -2.141 -3.677 0.2
v -2.141 -3.677 0
v -2.141 -3.971 0.2
v -2.141 -3.971 0

f -12 -15 -14
f -14 -13 -12
f -10 -9 -8
f -8 -9 -7
f -8 -7 -6
f -6 -7 -5
f -6 -5 -4
f -4 -5 -3
f -4 -3 -2
f -2 -3 -1

o Default bES Office
usemtl 0x57A953
v -2.636 -3.971 0.2
v -2.151 -3.971 0.2
v -2.151 -3.677 0.2
v -2.636 -3.677 0.2
v -2.636 -3.971 0.2
v -2.636 -3.971 0.2
v -2.636 -3.971 0
v -2.151 -3.971 0.2
v -2.151 -3.971 0
v -2.151 -3.677 0.2
v -2.151 -3.677 0
v -2.636 -3.677 0.2
v -2.636 -3.677 0
v -2.636 -3.971 0.2
v -2.636 -3.971 0

f -12 -15 -14
f -14 -13 -12
f -10 -9 -8
f -8 -9 -7
f -8 -7 -6
f -6 -7 -5
f -6 -5 -4
f -4 -5 -3
f -4 -3 -2
f -2 -3 -1

o Default bENTRANCE
usemtl 0xE6395C
v 5.514 10.631 0.2
v 5.45 10.696 0.2
v 5.448 10.704 0.2
v 5.448 10.704 0.2
v 5.447 10.709 0.2
v 5.447 10.714 0.2
v 5.447 10.719 0.2
v 5.449 10.724 0.2
v 5.451 10.729 0.2
v 5.454 10.733 0.2
v 5.457 10.737 0.2
v 5.461 10.74 0.2
v 5.466 10.743 0.2
v 5.471 10.745 0.2
v 5.471 10.745 0.2
v 5.472 10.745 0.2
v 5.473 10.745 0.2
v 5.475 10.746 0.2
v 5.476 10.746 0.2
v 5.478 10.746 0.2
v 5.479 10.746 0.2
v 5.481 10.746 0.2
v 5.482 10.746 0.2
v 5.483 10.746 0.2
v 5.484 10.746 0.2
v 5.484 10.746 0.2
v 5.487 10.746 0.2
v 5.49 10.745 0.2
v 5.493 10.744 0.2
v 5.497 10.742 0.2
v 5.5 10.739 0.2
v 5.505 10.735 0.2
v 5.51 10.73 0.2
v 5.517 10.724 0.2
v 5.526 10.715 0.2
v 5.536 10.705 0.2
v 5.572 10.669 0.2
v 5.572 10.853 0.2
v 5.572 10.853 0.2
v 5.572 10.883 0.2
v 5.572 10.911 0.2
v 5.572 10.937 0.2
v 5.572 10.962 0.2
v 5.572 10.984 0.2
v 5.572 11.003 0.2
v 5.573 11.018 0.2
v 5.573 11.03 0.2
v 5.573 11.038 0.2
v 5.573 11.041 0.2
v 5.573 11.041 0.2
v 5.574 11.043 0.2
v 5.574 11.044 0.2
v 5.575 11.045 0.2
v 5.576 11.046 0.2
v 5.576 11.047 0.2
v 5.577 11.048 0.2
v 5.578 11.05 0.2
v 5.58 11.051 0.2
v 5.581 11.053 0.2
v 5.582 11.054 0.2
v 5.582 11.054 0.2
v 5.584 11.056 0.2
v 5.586 11.057 0.2
v 5.587 11.059 0.2
v 5.589 11.06 0.2
v 5.59 11.061 0.2
v 5.591 11.061 0.2
v 5.593 11.062 0.2
v 5.594 11.062 0.2
v 5.596 11.063 0.2
v 5.598 11.063 0.2
v 5.598 11.063 0.2
v 5.601 11.064 0.2
v 5.604 11.064 0.2
v 5.607 11.064 0.2
v 5.61 11.064 0.2
v 5.613 11.063 0.2
v 5.616 11.062 0.2
v 5.619 11.061 0.2
v 5.622 11.06 0.2
v 5.625 11.058 0.2
v 5.627 11.056 0.2
v 5.627 11.056 0.2
v 5.631 11.053 0.2
v 5.634 11.05 0.2
v 5.636 11.045 0.2
v 5.638 11.038 0.2
v 5.639 11.026 0.2
v 5.639 11.009 0.2
v 5.64 10.985 0.2
v 5.64 10.951 0.2
v 5.64 10.908 0.2
v 5.64 10.853 0.2
v 5.64 10.853 0.2
v 5.64 10.823 0.2
v 5.64 10.795 0.2
v 5.64 10.769 0.2
v 5.64 10.745 0.2
v 5.64 10.723 0.2
v 5.64 10.705 0.2
v 5.64 10.69 0.2
v 5.641 10.678 0.2
v 5.641 10.671 0.2
v 5.641 10.669 0.2
v 5.641 10.669 0.2
v 5.642 10.669 0.2
v 5.643 10.671 0.2
v 5.646 10.673 0.2
v 5.65 10.676 0.2
v 5.654 10.681 0.2
v 5.659 10.686 0.2
v 5.665 10.691 0.2
v 5.671 10.697 0.2
v 5.677 10.704 0.2
v 5.684 10.71 0.2
v 5.684 10.71 0.2
v 5.697 10.723 0.2
v 5.707 10.733 0.2
v 5.715 10.741 0.2
v 5.722 10.747 0.2
v 5.727 10.751 0.2
v 5.731 10.754 0.2
v 5.734 10.756 0.2
v 5.737 10.757 0.2
v 5.74 10.757 0.2
v 5.744 10.757 0.2
v 5.744 10.757 0.2
v 5.746 10.757 0.2
v 5.749 10.757 0.2
v 5.752 10.757 0.2
v 5.754 10.756 0.2
v 5.757 10.755 0.2
v 5.759 10.754 0.2
v 5.762 10.753 0.2
v 5.764 10.751 0.2
v 5.766 10.75 0.2
v 5.768 10.748 0.2
v 5.768 10.748 0.2
v 5.771 10.745 0.2
v 5.773 10.742 0.2
v 5.775 10.738 0.2
v 5.777 10.735 0.2
v 5.778 10.731 0.2
v 5.778 10.728 0.2
v 5.778 10.724 0.2
v 5.778 10.72 0.2
v 5.778 10.716 0.2
v 5.777 10.712 0.2
v 5.777 10.712 0.2
v 5.776 10.71 0.2
v 5.775 10.709 0.2
v 5.773 10.706 0.2
v 5.77 10.703 0.2
v 5.766 10.697 0.2
v 5.759 10.69 0.2
v 5.749 10.681 0.2
v 5.737 10.668 0.2
v 5.72 10.652 0.2
v 5.7 10.632 0.2
v 5.7 10.632 0.2
v 5.678 10.61 0.2
v 5.661 10.592 0.2
v 5.647 10.578 0.2
v 5.636 10.568 0.2
v 5.629 10.561 0.2
v 5.623 10.557 0.2
v 5.619 10.554 0.2
v 5.615 10.553 0.2
v 5.612 10.552 0.2
v 5.608 10.552 0.2
v 5.608 10.552 0.2
v 5.605 10.552 0.2
v 5.603 10.552 0.2
v 5.6 10.552 0.2
v 5.597 10.553 0.2
v 5.595 10.554 0.2
v 5.593 10.555 0.2
v 5.59 10.556 0.2
v 5.588 10.557 0.2
v 5.586 10.558 0.2
v 5.584 10.56 0.2
v 5.584 10.56 0.2
v 5.582 10.562 0.2
v 5.579 10.565 0.2
v 5.574 10.57 0.2
v 5.568 10.576 0.2
v 5.561 10.583 0.2
v 5.553 10.591 0.2
v 5.544 10.6 0.2
v 5.535 10.61 0.2
v 5.525 10.62 0.2
v 5.514 10.631 0.2
v 5.514 10.631 0.2
v 5.514 10.631 0.2
v 5.514 10.631 0
v 5.45 10.696 0.2
v 5.45 10.696 0
v 5.448 10.704 0.2
v 5.448 10.704 0
v 5.448 10.704 0.2
v 5.448 10.704 0
v 5.447 10.709 0.2
v 5.447 10.709 0
v 5.447 10.714 0.2
v 5.447 10.714 0
v 5.447 10.719 0.2
v 5.447 10.719 0
v 5.449 10.724 0.2
v 5.449 10.724 0
v 5.451 10.729 0.2
v 5.451 10.729 0
v 5.454 10.733 0.2
v 5.454 10.733 0
v 5.457 10.737 0.2
v 5.457 10.737 0
v 5.461 10.74 0.2
v 5.461 10.74 0
v 5.466 10.743 0.2
v 5.466 10.743 0
v 5.471 10.745 0.2
v 5.471 10.745 0
v 5.471 10.745 0.2
v 5.471 10.745 0
v 5.472 10.745 0.2
v 5.472 10.745 0
v 5.473 10.745 0.2
v 5.473 10.745 0
v 5.475 10.746 0.2
v 5.475 10.746 0
v 5.476 10.746 0.2
v 5.476 10.746 0
v 5.478 10.746 0.2
v 5.478 10.746 0
v 5.479 10.746 0.2
v 5.479 10.746 0
v 5.481 10.746 0.2
v 5.481 10.746 0
v 5.482 10.746 0.2
v 5.482 10.746 0
v 5.483 10.746 0.2
v 5.483 10.746 0
v 5.484 10.746 0.2
v 5.484 10.746 0
v 5.484 10.746 0.2
v 5.484 10.746 0
v 5.487 10.746 0.2
v 5.487 10.746 0
v 5.49 10.745 0.2
v 5.49 10.745 0
v 5.493 10.744 0.2
v 5.493 10.744 0
v 5.497 10.742 0.2
v 5.497 10.742 0
v 5.5 10.739 0.2
v 5.5 10.739 0
v 5.505 10.735 0.2
v 5.505 10.735 0
v 5.51 10.73 0.2
v 5.51 10.73 0
v 5.517 10.724 0.2
v 5.517 10.724 0
v 5.526 10.715 0.2
v 5.526 10.715 0
v 5.536 10.705 0.2
v 5.536 10.705 0
v 5.572 10.669 0.2
v 5.572 10.669 0
v 5.572 10.853 0.2
v 5.572 10.853 0
v 5.572 10.853 0.2
v 5.572 10.853 0
v 5.572 10.883 0.2
v 5.572 10.883 0
v 5.572 10.911 0.2
v 5.572 10.911 0
v 5.572 10.937 0.2
v 5.572 10.937 0
v 5.572 10.962 0.2
v 5.572 10.962 0
v 5.572 10.984 0.2
v 5.572 10.984 0
v 5.572 11.003 0.2
v 5.572 11.003 0
v 5.573 11.018 0.2
v 5.573 11.018 0
v 5.573 11.03 0.2
v 5.573 11.03 0
v 5.573 11.038 0.2
v 5.573 11.038 0
v 5.573 11.041 0.2
v 5.573 11.041 0
v 5.573 11.041 0.2
v 5.573 11.041 0
v 5.574 11.043 0.2
v 5.574 11.043 0
v 5.574 11.044 0.2
v 5.574 11.044 0
v 5.575 11.045 0.2
v 5.575 11.045 0
v 5.576 11.046 0.2
v 5.576 11.046 0
v 5.576 11.047 0.2
v 5.576 11.047 0
v 5.577 11.048 0.2
v 5.577 11.048 0
v 5.578 11.05 0.2
v 5.578 11.05 0
v 5.58 11.051 0.2
v 5.58 11.051 0
v 5.581 11.053 0.2
v 5.581 11.053 0
v 5.582 11.054 0.2
v 5.582 11.054 0
v 5.582 11.054 0.2
v 5.582 11.054 0
v 5.584 11.056 0.2
v 5.584 11.056 0
v 5.586 11.057 0.2
v 5.586 11.057 0
v 5.587 11.059 0.2
v 5.587 11.059 0
v 5.589 11.06 0.2
v 5.589 11.06 0
v 5.59 11.061 0.2
v 5.59 11.061 0
v 5.591 11.061 0.2
v 5.591 11.061 0
v 5.593 11.062 0.2
v 5.593 11.062 0
v 5.594 11.062 0.2
v 5.594 11.062 0
v 5.596 11.063 0.2
v 5.596 11.063 0
v 5.598 11.063 0.2
v 5.598 11.063 0
v 5.598 11.063 0.2
v 5.598 11.063 0
v 5.601 11.064 0.2
v 5.601 11.064 0
v 5.604 11.064 0.2
v 5.604 11.064 0
v 5.607 11.064 0.2
v 5.607 11.064 0
v 5.61 11.064 0.2
v 5.61 11.064 0
v 5.613 11.063 0.2
v 5.613 11.063 0
v 5.616 11.062 0.2
v 5.616 11.062 0
v 5.619 11.061 0.2
v 5.619 11.061 0
v 5.622 11.06 0.2
v 5.622 11.06 0
v 5.625 11.058 0.2
v 5.625 11.058 0
v 5.627 11.056 0.2
v 5.627 11.056 0
v 5.627 11.056 0.2
v 5.627 11.056 0
v 5.631 11.053 0.2
v 5.631 11.053 0
v 5.634 11.05 0.2
v 5.634 11.05 0
v 5.636 11.045 0.2
v 5.636 11.045 0
v 5.638 11.038 0.2
v 5.638 11.038 0
v 5.639 11.026 0.2
v 5.639 11.026 0
v 5.639 11.009 0.2
v 5.639 11.009 0
v 5.64 10.985 0.2
v 5.64 10.985 0
v 5.64 10.951 0.2
v 5.64 10.951 0
v 5.64 10.908 0.2
v 5.64 10.908 0
v 5.64 10.853 0.2
v 5.64 10.853 0
v 5.64 10.853 0.2
v 5.64 10.853 0
v 5.64 10.823 0.2
v 5.64 10.823 0
v 5.64 10.795 0.2
v 5.64 10.795 0
v 5.64 10.769 0.2
v 5.64 10.769 0
v 5.64 10.745 0.2
v 5.64 10.745 0
v 5.64 10.723 0.2
v 5.64 10.723 0
v 5.64 10.705 0.2
v 5.64 10.705 0
v 5.64 10.69 0.2
v 5.64 10.69 0
v 5.641 10.678 0.2
v 5.641 10.678 0
v 5.641 10.671 0.2
v 5.641 10.671 0
v 5.641 10.669 0.2
v 5.641 10.669 0
v 5.641 10.669 0.2
v 5.641 10.669 0
v 5.642 10.669 0.2
v 5.642 10.669 0
v 5.643 10.671 0.2
v 5.643 10.671 0
v 5.646 10.673 0.2
v 5.646 10.673 0
v 5.65 10.676 0.2
v 5.65 10.676 0
v 5.654 10.681 0.2
v 5.654 10.681 0
v 5.659 10.686 0.2
v 5.659 10.686 0
v 5.665 10.691 0.2
v 5.665 10.691 0
v 5.671 10.697 0.2
v 5.671 10.697 0
v 5.677 10.704 0.2
v 5.677 10.704 0
v 5.684 10.71 0.2
v 5.684 10.71 0
v 5.684 10.71 0.2
v 5.684 10.71 0
v 5.697 10.723 0.2
v 5.697 10.723 0
v 5.707 10.733 0.2
v 5.707 10.733 0
v 5.715 10.741 0.2
v 5.715 10.741 0
v 5.722 10.747 0.2
v 5.722 10.747 0
v 5.727 10.751 0.2
v 5.727 10.751 0
v 5.731 10.754 0.2
v 5.731 10.754 0
v 5.734 10.756 0.2
v 5.734 10.756 0
v 5.737 10.757 0.2
v 5.737 10.757 0
v 5.74 10.757 0.2
v 5.74 10.757 0
v 5.744 10.757 0.2
v 5.744 10.757 0
v 5.744 10.757 0.2
v 5.744 10.757 0
v 5.746 10.757 0.2
v 5.746 10.757 0
v 5.749 10.757 0.2
v 5.749 10.757 0
v 5.752 10.757 0.2
v 5.752 10.757 0
v 5.754 10.756 0.2
v 5.754 10.756 0
v 5.757 10.755 0.2
v 5.757 10.755 0
v 5.759 10.754 0.2
v 5.759 10.754 0
v 5.762 10.753 0.2
v 5.762 10.753 0
v 5.764 10.751 0.2
v 5.764 10.751 0
v 5.766 10.75 0.2
v 5.766 10.75 0
v 5.768 10.748 0.2
v 5.768 10.748 0
v 5.768 10.748 0.2
v 5.768 10.748 0
v 5.771 10.745 0.2
v 5.771 10.745 0
v 5.773 10.742 0.2
v 5.773 10.742 0
v 5.775 10.738 0.2
v 5.775 10.738 0
v 5.777 10.735 0.2
v 5.777 10.735 0
v 5.778 10.731 0.2
v 5.778 10.731 0
v 5.778 10.728 0.2
v 5.778 10.728 0
v 5.778 10.724 0.2
v 5.778 10.724 0
v 5.778 10.72 0.2
v 5.778 10.72 0
v 5.778 10.716 0.2
v 5.778 10.716 0
v 5.777 10.712 0.2
v 5.777 10.712 0
v 5.777 10.712 0.2
v 5.777 10.712 0
v 5.776 10.71 0.2
v 5.776 10.71 0
v 5.775 10.709 0.2
v 5.775 10.709 0
v 5.773 10.706 0.2
v 5.773 10.706 0
v 5.77 10.703 0.2
v 5.77 10.703 0
v 5.766 10.697 0.2
v 5.766 10.697 0
v 5.759 10.69 0.2
v 5.759 10.69 0
v 5.749 10.681 0.2
v 5.749 10.681 0
v 5.737 10.668 0.2
v 5.737 10.668 0
v 5.72 10.652 0.2
v 5.72 10.652 0
v 5.7 10.632 0.2
v 5.7 10.632 0
v 5.7 10.632 0.2
v 5.7 10.632 0
v 5.678 10.61 0.2
v 5.678 10.61 0
v 5.661 10.592 0.2
v 5.661 10.592 0
v 5.647 10.578 0.2
v 5.647 10.578 0
v 5.636 10.568 0.2
v 5.636 10.568 0
v 5.629 10.561 0.2
v 5.629 10.561 0
v 5.623 10.557 0.2
v 5.623 10.557 0
v 5.619 10.554 0.2
v 5.619 10.554 0
v 5.615 10.553 0.2
v 5.615 10.553 0
v 5.612 10.552 0.2
v 5.612 10.552 0
v 5.608 10.552 0.2
v 5.608 10.552 0
v 5.608 10.552 0.2
v 5.608 10.552 0
v 5.605 10.552 0.2
v 5.605 10.552 0
v 5.603 10.552 0.2
v 5.603 10.552 0
v 5.6 10.552 0.2
v 5.6 10.552 0
v 5.597 10.553 0.2
v 5.597 10.553 0
v 5.595 10.554 0.2
v 5.595 10.554 0
v 5.593 10.555 0.2
v 5.593 10.555 0
v 5.59 10.556 0.2
v 5.59 10.556 0
v 5.588 10.557 0.2
v 5.588 10.557 0
v 5.586 10.558 0.2
v 5.586 10.558 0
v 5.584 10.56 0.2
v 5.584 10.56 0
v 5.584 10.56 0.2
v 5.584 10.56 0
v 5.582 10.562 0.2
v 5.582 10.562 0
v 5.579 10.565 0.2
v 5.579 10.565 0
v 5.574 10.57 0.2
v 5.574 10.57 0
v 5.568 10.576 0.2
v 5.568 10.576 0
v 5.561 10.583 0.2
v 5.561 10.583 0
v 5.553 10.591 0.2
v 5.553 10.591 0
v 5.544 10.6 0.2
v 5.544 10.6 0
v 5.535 10.61 0.2
v 5.535 10.61 0
v 5.525 10.62 0.2
v 5.525 10.62 0
v 5.514 10.631 0.2
v 5.514 10.631 0
v 5.514 10.631 0.2
v 5.514 10.631 0

f -390 -391 -392
f -392 -393 -394
f -394 -395 -396
f -400 -401 -402
f -402 -403 -404
f -404 -405 -406
f -406 -407 -408
f -411 -412 -413
f -413 -414 -415
f -415 -416 -417
f -417 -418 -419
f -422 -423 -424
f -424 -425 -426
f -426 -427 -428
f -428 -429 -430
f -433 -434 -435
f -435 -436 -437
f -437 -438 -439
f -439 -440 -441
f -444 -445 -446
f -446 -447 -448
f -448 -449 -450
f -450 -451 -452
f -455 -456 -457
f -457 -458 -459
f -459 -460 -461
f -461 -462 -463
f -481 -482 -483
f -483 -484 -485
f -488 -489 -490
f -490 -491 -492
f -492 -493 -494
f -494 -495 -496
f -499 -500 -501
f -501 -502 -503
f -503 -504 -505
f -505 -506 -507
f -510 -511 -512
f -512 -513 -514
f -514 -515 -516
f -516 -517 -518
f -521 -522 -523
f -523 -524 -525
f -525 -526 -527
f -527 -528 -529
f -532 -533 -534
f -534 -535 -536
f -536 -537 -538
f -538 -539 -540
f -543 -544 -545
f -545 -546 -547
f -547 -548 -549
f -549 -550 -551
f -551 -552 -553
f -556 -557 -558
f -558 -559 -560
f -560 -561 -562
f -562 -563 -564
f -567 -568 -569
f -569 -570 -571
f -571 -572 -573
f -573 -574 -575
f -389 -390 -392
f -392 -394 -396
f -400 -402 -404
f -404 -406 -408
f -411 -413 -415
f -415 -417 -419
f -422 -424 -426
f -426 -428 -430
f -433 -435 -437
f -437 -439 -441
f -444 -446 -448
f -448 -450 -452
f -455 -457 -459
f -459 -461 -463
f -488 -490 -492
f -492 -494 -496
f -499 -501 -503
f -503 -505 -507
f -510 -512 -514
f -514 -516 -518
f -521 -523 -525
f -525 -527 -529
f -532 -534 -536
f -536 -538 -540
f -543 -545 -547
f -547 -549 -551
f -556 -558 -560
f -560 -562 -564
f -567 -569 -571
f -571 -573 -575
f -389 -392 -396
f -400 -404 -408
f -411 -415 -419
f -422 -426 -430
f -433 -437 -441
f -444 -448 -452
f -455 -459 -463
f -488 -492 -496
f -499 -503 -507
f -510 -514 -518
f -521 -525 -529
f -532 -536 -540
f -543 -547 -551
f -556 -560 -564
f -567 -571 -575
f -389 -396 -397
f -543 -551 -553
f -532 -540 -542
f -543 -553 -555
f -555 -556 -564
f -564 -566 -567
f -567 -575 -577
f -577 -578 -388
f -388 -389 -397
f -397 -399 -400
f -400 -408 -410
f -410 -411 -419
f -419 -421 -422
f -422 -430 -432
f -432 -433 -441
f -441 -443 -444
f -444 -452 -454
f -454 -455 -463
f -487 -488 -496
f -496 -498 -499
f -499 -507 -509
f -509 -510 -518
f -518 -520 -521
f -521 -529 -531
f -531 -532 -542
f -543 -555 -564
f -564 -567 -577
f -577 -388 -397
f -397 -400 -410
f -410 -419 -422
f -422 -432 -441
f -441 -444 -454
f -454 -463 -465
f -485 -487 -496
f -496 -499 -509
f -509 -518 -521
f -521 -531 -542
f -543 -564 -577
f -577 -397 -410
f -410 -422 -441
f -441 -454 -465
f -483 -485 -496
f -496 -509 -521
f -521 -542 -543
f -543 -577 -410
f -410 -441 -465
f -481 -483 -496
f -496 -521 -543
f -410 -465 -466
f -480 -481 -496
f -496 -543 -410
f -410 -466 -467
f -479 -480 -496
f -410 -467 -468
f -478 -479 -496
f -410 -468 -469
f -477 -478 -496
f -410 -469 -470
f -477 -496 -410
f -410 -470 -471
f -476 -477 -410
f -410 -471 -472
f -474 -476 -410
f -410 -472 -473
f -473 -474 -410
f -386 -385 -384
f -384 -385 -383
f -384 -383 -382
f -382 -383 -381
f -382 -381 -380
f -380 -381 -379
f -380 -379 -378
f -378 -379 -377
f -378 -377 -376
f -376 -377 -375
f -376 -375 -374
f -374 -375 -373
f -374 -373 -372
f -372 -373 -371
f -372 -371 -370
f -370 -371 -369
f -370 -369 -368
f -368 -369 -367
f -368 -367 -366
f -366 -367 -365
f -366 -365 -364
f -364 -365 -363
f -364 -363 -362
f -362 -363 -361
f -362 -361 -360
f -360 -361 -359
f -360 -359 -358
f -358 -359 -357
f -358 -357 -356
f -356 -357 -355
f -356 -355 -354
f -354 -355 -353
f -354 -353 -352
f -352 -353 -351
f -352 -351 -350
f -350 -351 -349
f -350 -349 -348
f -348 -349 -347
f -348 -347 -346
f -346 -347 -345
f -346 -345 -344
f -344 -345 -343
f -344 -343 -342
f -342 -343 -341
f -342 -341 -340
f -340 -341 -339
f -340 -339 -338
f -338 -339 -337
f -338 -337 -336
f -336 -337 -335
f -336 -335 -334
f -334 -335 -333
f -334 -333 -332
f -332 -333 -331
f -332 -331 -330
f -330 -331 -329
f -330 -329 -328
f -328 -329 -327
f -328 -327 -326
f -326 -327 -325
f -326 -325 -324
f -324 -325 -323
f -324 -323 -322
f -322 -323 -321
f -322 -321 -320
f -320 -321 -319
f -320 -319 -318
f -318 -319 -317
f -318 -317 -316
f -316 -317 -315
f -316 -315 -314
f -314 -315 -313
f -314 -313 -312
f -312 -313 -311
f -312 -311 -310
f -310 -311 -309
f -310 -309 -308
f -308 -309 -307
f -308 -307 -306
f -306 -307 -305
f -306 -305 -304
f -304 -305 -303
f -304 -303 -302
f -302 -303 -301
f -302 -301 -300
f -300 -301 -299
f -300 -299 -298
f -298 -299 -297
f -298 -297 -296
f -296 -297 -295
f -296 -295 -294
f -294 -295 -293
f -294 -293 -292
f -292 -293 -291
f -292 -291 -290
f -290 -291 -289
f -290 -289 -288
f -288 -289 -287
f -288 -287 -286
f -286 -287 -285
f -286 -285 -284
f -284 -285 -283
f -284 -283 -282
f -282 -283 -281
f -282 -281 -280
f -280 -281 -279
f -280 -279 -278
f -278 -279 -277
f -278 -277 -276
f -276 -277 -275
f -276 -275 -274
f -274 -275 -273
f -274 -273 -272
f -272 -273 -271
f -272 -271 -270
f -270 -271 -269
f -270 -269 -268
f -268 -269 -267
f -268 -267 -266
f -266 -267 -265
f -266 -265 -264
f -264 -265 -263
f -264 -263 -262
f -262 -263 -261
f -262 -261 -260
f -260 -261 -259
f -260 -259 -258
f -258 -259 -257
f -258 -257 -256
f -256 -257 -255
f -256 -255 -254
f -254 -255 -253
f -254 -253 -252
f -252 -253 -251
f -252 -251 -250
f -250 -251 -249
f -250 -249 -248
f -248 -249 -247
f -248 -247 -246
f -246 -247 -245
f -246 -245 -244
f -244 -245 -243
f -244 -243 -242
f -242 -243 -241
f -242 -241 -240
f -240 -241 -239
f -240 -239 -238
f -238 -239 -237
f -238 -237 -236
f -236 -237 -235
f -236 -235 -234
f -234 -235 -233
f -234 -233 -232
f -232 -233 -231
f -232 -231 -230
f -230 -231 -229
f -230 -229 -228
f -228 -229 -227
f -228 -227 -226
f -226 -227 -225
f -226 -225 -224
f -224 -225 -223
f -224 -223 -222
f -222 -223 -221
f -222 -221 -220
f -220 -221 -219
f -220 -219 -218
f -218 -219 -217
f -218 -217 -216
f -216 -217 -215
f -216 -215 -214
f -214 -215 -213
f -214 -213 -212
f -212 -213 -211
f -212 -211 -210
f -210 -211 -209
f -210 -209 -208
f -208 -209 -207
f -208 -207 -206
f -206 -207 -205
f -206 -205 -204
f -204 -205 -203
f -204 -203 -202
f -202 -203 -201
f -202 -201 -200
f -200 -201 -199
f -200 -199 -198
f -198 -199 -197
f -198 -197 -196
f -196 -197 -195
f -196 -195 -194
f -194 -195 -193
f -194 -193 -192
f -192 -193 -191
f -192 -191 -190
f -190 -191 -189
f -190 -189 -188
f -188 -189 -187
f -188 -187 -186
f -186 -187 -185
f -186 -185 -184
f -184 -185 -183
f -184 -183 -182
f -182 -183 -181
f -182 -181 -180
f -180 -181 -179
f -180 -179 -178
f -178 -179 -177
f -178 -177 -176
f -176 -177 -175
f -176 -175 -174
f -174 -175 -173
f -174 -173 -172
f -172 -173 -171
f -172 -171 -170
f -170 -171 -169
f -170 -169 -168
f -168 -169 -167
f -168 -167 -166
f -166 -167 -165
f -166 -165 -164
f -164 -165 -163
f -164 -163 -162
f -162 -163 -161
f -162 -161 -160
f -160 -161 -159
f -160 -159 -158
f -158 -159 -157
f -158 -157 -156
f -156 -157 -155
f -156 -155 -154
f -154 -155 -153
f -154 -153 -152
f -152 -153 -151
f -152 -151 -150
f -150 -151 -149
f -150 -149 -148
f -148 -149 -147
f -148 -147 -146
f -146 -147 -145
f -146 -145 -144
f -144 -145 -143
f -144 -143 -142
f -142 -143 -141
f -142 -141 -140
f -140 -141 -139
f -140 -139 -138
f -138 -139 -137
f -138 -137 -136
f -136 -137 -135
f -136 -135 -134
f -134 -135 -133
f -134 -133 -132
f -132 -133 -131
f -132 -131 -130
f -130 -131 -129
f -130 -129 -128
f -128 -129 -127
f -128 -127 -126
f -126 -127 -125
f -126 -125 -124
f -124 -125 -123
f -124 -123 -122
f -122 -123 -121
f -122 -121 -120
f -120 -121 -119
f -120 -119 -118
f -118 -119 -117
f -118 -117 -116
f -116 -117 -115
f -116 -115 -114
f -114 -115 -113
f -114 -113 -112
f -112 -113 -111
f -112 -111 -110
f -110 -111 -109
f -110 -109 -108
f -108 -109 -107
f -108 -107 -106
f -106 -107 -105
f -106 -105 -104
f -104 -105 -103
f -104 -103 -102
f -102 -103 -101
f -102 -101 -100
f -100 -101 -99
f -100 -99 -98
f -98 -99 -97
f -98 -97 -96
f -96 -97 -95
f -96 -95 -94
f -94 -95 -93
f -94 -93 -92
f -92 -93 -91
f -92 -91 -90
f -90 -91 -89
f -90 -89 -88
f -88 -89 -87
f -88 -87 -86
f -86 -87 -85
f -86 -85 -84
f -84 -85 -83
f -84 -83 -82
f -82 -83 -81
f -82 -81 -80
f -80 -81 -79
f -80 -79 -78
f -78 -79 -77
f -78 -77 -76
f -76 -77 -75
f -76 -75 -74
f -74 -75 -73
f -74 -73 -72
f -72 -73 -71
f -72 -71 -70
f -70 -71 -69
f -70 -69 -68
f -68 -69 -67
f -68 -67 -66
f -66 -67 -65
f -66 -65 -64
f -64 -65 -63
f -64 -63 -62
f -62 -63 -61
f -62 -61 -60
f -60 -61 -59
f -60 -59 -58
f -58 -59 -57
f -58 -57 -56
f -56 -57 -55
f -56 -55 -54
f -54 -55 -53
f -54 -53 -52
f -52 -53 -51
f -52 -51 -50
f -50 -51 -49
f -50 -49 -48
f -48 -49 -47
f -48 -47 -46
f -46 -47 -45
f -46 -45 -44
f -44 -45 -43
f -44 -43 -42
f -42 -43 -41
f -42 -41 -40
f -40 -41 -39
f -40 -39 -38
f -38 -39 -37
f -38 -37 -36
f -36 -37 -35
f -36 -35 -34
f -34 -35 -33
f -34 -33 -32
f -32 -33 -31
f -32 -31 -30
f -30 -31 -29
f -30 -29 -28
f -28 -29 -27
f -28 -27 -26
f -26 -27 -25
f -26 -25 -24
f -24 -25 -23
f -24 -23 -22
f -22 -23 -21
f -22 -21 -20
f -20 -21 -19
f -20 -19 -18
f -18 -19 -17
f -18 -17 -16
f -16 -17 -15
f -16 -15 -14
f -14 -15 -13
f -14 -13 -12
f -12 -13 -11
f -12 -11 -10
f -10 -11 -9
f -10 -9 -8
f -8 -9 -7
f -8 -7 -6
f -6 -7 -5
f -6 -5 -4
f -4 -5 -3
f -4 -3 -2
f -2 -3 -1

o Default bENTRANCE
usemtl 0xE6395C
v 5.051 11.64 0.2
v 4.916 11.673 0.2
v 4.879 11.517 0.2
v 5.011 11.486 0.2
v 5.017 11.512 0.2
v 4.921 11.535 0.2
v 4.929 11.569 0.2
v 5.019 11.548 0.2
v 5.025 11.574 0.2
v 4.936 11.596 0.2
v 4.946 11.638 0.2
v 5.045 11.614 0.2
v 5.051 11.64 0.2
v 5.051 11.64 0.2
v 5.116 11.625 0.2
v 5.082 11.633 0.2
v 5.045 11.477 0.2
v 5.08 11.469 0.2
v 5.178 11.555 0.2
v 5.153 11.451 0.2
v 5.186 11.443 0.2
v 5.224 11.599 0.2
v 5.187 11.608 0.2
v 5.091 11.523 0.2
v 5.116 11.625 0.2
v 5.116 11.625 0.2
v 5.338 11.572 0.2
v 5.302 11.58 0.2
v 5.271 11.451 0.2
v 5.218 11.464 0.2
v 5.211 11.437 0.2
v 5.353 11.403 0.2
v 5.359 11.43 0.2
v 5.307 11.442 0.2
v 5.338 11.572 0.2
v 5.338 11.572 0.2
v 5.45 11.545 0.2
v 5.414 11.553 0.2
v 5.376 11.398 0.2
v 5.452 11.38 0.2
v 5.452 11.38 0.2
v 5.477 11.375 0.2
v 5.494 11.374 0.2
v 5.494 11.374 0.2
v 5.507 11.377 0.2
v 5.519 11.384 0.2
v 5.519 11.384 0.2
v 5.527 11.394 0.2
v 5.532 11.406 0.2
v 5.532 11.406 0.2
v 5.532 11.406 0.2
v 5.533 11.423 0.2
v 5.528 11.438 0.2
v 5.528 11.438 0.2
v 5.515 11.451 0.2
v 5.496 11.461 0.2
v 5.496 11.461 0.2
v 5.496 11.461 0.2
v 5.508 11.465 0.2
v 5.518 11.469 0.2
v 5.518 11.469 0.2
v 5.529 11.477 0.2
v 5.545 11.49 0.2
v 5.545 11.49 0.2
v 5.574 11.515 0.2
v 5.531 11.525 0.2
v 5.497 11.498 0.2
v 5.497 11.498 0.2
v 5.481 11.486 0.2
v 5.472 11.479 0.2
v 5.472 11.479 0.2
v 5.466 11.477 0.2
v 5.46 11.475 0.2
v 5.46 11.475 0.2
v 5.452 11.476 0.2
v 5.441 11.478 0.2
v 5.441 11.478 0.2
v 5.434 11.48 0.2
v 5.45 11.545 0.2
v 5.45 11.545 0.2
v 5.419 11.415 0.2
v 5.428 11.455 0.2
v 5.455 11.449 0.2
v 5.455 11.449 0.2
v 5.476 11.443 0.2
v 5.486 11.439 0.2
v 5.486 11.439 0.2
v 5.492 11.435 0.2
v 5.495 11.43 0.2
v 5.495 11.43 0.2
v 5.496 11.424 0.2
v 5.496 11.417 0.2
v 5.496 11.417 0.2
v 5.496 11.417 0.2
v 5.493 11.411 0.2
v 5.488 11.406 0.2
v 5.488 11.406 0.2
v 5.481 11.403 0.2
v 5.473 11.403 0.2
v 5.473 11.403 0.2
v 5.473 11.403 0.2
v 5.464 11.405 0.2
v 5.447 11.409 0.2
v 5.447 11.409 0.2
v 5.419 11.415 0.2
v 5.419 11.415 0.2
v 5.645 11.333 0.2
v 5.754 11.472 0.2
v 5.715 11.481 0.2
v 5.691 11.449 0.2
v 5.619 11.467 0.2
v 5.613 11.505 0.2
v 5.575 11.515 0.2
v 5.607 11.342 0.2
v 5.645 11.333 0.2
v 5.645 11.333 0.2
v 5.624 11.438 0.2
v 5.673 11.426 0.2
v 5.634 11.374 0.2
v 5.624 11.438 0.2
v 5.624 11.438 0.2
v 5.806 11.459 0.2
v 5.773 11.467 0.2
v 5.736 11.311 0.2
v 5.771 11.303 0.2
v 5.869 11.389 0.2
v 5.844 11.286 0.2
v 5.877 11.278 0.2
v 5.914 11.433 0.2
v 5.878 11.442 0.2
v 5.782 11.358 0.2
v 5.806 11.459 0.2
v 5.806 11.459 0.2
v 6.053 11.339 0.2
v 6.053 11.339 0.2
v 6.09 11.341 0.2
v 6.09 11.341 0.2
v 6.084 11.365 0.2
v 6.072 11.385 0.2
v 6.072 11.385 0.2
v 6.053 11.399 0.2
v 6.028 11.409 0.2
v 6.028 11.409 0.2
v 6.028 11.409 0.2
v 5.994 11.411 0.2
v 5.964 11.402 0.2
v 5.964 11.402 0.2
v 5.941 11.381 0.2
v 5.928 11.349 0.2
v 5.928 11.349 0.2
v 5.928 11.349 0.2
v 5.925 11.313 0.2
v 5.936 11.283 0.2
v 5.936 11.283 0.2
v 5.959 11.261 0.2
v 5.991 11.247 0.2
v 5.991 11.247 0.2
v 5.991 11.247 0.2
v 6.022 11.244 0.2
v 6.048 11.251 0.2
v 6.048 11.251 0.2
v 6.048 11.251 0.2
v 6.062 11.261 0.2
v 6.074 11.276 0.2
v 6.074 11.276 0.2
v 6.04 11.292 0.2
v 6.04 11.292 0.2
v 6.032 11.282 0.2
v 6.022 11.276 0.2
v 6.022 11.276 0.2
v 6.01 11.273 0.2
v 5.996 11.275 0.2
v 5.996 11.275 0.2
v 5.996 11.275 0.2
v 5.979 11.282 0.2
v 5.967 11.295 0.2
v 5.967 11.295 0.2
v 5.961 11.313 0.2
v 5.964 11.338 0.2
v 5.964 11.338 0.2
v 5.964 11.338 0.2
v 5.973 11.362 0.2
v 5.986 11.377 0.2
v 5.986 11.377 0.2
v 6.003 11.383 0.2
v 6.021 11.382 0.2
v 6.021 11.382 0.2
v 6.021 11.382 0.2
v 6.034 11.377 0.2
v 6.044 11.368 0.2
v 6.044 11.368 0.2
v 6.05 11.356 0.2
v 6.053 11.339 0.2
v 6.053 11.339 0.2
v 6.267 11.348 0.2
v 6.132 11.381 0.2
v 6.095 11.225 0.2
v 6.227 11.194 0.2
v 6.233 11.22 0.2
v 6.137 11.243 0.2
v 6.145 11.277 0.2
v 6.235 11.256 0.2
v 6.241 11.282 0.2
v 6.151 11.304 0.2
v 6.162 11.346 0.2
v 6.261 11.322 0.2
v 6.267 11.348 0.2
v 6.267 11.348 0.2
v 5.051 11.64 0.2
v 5.051 11.64 0
v 4.916 11.673 0.2
v 4.916 11.673 0
v 4.879 11.517 0.2
v 4.879 11.517 0
v 5.011 11.486 0.2
v 5.011 11.486 0
v 5.017 11.512 0.2
v 5.017 11.512 0
v 4.921 11.535 0.2
v 4.921 11.535 0
v 4.929 11.569 0.2
v 4.929 11.569 0
v 5.019 11.548 0.2
v 5.019 11.548 0
v 5.025 11.574 0.2
v 5.025 11.574 0
v 4.936 11.596 0.2
v 4.936 11.596 0
v 4.946 11.638 0.2
v 4.946 11.638 0
v 5.045 11.614 0.2
v 5.045 11.614 0
v 5.051 11.64 0.2
v 5.051 11.64 0
v 5.051 11.64 0.2
v 5.051 11.64 0
v 5.116 11.625 0.2
v 5.116 11.625 0
v 5.082 11.633 0.2
v 5.082 11.633 0
v 5.045 11.477 0.2
v 5.045 11.477 0
v 5.08 11.469 0.2
v 5.08 11.469 0
v 5.178 11.555 0.2
v 5.178 11.555 0
v 5.153 11.451 0.2
v 5.153 11.451 0
v 5.186 11.443 0.2
v 5.186 11.443 0
v 5.224 11.599 0.2
v 5.224 11.599 0
v 5.187 11.608 0.2
v 5.187 11.608 0
v 5.091 11.523 0.2
v 5.091 11.523 0
v 5.116 11.625 0.2
v 5.116 11.625 0
v 5.116 11.625 0.2
v 5.116 11.625 0
v 5.338 11.572 0.2
v 5.338 11.572 0
v 5.302 11.58 0.2
v 5.302 11.58 0
v 5.271 11.451 0.2
v 5.271 11.451 0
v 5.218 11.464 0.2
v 5.218 11.464 0
v 5.211 11.437 0.2
v 5.211 11.437 0
v 5.353 11.403 0.2
v 5.353 11.403 0
v 5.359 11.43 0.2
v 5.359 11.43 0
v 5.307 11.442 0.2
v 5.307 11.442 0
v 5.338 11.572 0.2
v 5.338 11.572 0
v 5.338 11.572 0.2
v 5.338 11.572 0
v 5.45 11.545 0.2
v 5.45 11.545 0
v 5.414 11.553 0.2
v 5.414 11.553 0
v 5.376 11.398 0.2
v 5.376 11.398 0
v 5.452 11.38 0.2
v 5.452 11.38 0
v 5.452 11.38 0.2
v 5.452 11.38 0
v 5.477 11.375 0.2
v 5.477 11.375 0
v 5.494 11.374 0.2
v 5.494 11.374 0
v 5.494 11.374 0.2
v 5.494 11.374 0
v 5.507 11.377 0.2
v 5.507 11.377 0
v 5.519 11.384 0.2
v 5.519 11.384 0
v 5.519 11.384 0.2
v 5.519 11.384 0
v 5.527 11.394 0.2
v 5.527 11.394 0
v 5.532 11.406 0.2
v 5.532 11.406 0
v 5.532 11.406 0.2
v 5.532 11.406 0
v 5.532 11.406 0.2
v 5.532 11.406 0
v 5.533 11.423 0.2
v 5.533 11.423 0
v 5.528 11.438 0.2
v 5.528 11.438 0
v 5.528 11.438 0.2
v 5.528 11.438 0
v 5.515 11.451 0.2
v 5.515 11.451 0
v 5.496 11.461 0.2
v 5.496 11.461 0
v 5.496 11.461 0.2
v 5.496 11.461 0
v 5.496 11.461 0.2
v 5.496 11.461 0
v 5.508 11.465 0.2
v 5.508 11.465 0
v 5.518 11.469 0.2
v 5.518 11.469 0
v 5.518 11.469 0.2
v 5.518 11.469 0
v 5.529 11.477 0.2
v 5.529 11.477 0
v 5.545 11.49 0.2
v 5.545 11.49 0
v 5.545 11.49 0.2
v 5.545 11.49 0
v 5.574 11.515 0.2
v 5.574 11.515 0
v 5.531 11.525 0.2
v 5.531 11.525 0
v 5.497 11.498 0.2
v 5.497 11.498 0
v 5.497 11.498 0.2
v 5.497 11.498 0
v 5.481 11.486 0.2
v 5.481 11.486 0
v 5.472 11.479 0.2
v 5.472 11.479 0
v 5.472 11.479 0.2
v 5.472 11.479 0
v 5.466 11.477 0.2
v 5.466 11.477 0
v 5.46 11.475 0.2
v 5.46 11.475 0
v 5.46 11.475 0.2
v 5.46 11.475 0
v 5.452 11.476 0.2
v 5.452 11.476 0
v 5.441 11.478 0.2
v 5.441 11.478 0
v 5.441 11.478 0.2
v 5.441 11.478 0
v 5.434 11.48 0.2
v 5.434 11.48 0
v 5.45 11.545 0.2
v 5.45 11.545 0
v 5.45 11.545 0.2
v 5.45 11.545 0
v 5.645 11.333 0.2
v 5.645 11.333 0
v 5.754 11.472 0.2
v 5.754 11.472 0
v 5.715 11.481 0.2
v 5.715 11.481 0
v 5.691 11.449 0.2
v 5.691 11.449 0
v 5.619 11.467 0.2
v 5.619 11.467 0
v 5.613 11.505 0.2
v 5.613 11.505 0
v 5.575 11.515 0.2
v 5.575 11.515 0
v 5.607 11.342 0.2
v 5.607 11.342 0
v 5.645 11.333 0.2
v 5.645 11.333 0
v 5.645 11.333 0.2
v 5.645 11.333 0
v 5.806 11.459 0.2
v 5.806 11.459 0
v 5.773 11.467 0.2
v 5.773 11.467 0
v 5.736 11.311 0.2
v 5.736 11.311 0
v 5.771 11.303 0.2
v 5.771 11.303 0
v 5.869 11.389 0.2
v 5.869 11.389 0
v 5.844 11.286 0.2
v 5.844 11.286 0
v 5.877 11.278 0.2
v 5.877 11.278 0
v 5.914 11.433 0.2
v 5.914 11.433 0
v 5.878 11.442 0.2
v 5.878 11.442 0
v 5.782 11.358 0.2
v 5.782 11.358 0
v 5.806 11.459 0.2
v 5.806 11.459 0
v 5.806 11.459 0.2
v 5.806 11.459 0
v 6.053 11.339 0.2
v 6.053 11.339 0
v 6.053 11.339 0.2
v 6.053 11.339 0
v 6.09 11.341 0.2
v 6.09 11.341 0
v 6.09 11.341 0.2
v 6.09 11.341 0
v 6.084 11.365 0.2
v 6.084 11.365 0
v 6.072 11.385 0.2
v 6.072 11.385 0
v 6.072 11.385 0.2
v 6.072 11.385 0
v 6.053 11.399 0.2
v 6.053 11.399 0
v 6.028 11.409 0.2
v 6.028 11.409 0
v 6.028 11.409 0.2
v 6.028 11.409 0
v 6.028 11.409 0.2
v 6.028 11.409 0
v 5.994 11.411 0.2
v 5.994 11.411 0
v 5.964 11.402 0.2
v 5.964 11.402 0
v 5.964 11.402 0.2
v 5.964 11.402 0
v 5.941 11.381 0.2
v 5.941 11.381 0
v 5.928 11.349 0.2
v 5.928 11.349 0
v 5.928 11.349 0.2
v 5.928 11.349 0
v 5.928 11.349 0.2
v 5.928 11.349 0
v 5.925 11.313 0.2
v 5.925 11.313 0
v 5.936 11.283 0.2
v 5.936 11.283 0
v 5.936 11.283 0.2
v 5.936 11.283 0
v 5.959 11.261 0.2
v 5.959 11.261 0
v 5.991 11.247 0.2
v 5.991 11.247 0
v 5.991 11.247 0.2
v 5.991 11.247 0
v 5.991 11.247 0.2
v 5.991 11.247 0
v 6.022 11.244 0.2
v 6.022 11.244 0
v 6.048 11.251 0.2
v 6.048 11.251 0
v 6.048 11.251 0.2
v 6.048 11.251 0
v 6.048 11.251 0.2
v 6.048 11.251 0
v 6.062 11.261 0.2
v 6.062 11.261 0
v 6.074 11.276 0.2
v 6.074 11.276 0
v 6.074 11.276 0.2
v 6.074 11.276 0
v 6.04 11.292 0.2
v 6.04 11.292 0
v 6.04 11.292 0.2
v 6.04 11.292 0
v 6.032 11.282 0.2
v 6.032 11.282 0
v 6.022 11.276 0.2
v 6.022 11.276 0
v 6.022 11.276 0.2
v 6.022 11.276 0
v 6.01 11.273 0.2
v 6.01 11.273 0
v 5.996 11.275 0.2
v 5.996 11.275 0
v 5.996 11.275 0.2
v 5.996 11.275 0
v 5.996 11.275 0.2
v 5.996 11.275 0
v 5.979 11.282 0.2
v 5.979 11.282 0
v 5.967 11.295 0.2
v 5.967 11.295 0
v 5.967 11.295 0.2
v 5.967 11.295 0
v 5.961 11.313 0.2
v 5.961 11.313 0
v 5.964 11.338 0.2
v 5.964 11.338 0
v 5.964 11.338 0.2
v 5.964 11.338 0
v 5.964 11.338 0.2
v 5.964 11.338 0
v 5.973 11.362 0.2
v 5.973 11.362 0
v 5.986 11.377 0.2
v 5.986 11.377 0
v 5.986 11.377 0.2
v 5.986 11.377 0
v 6.003 11.383 0.2
v 6.003 11.383 0
v 6.021 11.382 0.2
v 6.021 11.382 0
v 6.021 11.382 0.2
v 6.021 11.382 0
v 6.021 11.382 0.2
v 6.021 11.382 0
v 6.034 11.377 0.2
v 6.034 11.377 0
v 6.044 11.368 0.2
v 6.044 11.368 0
v 6.044 11.368 0.2
v 6.044 11.368 0
v 6.05 11.356 0.2
v 6.05 11.356 0
v 6.053 11.339 0.2
v 6.053 11.339 0
v 6.053 11.339 0.2
v 6.053 11.339 0
v 6.267 11.348 0.2
v 6.267 11.348 0
v 6.132 11.381 0.2
v 6.132 11.381 0
v 6.095 11.225 0.2
v 6.095 11.225 0
v 6.227 11.194 0.2
v 6.227 11.194 0
v 6.233 11.22 0.2
v 6.233 11.22 0
v 6.137 11.243 0.2
v 6.137 11.243 0
v 6.145 11.277 0.2
v 6.145 11.277 0
v 6.235 11.256 0.2
v 6.235 11.256 0
v 6.241 11.282 0.2
v 6.241 11.282 0
v 6.151 11.304 0.2
v 6.151 11.304 0
v 6.162 11.346 0.2
v 6.162 11.346 0
v 6.261 11.322 0.2
v 6.261 11.322 0
v 6.267 11.348 0.2
v 6.267 11.348 0
v 6.267 11.348 0.2
v 6.267 11.348 0
v 5.419 11.415 0.2
v 5.419 11.415 0
v 5.428 11.455 0.2
v 5.428 11.455 0
v 5.455 11.449 0.2
v 5.455 11.449 0
v 5.455 11.449 0.2
v 5.455 11.449 0
v 5.476 11.443 0.2
v 5.476 11.443 0
v 5.486 11.439 0.2
v 5.486 11.439 0
v 5.486 11.439 0.2
v 5.486 11.439 0
v 5.492 11.435 0.2
v 5.492 11.435 0
v 5.495 11.43 0.2
v 5.495 11.43 0
v 5.495 11.43 0.2
v 5.495 11.43 0
v 5.496 11.424 0.2
v 5.496 11.424 0
v 5.496 11.417 0.2
v 5.496 11.417 0
v 5.496 11.417 0.2
v 5.496 11.417 0
v 5.496 11.417 0.2
v 5.496 11.417 0
v 5.493 11.411 0.2
v 5.493 11.411 0
v 5.488 11.406 0.2
v 5.488 11.406 0
v 5.488 11.406 0.2
v 5.488 11.406 0
v 5.481 11.403 0.2
v 5.481 11.403 0
v 5.473 11.403 0.2
v 5.473 11.403 0
v 5.473 11.403 0.2
v 5.473 11.403 0
v 5.473 11.403 0.2
v 5.473 11.403 0
v 5.464 11.405 0.2
v 5.464 11.405 0
v 5.447 11.409 0.2
v 5.447 11.409 0
v 5.447 11.409 0.2
v 5.447 11.409 0
v 5.419 11.415 0.2
v 5.419 11.415 0
v 5.419 11.415 0.2
v 5.419 11.415 0
v 5.624 11.438 0.2
v 5.624 11.438 0
v 5.673 11.426 0.2
v 5.673 11.426 0
v 5.634 11.374 0.2
v 5.634 11.374 0
v 5.624 11.438 0.2
v 5.624 11.438 0
v 5.624 11.438 0.2
v 5.624 11.438 0

f -622 -621 -620
f -618 -617 -616
f -622 -620 -619
f -618 -616 -615
f -623 -622 -619
f -619 -618 -615
f -623 -619 -615
f -623 -615 -614
f -623 -614 -613
f -623 -613 -624
f -609 -608 -607
f -606 -605 -604
f -604 -603 -602
f -606 -604 -602
f -607 -606 -602
f -607 -602 -601
f -609 -607 -601
f -609 -601 -610
f -596 -595 -594
f -594 -593 -592
f -596 -594 -592
f -596 -592 -591
f -597 -596 -591
f -597 -591 -598
f -588 -587 -586
f -586 -544 -543
f -521 -520 -586
f -586 -584 -583
f -583 -581 -580
f -580 -578 -577
f -577 -574 -573
f -573 -571 -570
f -567 -566 -564
f -564 -563 -561
f -561 -560 -559
f -547 -588 -586
f -523 -521 -586
f -586 -583 -580
f -580 -577 -573
f -573 -570 -567
f -567 -564 -561
f -561 -559 -557
f -548 -547 -586
f -524 -523 -586
f -580 -573 -567
f -567 -561 -557
f -548 -586 -543
f -527 -524 -586
f -567 -557 -556
f -550 -548 -543
f -527 -586 -580
f -567 -556 -554
f -551 -550 -543
f -528 -527 -580
f -567 -554 -553
f -553 -551 -543
f -530 -528 -580
f -567 -553 -543
f -531 -530 -580
f -567 -543 -541
f -534 -531 -580
f -567 -541 -540
f -534 -580 -567
f -567 -540 -538
f -535 -534 -567
f -567 -538 -537
f -537 -535 -567
f -518 -517 -516
f -514 -513 -512
f -506 -505 -512
f -512 -511 -518
f -518 -516 -515
f -514 -512 -508
f -506 -512 -518
f -515 -514 -508
f -507 -506 -518
f -515 -508 -507
f -507 -518 -515
f -502 -501 -500
f -499 -498 -497
f -497 -496 -495
f -499 -497 -495
f -500 -499 -495
f -500 -495 -494
f -502 -500 -494
f -502 -494 -503
f -433 -490 -488
f -488 -487 -485
f -485 -484 -481
f -481 -480 -478
f -478 -477 -474
f -474 -473 -471
f -471 -470 -467
f -467 -466 -463
f -463 -462 -460
f -460 -458 -457
f -434 -433 -488
f -488 -485 -481
f -481 -478 -474
f -474 -471 -467
f -467 -463 -460
f -460 -457 -455
f -436 -434 -488
f -467 -460 -455
f -436 -488 -481
f -467 -455 -454
f -437 -436 -481
f -467 -454 -451
f -440 -437 -481
f -467 -451 -450
f -441 -440 -481
f -467 -450 -448
f -441 -481 -474
f -474 -467 -448
f -443 -441 -474
f -474 -448 -447
f -444 -443 -474
f -474 -447 -444
f -428 -427 -426
f -424 -423 -422
f -428 -426 -425
f -424 -422 -421
f -429 -428 -425
f -424 -421 -420
f -429 -425 -424
f -429 -424 -420
f -429 -420 -419
f -429 -419 -430
f -416 -415 -414
f -414 -415 -413
f -414 -413 -412
f -412 -413 -411
f -412 -411 -410
f -410 -411 -409
f -410 -409 -408
f -408 -409 -407
f -408 -407 -406
f -406 -407 -405
f -406 -405 -404
f -404 -405 -403
f -404 -403 -402
f -402 -403 -401
f -402 -401 -400
f -400 -401 -399
f -400 -399 -398
f -398 -399 -397
f -398 -397 -396
f -396 -397 -395
f -396 -395 -394
f -394 -395 -393
f -394 -393 -392
f -392 -393 -391
f -392 -391 -390
f -390 -391 -389
f -388 -387 -386
f -386 -387 -385
f -386 -385 -384
f -384 -385 -383
f -384 -383 -382
f -382 -383 -381
f -382 -381 -380
f -380 -381 -379
f -380 -379 -378
f -378 -379 -377
f -378 -377 -376
f -376 -377 -375
f -376 -375 -374
f -374 -375 -373
f -374 -373 -372
f -372 -373 -371
f -372 -371 -370
f -370 -371 -369
f -370 -369 -368
f -368 -369 -367
f -368 -367 -366
f -366 -367 -365
f -364 -363 -362
f -362 -363 -361
f -362 -361 -360
f -360 -361 -359
f -360 -359 -358
f -358 -359 -357
f -358 -357 -356
f -356 -357 -355
f -356 -355 -354
f -354 -355 -353
f -354 -353 -352
f -352 -353 -351
f -352 -351 -350
f -350 -351 -349
f -350 -349 -348
f -348 -349 -347
f -348 -347 -346
f -346 -347 -345
f -344 -343 -342
f -342 -343 -341
f -342 -341 -340
f -340 -341 -339
f -340 -339 -338
f -338 -339 -337
f -338 -337 -336
f -336 -337 -335
f -336 -335 -334
f -334 -335 -333
f -334 -333 -332
f -332 -333 -331
f -332 -331 -330
f -330 -331 -329
f -330 -329 -328
f -328 -329 -327
f -328 -327 -326
f -326 -327 -325
f -326 -325 -324
f -324 -325 -323
f -324 -323 -322
f -322 -323 -321
f -322 -321 -320
f -320 -321 -319
f -320 -319 -318
f -318 -319 -317
f -318 -317 -316
f -316 -317 -315
f -316 -315 -314
f -314 -315 -313
f -314 -313 -312
f -312 -313 -311
f -312 -311 -310
f -310 -311 -309
f -310 -309 -308
f -308 -309 -307
f -308 -307 -306
f -306 -307 -305
f -306 -305 -304
f -304 -305 -303
f -304 -303 -302
f -302 -303 -301
f -302 -301 -300
f -300 -301 -299
f -300 -299 -298
f -298 -299 -297
f -298 -297 -296
f -296 -297 -295
f -296 -295 -294
f -294 -295 -293
f -294 -293 -292
f -292 -293 -291
f -292 -291 -290
f -290 -291 -289
f -290 -289 -288
f -288 -289 -287
f -288 -287 -286
f -286 -287 -285
f -286 -285 -284
f -284 -285 -283
f -284 -283 -282
f -282 -283 -281
f -282 -281 -280
f -280 -281 -279
f -280 -279 -278
f -278 -279 -277
f -278 -277 -276
f -276 -277 -275
f -276 -275 -274
f -274 -275 -273
f -274 -273 -272
f -272 -273 -271
f -272 -271 -270
f -270 -271 -269
f -270 -269 -268
f -268 -269 -267
f -268 -267 -266
f -266 -267 -265
f -266 -265 -264
f -264 -265 -263
f -264 -263 -262
f -262 -263 -261
f -262 -261 -260
f -260 -261 -259
f -260 -259 -258
f -258 -259 -257
f -256 -255 -254
f -254 -255 -253
f -254 -253 -252
f -252 -253 -251
f -252 -251 -250
f -250 -251 -249
f -250 -249 -248
f -248 -249 -247
f -248 -247 -246
f -246 -247 -245
f -246 -245 -244
f -244 -245 -243
f -244 -243 -242
f -242 -243 -241
f -242 -241 -240
f -240 -241 -239
f -240 -239 -238
f -238 -239 -237
f -236 -235 -234
f -234 -235 -233
f -234 -233 -232
f -232 -233 -231
f -232 -231 -230
f -230 -231 -229
f -230 -229 -228
f -228 -229 -227
f -228 -227 -226
f -226 -227 -225
f -226 -225 -224
f -224 -225 -223
f -224 -223 -222
f -222 -223 -221
f -222 -221 -220
f -220 -221 -219
f -220 -219 -218
f -218 -219 -217
f -218 -217 -216
f -216 -217 -215
f -216 -215 -214
f -214 -215 -213
f -212 -211 -210
f -210 -211 -209
f -210 -209 -208
f -208 -209 -207
f -208 -207 -206
f -206 -207 -205
f -206 -205 -204
f -204 -205 -203
f -204 -203 -202
f -202 -203 -201
f -202 -201 -200
f -200 -201 -199
f -200 -199 -198
f -198 -199 -197
f -198 -197 -196
f -196 -197 -195
f -196 -195 -194
f -194 -195 -193
f -194 -193 -192
f -192 -193 -191
f -192 -191 -190
f -190 -191 -189
f -190 -189 -188
f -188 -189 -187
f -188 -187 -186
f -186 -187 -185
f -186 -185 -184
f -184 -185 -183
f -184 -183 -182
f -182 -183 -181
f -182 -181 -180
f -180 -181 -179
f -180 -179 -178
f -178 -179 -177
f -178 -177 -176
f -176 -177 -175
f -176 -175 -174
f -174 -175 -173
f -174 -173 -172
f -172 -173 -171
f -172 -171 -170
f -170 -171 -169
f -170 -169 -168
f -168 -169 -167
f -168 -167 -166
f -166 -167 -165
f -166 -165 -164
f -164 -165 -163
f -164 -163 -162
f -162 -163 -161
f -162 -161 -160
f -160 -161 -159
f -160 -159 -158
f -158 -159 -157
f -158 -157 -156
f -156 -157 -155
f -156 -155 -154
f -154 -155 -153
f -154 -153 -152
f -152 -153 -151
f -152 -151 -150
f -150 -151 -149
f -150 -149 -148
f -148 -149 -147
f -148 -147 -146
f -146 -147 -145
f -146 -145 -144
f -144 -145 -143
f -144 -143 -142
f -142 -143 -141
f -142 -141 -140
f -140 -141 -139
f -140 -139 -138
f -138 -139 -137
f -138 -137 -136
f -136 -137 -135
f -136 -135 -134
f -134 -135 -133
f -134 -133 -132
f -132 -133 -131
f -132 -131 -130
f -130 -131 -129
f -130 -129 -128
f -128 -129 -127
f -128 -127 -126
f -126 -127 -125
f -126 -125 -124
f -124 -125 -123
f -124 -123 -122
f -122 -123 -121
f -122 -121 -120
f -120 -121 -119
f -120 -119 -118
f -118 -119 -117
f -118 -117 -116
f -116 -117 -115
f -116 -115 -114
f -114 -115 -113
f -114 -113 -112
f -112 -113 -111
f -112 -111 -110
f -110 -111 -109
f -110 -109 -108
f -108 -109 -107
f -108 -107 -106
f -106 -107 -105
f -106 -105 -104
f -104 -105 -103
f -104 -103 -102
f -102 -103 -101
f -102 -101 -100
f -100 -101 -99
f -100 -99 -98
f -98 -99 -97
f -98 -97 -96
f -96 -97 -95
f -96 -95 -94
f -94 -95 -93
f -94 -93 -92
f -92 -93 -91
f -90 -89 -88
f -88 -89 -87
f -88 -87 -86
f -86 -87 -85
f -86 -85 -84
f -84 -85 -83
f -84 -83 -82
f -82 -83 -81
f -82 -81 -80
f -80 -81 -79
f -80 -79 -78
f -78 -79 -77
f -78 -77 -76
f -76 -77 -75
f -76 -75 -74
f -74 -75 -73
f -74 -73 -72
f -72 -73 -71
f -72 -71 -70
f -70 -71 -69
f -70 -69 -68
f -68 -69 -67
f -68 -67 -66
f -66 -67 -65
f -66 -65 -64
f -64 -65 -63
f -62 -61 -60
f -60 -61 -59
f -60 -59 -58
f -58 -59 -57
f -58 -57 -56
f -56 -57 -55
f -56 -55 -54
f -54 -55 -53
f -54 -53 -52
f -52 -53 -51
f -52 -51 -50
f -50 -51 -49
f -50 -49 -48
f -48 -49 -47
f -48 -47 -46
f -46 -47 -45
f -46 -45 -44
f -44 -45 -43
f -44 -43 -42
f -42 -43 -41
f -42 -41 -40
f -40 -41 -39
f -40 -39 -38
f -38 -39 -37
f -38 -37 -36
f -36 -37 -35
f -36 -35 -34
f -34 -35 -33
f -34 -33 -32
f -32 -33 -31
f -32 -31 -30
f -30 -31 -29
f -30 -29 -28
f -28 -29 -27
f -28 -27 -26
f -26 -27 -25
f -26 -25 -24
f -24 -25 -23
f -24 -23 -22
f -22 -23 -21
f -22 -21 -20
f -20 -21 -19
f -20 -19 -18
f -18 -19 -17
f -18 -17 -16
f -16 -17 -15
f -16 -15 -14
f -14 -15 -13
f -14 -13 -12
f -12 -13 -11
f -10 -9 -8
f -8 -9 -7
f -8 -7 -6
f -6 -7 -5
f -6 -5 -4
f -4 -5 -3
f -4 -3 -2
f -2 -3 -1

o Default bWellness Lounge
usemtl 0x57A953
v 5.468 0.009 0.2
v 4.292 0.009 0.2
v 4.292 1.185 0.2
v 4.586 1.185 0.2
v 4.586 0.891 0.2
v 4.88 0.891 0.2
v 4.88 1.185 0.2
v 5.468 1.185 0.2
v 5.468 0.009 0.2
v 5.468 0.009 0.2
v 5.468 0.009 0
v 4.292 0.009 0.2
v 4.292 0.009 0
v 4.292 1.185 0.2
v 4.292 1.185 0
v 4.586 1.185 0.2
v 4.586 1.185 0
v 4.586 0.891 0.2
v 4.586 0.891 0
v 4.88 0.891 0.2
v 4.88 0.891 0
v 4.88 1.185 0.2
v 4.88 1.185 0
v 5.468 1.185 0.2
v 5.468 1.185 0
v 5.468 0.009 0.2
v 5.468 0.009 0

f -26 -19 -20
f -20 -21 -22
f -23 -24 -25
f -26 -20 -22
f -23 -25 -26
f -26 -22 -23
f -18 -17 -16
f -16 -17 -15
f -16 -15 -14
f -14 -15 -13
f -14 -13 -12
f -12 -13 -11
f -12 -11 -10
f -10 -11 -9
f -10 -9 -8
f -8 -9 -7
f -8 -7 -6
f -6 -7 -5
f -6 -5 -4
f -4 -5 -3
f -4 -3 -2
f -2 -3 -1

o Default bPrestige AV Experience
usemtl 0x57A953
v -3.808 0.009 0.2
v -2.632 0.009 0.2
v -2.632 1.185 0.2
v -2.926 1.185 0.2
v -2.926 0.891 0.2
v -3.22 0.891 0.2
v -3.22 1.185 0.2
v -3.808 1.185 0.2
v -3.808 0.009 0.2
v -3.808 0.009 0.2
v -3.808 0.009 0
v -2.632 0.009 0.2
v -2.632 0.009 0
v -2.632 1.185 0.2
v -2.632 1.185 0
v -2.926 1.185 0.2
v -2.926 1.185 0
v -2.926 0.891 0.2
v -2.926 0.891 0
v -3.22 0.891 0.2
v -3.22 0.891 0
v -3.22 1.185 0.2
v -3.22 1.185 0
v -3.808 1.185 0.2
v -3.808 1.185 0
v -3.808 0.009 0.2
v -3.808 0.009 0

f -20 -27 -26
f -26 -25 -24
f -22 -21 -20
f -26 -24 -23
f -22 -20 -26
f -26 -23 -22
f -18 -17 -16
f -16 -17 -15
f -16 -15 -14
f -14 -15 -13
f -14 -13 -12
f -12 -13 -11
f -12 -11 -10
f -10 -11 -9
f -10 -9 -8
f -8 -9 -7
f -8 -7 -6
f -6 -7 -5
f -6 -5 -4
f -4 -5 -3
f -4 -3 -2
f -2 -3 -1

o Default b361
usemtl 0x50B09A
v -3.217 0.901 0.2
v -2.923 0.901 0.2
v -2.923 1.195 0.2
v -3.217 1.195 0.2
v -3.217 0.901 0.2
v -3.217 0.901 0.2
v -3.217 0.901 0
v -2.923 0.901 0.2
v -2.923 0.901 0
v -2.923 1.195 0.2
v -2.923 1.195 0
v -3.217 1.195 0.2
v -3.217 1.195 0
v -3.217 0.901 0.2
v -3.217 0.901 0

f -12 -15 -14
f -14 -13 -12
f -10 -9 -8
f -8 -9 -7
f -8 -7 -6
f -6 -7 -5
f -6 -5 -4
f -4 -5 -3
f -4 -3 -2
f -2 -3 -1

o Default b343
usemtl 0x40A3CB
v -3.217 2.116 0.2
v -2.923 2.116 0.2
v -2.923 3.88 0.2
v -3.217 3.88 0.2
v -3.217 2.116 0.2
v -3.217 2.116 0.2
v -3.217 2.116 0
v -2.923 2.116 0.2
v -2.923 2.116 0
v -2.923 3.88 0.2
v -2.923 3.88 0
v -3.217 3.88 0.2
v -3.217 3.88 0
v -3.217 2.116 0.2
v -3.217 2.116 0

f -12 -15 -14
f -14 -13 -12
f -10 -9 -8
f -8 -9 -7
f -8 -7 -6
f -6 -7 -5
f -6 -5 -4
f -4 -5 -3
f -4 -3 -2
f -2 -3 -1

o Default b1062
usemtl 0x50B09A
v 4.583 0.901 0.2
v 4.877 0.901 0.2
v 4.877 1.195 0.2
v 4.583 1.195 0.2
v 4.583 0.901 0.2
v 4.583 0.901 0.2
v 4.583 0.901 0
v 4.877 0.901 0.2
v 4.877 0.901 0
v 4.877 1.195 0.2
v 4.877 1.195 0
v 4.583 1.195 0.2
v 4.583 1.195 0
v 4.583 0.901 0.2
v 4.583 0.901 0

f -12 -15 -14
f -14 -13 -12
f -10 -9 -8
f -8 -9 -7
f -8 -7 -6
f -6 -7 -5
f -6 -5 -4
f -4 -5 -3
f -4 -3 -2
f -2 -3 -1

o Default Default_0
usemtl Default_0.webp
v -8.5 -14 0
v 9.02 -14 0
v 9.020012 14.335227 0
v -8.5 14.335235 0
vt 0 0 0
vt 1 0 0
vt 0 1 0
vt 1 1 0
f -4/4 -3/3 -2/1 -1/2

