mtllib springfair2022.mtl

o Default building
usemtl 0xB1C6CE
v -35.612 -4.128 2.798
v -35.647 -0.22 2.798
v -35.245 -0.226 2.798
v -35.249 0.215 2.798
v -34.046 0.224 2.798
v -34.053 1.453 2.798
v -38.401 1.532 2.798
v -38.536 3.473 2.798
v -41.499 3.451 2.798
v -41.429 4.206 2.798
v -38.568 4.24 2.798
v -38.602 5.33 2.798
v -40.076 5.337 2.798
v -40.353 11.263 2.798
v -29.752 11.374 2.798
v -29.753 13.236 2.798
v -29.756 13.909 2.798
v -39.183 13.901 2.798
v -39.195 17.781 2.798
v -40.656 17.775 2.798
v -40.666 22.96 2.798
v -38.96 22.953 2.798
v -38.975 24.454 2.798
v -40.488 24.453 2.798
v -40.413 25.26 2.798
v -39.001 25.272 2.798
v -38.958 28.242 2.798
v -30.258 27.876 2.798
v -30.254 26.272 2.798
v -28.846 26.259 2.798
v -26.831 26.244 2.798
v -26.811 19.505 2.798
v -24.685 19.556 2.798
v -24.453 19.556 2.798
v -24.428 21.298 2.798
v -25.916 21.295 2.798
v -25.903 23.168 2.798
v -18.758 23.116 2.798
v -18.788 21.323 2.798
v -20.148 21.304 2.798
v -20.218 19.386 2.798
v -17.819 19.423 2.798
v -17.825 19.509 2.798
v -17.751 26.205 2.798
v -14.405 26.243 2.798
v -12.924 26.254 2.798
v -12.902 27.739 2.798
v -12.277 27.715 2.798
v -12.275 27.713 2.798
v -7.059 27.494 2.798
v -7.026 26.217 2.798
v 3.071 26.26 2.798
v 3.124 22.646 2.798
v 4.86 22.559 2.798
v 4.838 19.909 2.798
v 4.84 19.91 2.798
v 4.818 17.67 2.798
v 3.105 17.729 2.798
v 3.033 14.143 2.798
v -2.189 14.164 2.798
v -2.191 14.166 2.798
v -14.781 14.228 2.798
v -17.482 14.242 2.798
v -17.549 15.273 2.798
v -17.494 14.184 2.798
v -14.793 14.184 2.798
v -14.713 13.386 2.798
v -14.809 12.867 2.798
v 11.603 12.951 2.798
v 11.624 13.854 2.798
v 9.626 13.906 2.798
v 9.643 25.89 2.798
v 24.289 25.864 2.798
v 24.307 19.823 2.798
v 27.126 19.939 2.798
v 27.11 25.772 2.798
v 33.176 26.019 2.798
v 33.289 22.827 2.798
v 37.529 22.824 2.798
v 39.737 22.8 2.798
v 42.248 19.665 2.798
v 42.22 10.863 2.798
v 33.184 10.866 2.798
v 33.145 13.792 2.798
v 26.438 13.938 2.798
v 26.229 11.35 2.798
v 24.611 11.334 2.798
v 24.616 13.014 2.798
v 23.231 12.999 2.798
v 23.05 11.83 2.798
v 20.699 9.504 2.798
v 19.532 9.477 2.798
v 19.666 8.699 2.798
v 21.738 8.613 2.798
v 21.765 7.213 2.798
v 20.698 7.151 2.798
v 20.6 1.111 2.798
v 19.262 1.181 2.798
v 21.143 -0.643 2.798
v 21.065 -11.533 2.798
v 22.458 -10.394 2.798
v 23.572 -11.551 2.798
v 22.696 -12.811 2.798
v 23.04 -12.815 2.798
v 23.045 -12.811 2.798
v 36.265 -12.978 2.798
v 36.347 -16.103 2.798
v 42.298 -16.062 2.798
v 42.276 -25.16 2.798
v 39.605 -25.227 2.798
v 39.618 -26.521 2.798
v 36.363 -26.499 2.798
v 36.403 -27.421 2.798
v 35.026 -27.475 2.798
v 35.074 -26.575 2.798
v 31.538 -26.638 2.798
v 31.561 -27.481 2.798
v 30.318 -27.499 2.798
v 30.349 -26.636 2.798
v 25.501 -26.631 2.798
v 25.522 -27.5 2.798
v 24.25 -27.424 2.798
v 24.366 -26.609 2.798
v 20.941 -26.606 2.798
v 20.991 -25.099 2.798
v 17.954 -25.087 2.798
v 17.946 -22.112 2.798
v 13.359 -22.108 2.798
v 13.357 -22.11 2.798
v 9.066 -22.103 2.798
v 9.06 -19.103 2.798
v 7.133 -19.109 2.798
v 7.131 -12.219 2.798
v 8.786 -12.22 2.798
v 8.792 -9.932 2.798
v 5.611 -9.943 2.798
v 5.593 9.116 2.798
v 1.87 9.112 2.798
v 1.871 4.083 2.798
v 0.267 4.08 2.798
v 0.268 2.217 2.798
v -2.925 2.221 2.798
v -2.932 0.748 2.798
v -8.143 0.741 2.798
v -8.144 2.137 2.798
v -13.083 2.139 2.798
v -13.073 0.237 2.798
v -11.677 0.238 2.798
v -11.676 -4.907 2.798
v -13.355 -4.903 2.798
v -13.358 -6.791 2.798
v -32.816 -7.617 2.798
v -34.009 -6.128 2.798
v -34.041 -5.246 2.798
v -34.748 -5.207 2.798
v -35.612 -4.128 2.798
v -35.612 -4.128 2.798
v -35.612 -4.128 2.798
v -35.612 -4.128 0
v -35.647 -0.22 2.798
v -35.647 -0.22 0
v -35.245 -0.226 2.798
v -35.245 -0.226 0
v -35.249 0.215 2.798
v -35.249 0.215 0
v -34.046 0.224 2.798
v -34.046 0.224 0
v -34.053 1.453 2.798
v -34.053 1.453 0
v -38.401 1.532 2.798
v -38.401 1.532 0
v -38.536 3.473 2.798
v -38.536 3.473 0
v -41.499 3.451 2.798
v -41.499 3.451 0
v -41.429 4.206 2.798
v -41.429 4.206 0
v -38.568 4.24 2.798
v -38.568 4.24 0
v -38.602 5.33 2.798
v -38.602 5.33 0
v -40.076 5.337 2.798
v -40.076 5.337 0
v -40.353 11.263 2.798
v -40.353 11.263 0
v -29.752 11.374 2.798
v -29.752 11.374 0
v -29.753 13.236 2.798
v -29.753 13.236 0
v -29.756 13.909 2.798
v -29.756 13.909 0
v -39.183 13.901 2.798
v -39.183 13.901 0
v -39.195 17.781 2.798
v -39.195 17.781 0
v -40.656 17.775 2.798
v -40.656 17.775 0
v -40.666 22.96 2.798
v -40.666 22.96 0
v -38.96 22.953 2.798
v -38.96 22.953 0
v -38.975 24.454 2.798
v -38.975 24.454 0
v -40.488 24.453 2.798
v -40.488 24.453 0
v -40.413 25.26 2.798
v -40.413 25.26 0
v -39.001 25.272 2.798
v -39.001 25.272 0
v -38.958 28.242 2.798
v -38.958 28.242 0
v -30.258 27.876 2.798
v -30.258 27.876 0
v -30.254 26.272 2.798
v -30.254 26.272 0
v -28.846 26.259 2.798
v -28.846 26.259 0
v -26.831 26.244 2.798
v -26.831 26.244 0
v -26.811 19.505 2.798
v -26.811 19.505 0
v -24.685 19.556 2.798
v -24.685 19.556 0
v -24.453 19.556 2.798
v -24.453 19.556 0
v -24.428 21.298 2.798
v -24.428 21.298 0
v -25.916 21.295 2.798
v -25.916 21.295 0
v -25.903 23.168 2.798
v -25.903 23.168 0
v -18.758 23.116 2.798
v -18.758 23.116 0
v -18.788 21.323 2.798
v -18.788 21.323 0
v -20.148 21.304 2.798
v -20.148 21.304 0
v -20.218 19.386 2.798
v -20.218 19.386 0
v -17.819 19.423 2.798
v -17.819 19.423 0
v -17.825 19.509 2.798
v -17.825 19.509 0
v -17.751 26.205 2.798
v -17.751 26.205 0
v -14.405 26.243 2.798
v -14.405 26.243 0
v -12.924 26.254 2.798
v -12.924 26.254 0
v -12.902 27.739 2.798
v -12.902 27.739 0
v -12.277 27.715 2.798
v -12.277 27.715 0
v -12.275 27.713 2.798
v -12.275 27.713 0
v -7.059 27.494 2.798
v -7.059 27.494 0
v -7.026 26.217 2.798
v -7.026 26.217 0
v 3.071 26.26 2.798
v 3.071 26.26 0
v 3.124 22.646 2.798
v 3.124 22.646 0
v 4.86 22.559 2.798
v 4.86 22.559 0
v 4.838 19.909 2.798
v 4.838 19.909 0
v 4.84 19.91 2.798
v 4.84 19.91 0
v 4.818 17.67 2.798
v 4.818 17.67 0
v 3.105 17.729 2.798
v 3.105 17.729 0
v 3.033 14.143 2.798
v 3.033 14.143 0
v -2.189 14.164 2.798
v -2.189 14.164 0
v -2.191 14.166 2.798
v -2.191 14.166 0
v -14.781 14.228 2.798
v -14.781 14.228 0
v -17.482 14.242 2.798
v -17.482 14.242 0
v -17.549 15.273 2.798
v -17.549 15.273 0
v -17.494 14.184 2.798
v -17.494 14.184 0
v -14.793 14.184 2.798
v -14.793 14.184 0
v -14.713 13.386 2.798
v -14.713 13.386 0
v -14.809 12.867 2.798
v -14.809 12.867 0
v 11.603 12.951 2.798
v 11.603 12.951 0
v 11.624 13.854 2.798
v 11.624 13.854 0
v 9.626 13.906 2.798
v 9.626 13.906 0
v 9.643 25.89 2.798
v 9.643 25.89 0
v 24.289 25.864 2.798
v 24.289 25.864 0
v 24.307 19.823 2.798
v 24.307 19.823 0
v 27.126 19.939 2.798
v 27.126 19.939 0
v 27.11 25.772 2.798
v 27.11 25.772 0
v 33.176 26.019 2.798
v 33.176 26.019 0
v 33.289 22.827 2.798
v 33.289 22.827 0
v 37.529 22.824 2.798
v 37.529 22.824 0
v 39.737 22.8 2.798
v 39.737 22.8 0
v 42.248 19.665 2.798
v 42.248 19.665 0
v 42.22 10.863 2.798
v 42.22 10.863 0
v 33.184 10.866 2.798
v 33.184 10.866 0
v 33.145 13.792 2.798
v 33.145 13.792 0
v 26.438 13.938 2.798
v 26.438 13.938 0
v 26.229 11.35 2.798
v 26.229 11.35 0
v 24.611 11.334 2.798
v 24.611 11.334 0
v 24.616 13.014 2.798
v 24.616 13.014 0
v 23.231 12.999 2.798
v 23.231 12.999 0
v 23.05 11.83 2.798
v 23.05 11.83 0
v 20.699 9.504 2.798
v 20.699 9.504 0
v 19.532 9.477 2.798
v 19.532 9.477 0
v 19.666 8.699 2.798
v 19.666 8.699 0
v 21.738 8.613 2.798
v 21.738 8.613 0
v 21.765 7.213 2.798
v 21.765 7.213 0
v 20.698 7.151 2.798
v 20.698 7.151 0
v 20.6 1.111 2.798
v 20.6 1.111 0
v 19.262 1.181 2.798
v 19.262 1.181 0
v 21.143 -0.643 2.798
v 21.143 -0.643 0
v 21.065 -11.533 2.798
v 21.065 -11.533 0
v 22.458 -10.394 2.798
v 22.458 -10.394 0
v 23.572 -11.551 2.798
v 23.572 -11.551 0
v 22.696 -12.811 2.798
v 22.696 -12.811 0
v 23.04 -12.815 2.798
v 23.04 -12.815 0
v 23.045 -12.811 2.798
v 23.045 -12.811 0
v 36.265 -12.978 2.798
v 36.265 -12.978 0
v 36.347 -16.103 2.798
v 36.347 -16.103 0
v 42.298 -16.062 2.798
v 42.298 -16.062 0
v 42.276 -25.16 2.798
v 42.276 -25.16 0
v 39.605 -25.227 2.798
v 39.605 -25.227 0
v 39.618 -26.521 2.798
v 39.618 -26.521 0
v 36.363 -26.499 2.798
v 36.363 -26.499 0
v 36.403 -27.421 2.798
v 36.403 -27.421 0
v 35.026 -27.475 2.798
v 35.026 -27.475 0
v 35.074 -26.575 2.798
v 35.074 -26.575 0
v 31.538 -26.638 2.798
v 31.538 -26.638 0
v 31.561 -27.481 2.798
v 31.561 -27.481 0
v 30.318 -27.499 2.798
v 30.318 -27.499 0
v 30.349 -26.636 2.798
v 30.349 -26.636 0
v 25.501 -26.631 2.798
v 25.501 -26.631 0
v 25.522 -27.5 2.798
v 25.522 -27.5 0
v 24.25 -27.424 2.798
v 24.25 -27.424 0
v 24.366 -26.609 2.798
v 24.366 -26.609 0
v 20.941 -26.606 2.798
v 20.941 -26.606 0
v 20.991 -25.099 2.798
v 20.991 -25.099 0
v 17.954 -25.087 2.798
v 17.954 -25.087 0
v 17.946 -22.112 2.798
v 17.946 -22.112 0
v 13.359 -22.108 2.798
v 13.359 -22.108 0
v 13.357 -22.11 2.798
v 13.357 -22.11 0
v 9.066 -22.103 2.798
v 9.066 -22.103 0
v 9.06 -19.103 2.798
v 9.06 -19.103 0
v 7.133 -19.109 2.798
v 7.133 -19.109 0
v 7.131 -12.219 2.798
v 7.131 -12.219 0
v 8.786 -12.22 2.798
v 8.786 -12.22 0
v 8.792 -9.932 2.798
v 8.792 -9.932 0
v 5.611 -9.943 2.798
v 5.611 -9.943 0
v 5.593 9.116 2.798
v 5.593 9.116 0
v 1.87 9.112 2.798
v 1.87 9.112 0
v 1.871 4.083 2.798
v 1.871 4.083 0
v 0.267 4.08 2.798
v 0.267 4.08 0
v 0.268 2.217 2.798
v 0.268 2.217 0
v -2.925 2.221 2.798
v -2.925 2.221 0
v -2.932 0.748 2.798
v -2.932 0.748 0
v -8.143 0.741 2.798
v -8.143 0.741 0
v -8.144 2.137 2.798
v -8.144 2.137 0
v -13.083 2.139 2.798
v -13.083 2.139 0
v -13.073 0.237 2.798
v -13.073 0.237 0
v -11.677 0.238 2.798
v -11.677 0.238 0
v -11.676 -4.907 2.798
v -11.676 -4.907 0
v -13.355 -4.903 2.798
v -13.355 -4.903 0
v -13.358 -6.791 2.798
v -13.358 -6.791 0
v -32.816 -7.617 2.798
v -32.816 -7.617 0
v -34.009 -6.128 2.798
v -34.009 -6.128 0
v -34.041 -5.246 2.798
v -34.041 -5.246 0
v -34.748 -5.207 2.798
v -34.748 -5.207 0
v -35.612 -4.128 2.798
v -35.612 -4.128 0
v -35.612 -4.128 2.798
v -35.612 -4.128 0

f -318 -319 -320
f -320 -321 -322
f -322 -323 -324
f -327 -328 -329
f -330 -331 -332
f -332 -333 -334
f -335 -336 -337
f -338 -339 -340
f -341 -342 -343
f -345 -346 -347
f -347 -348 -349
f -349 -350 -351
f -353 -354 -355
f -357 -358 -359
f -360 -361 -362
f -362 -363 -364
f -365 -366 -367
f -369 -370 -371
f -372 -373 -374
f -374 -375 -376
f -376 -377 -378
f -380 -381 -382
f -384 -385 -386
f -388 -389 -390
f -390 -391 -392
f -392 -393 -394
f -394 -395 -396
f -398 -399 -400
f -400 -401 -402
f -404 -405 -406
f -408 -409 -410
f -411 -412 -413
f -414 -415 -416
f -417 -418 -419
f -419 -420 -421
f -421 -422 -423
f -423 -424 -425
f -426 -427 -428
f -428 -429 -430
f -432 -433 -434
f -434 -435 -436
f -438 -439 -440
f -440 -441 -442
f -443 -444 -445
f -446 -447 -448
f -450 -451 -452
f -453 -454 -455
f -457 -458 -459
f -461 -462 -463
f -464 -465 -466
f -467 -468 -469
f -318 -320 -322
f -322 -324 -325
f -327 -329 -330
f -330 -332 -334
f -338 -340 -341
f -341 -343 -344
f -345 -347 -349
f -349 -351 -352
f -353 -355 -356
f -357 -359 -360
f -360 -362 -364
f -365 -367 -368
f -369 -371 -372
f -376 -378 -379
f -380 -382 -383
f -384 -386 -387
f -388 -390 -392
f -394 -396 -397
f -398 -400 -402
f -404 -406 -407
f -408 -410 -411
f -411 -413 -414
f -414 -416 -417
f -417 -419 -421
f -421 -423 -425
f -426 -428 -430
f -434 -436 -437
f -440 -442 -443
f -443 -445 -446
f -446 -448 -449
f -450 -452 -453
f -457 -459 -460
f -461 -463 -464
f -317 -318 -322
f -322 -325 -326
f -326 -327 -330
f -337 -338 -341
f -341 -344 -345
f -345 -349 -352
f -353 -356 -357
f -357 -360 -364
f -365 -368 -369
f -374 -376 -379
f -383 -384 -387
f -387 -388 -392
f -392 -394 -397
f -397 -398 -402
f -408 -411 -414
f -414 -417 -421
f -421 -425 -426
f -432 -434 -437
f -440 -443 -446
f -450 -453 -455
f -457 -460 -461
f -461 -464 -466
f -317 -322 -326
f -326 -330 -334
f -337 -341 -345
f -345 -352 -353
f -353 -357 -364
f -374 -379 -380
f -383 -387 -392
f -392 -397 -402
f -408 -414 -421
f -421 -426 -430
f -431 -432 -437
f -440 -446 -449
f -449 -450 -455
f -457 -461 -466
f -317 -326 -334
f -335 -337 -345
f -345 -353 -364
f -383 -392 -402
f -408 -421 -430
f -431 -437 -438
f -440 -449 -455
f -457 -466 -467
f -345 -364 -365
f -380 -383 -402
f -407 -408 -430
f -431 -438 -440
f -440 -455 -456
f -345 -365 -369
f -374 -380 -402
f -407 -430 -431
f -431 -440 -456
f -345 -369 -372
f -372 -374 -402
f -407 -431 -456
f -335 -345 -372
f -372 -402 -403
f -404 -407 -456
f -335 -372 -403
f -404 -456 -457
f -334 -335 -403
f -403 -404 -457
f -317 -334 -403
f -403 -457 -467
f -317 -403 -467
f -317 -467 -469
f -317 -469 -470
f -317 -470 -316
f -314 -313 -312
f -312 -313 -311
f -312 -311 -310
f -310 -311 -309
f -310 -309 -308
f -308 -309 -307
f -308 -307 -306
f -306 -307 -305
f -306 -305 -304
f -304 -305 -303
f -304 -303 -302
f -302 -303 -301
f -302 -301 -300
f -300 -301 -299
f -300 -299 -298
f -298 -299 -297
f -298 -297 -296
f -296 -297 -295
f -296 -295 -294
f -294 -295 -293
f -294 -293 -292
f -292 -293 -291
f -292 -291 -290
f -290 -291 -289
f -290 -289 -288
f -288 -289 -287
f -288 -287 -286
f -286 -287 -285
f -286 -285 -284
f -284 -285 -283
f -284 -283 -282
f -282 -283 -281
f -282 -281 -280
f -280 -281 -279
f -280 -279 -278
f -278 -279 -277
f -278 -277 -276
f -276 -277 -275
f -276 -275 -274
f -274 -275 -273
f -274 -273 -272
f -272 -273 -271
f -272 -271 -270
f -270 -271 -269
f -270 -269 -268
f -268 -269 -267
f -268 -267 -266
f -266 -267 -265
f -266 -265 -264
f -264 -265 -263
f -264 -263 -262
f -262 -263 -261
f -262 -261 -260
f -260 -261 -259
f -260 -259 -258
f -258 -259 -257
f -258 -257 -256
f -256 -257 -255
f -256 -255 -254
f -254 -255 -253
f -254 -253 -252
f -252 -253 -251
f -252 -251 -250
f -250 -251 -249
f -250 -249 -248
f -248 -249 -247
f -248 -247 -246
f -246 -247 -245
f -246 -245 -244
f -244 -245 -243
f -244 -243 -242
f -242 -243 -241
f -242 -241 -240
f -240 -241 -239
f -240 -239 -238
f -238 -239 -237
f -238 -237 -236
f -236 -237 -235
f -236 -235 -234
f -234 -235 -233
f -234 -233 -232
f -232 -233 -231
f -232 -231 -230
f -230 -231 -229
f -230 -229 -228
f -228 -229 -227
f -228 -227 -226
f -226 -227 -225
f -226 -225 -224
f -224 -225 -223
f -224 -223 -222
f -222 -223 -221
f -222 -221 -220
f -220 -221 -219
f -220 -219 -218
f -218 -219 -217
f -218 -217 -216
f -216 -217 -215
f -216 -215 -214
f -214 -215 -213
f -214 -213 -212
f -212 -213 -211
f -212 -211 -210
f -210 -211 -209
f -210 -209 -208
f -208 -209 -207
f -208 -207 -206
f -206 -207 -205
f -206 -205 -204
f -204 -205 -203
f -204 -203 -202
f -202 -203 -201
f -202 -201 -200
f -200 -201 -199
f -200 -199 -198
f -198 -199 -197
f -198 -197 -196
f -196 -197 -195
f -196 -195 -194
f -194 -195 -193
f -194 -193 -192
f -192 -193 -191
f -192 -191 -190
f -190 -191 -189
f -190 -189 -188
f -188 -189 -187
f -188 -187 -186
f -186 -187 -185
f -186 -185 -184
f -184 -185 -183
f -184 -183 -182
f -182 -183 -181
f -182 -181 -180
f -180 -181 -179
f -180 -179 -178
f -178 -179 -177
f -178 -177 -176
f -176 -177 -175
f -176 -175 -174
f -174 -175 -173
f -174 -173 -172
f -172 -173 -171
f -172 -171 -170
f -170 -171 -169
f -170 -169 -168
f -168 -169 -167
f -168 -167 -166
f -166 -167 -165
f -166 -165 -164
f -164 -165 -163
f -164 -163 -162
f -162 -163 -161
f -162 -161 -160
f -160 -161 -159
f -160 -159 -158
f -158 -159 -157
f -158 -157 -156
f -156 -157 -155
f -156 -155 -154
f -154 -155 -153
f -154 -153 -152
f -152 -153 -151
f -152 -151 -150
f -150 -151 -149
f -150 -149 -148
f -148 -149 -147
f -148 -147 -146
f -146 -147 -145
f -146 -145 -144
f -144 -145 -143
f -144 -143 -142
f -142 -143 -141
f -142 -141 -140
f -140 -141 -139
f -140 -139 -138
f -138 -139 -137
f -138 -137 -136
f -136 -137 -135
f -136 -135 -134
f -134 -135 -133
f -134 -133 -132
f -132 -133 -131
f -132 -131 -130
f -130 -131 -129
f -130 -129 -128
f -128 -129 -127
f -128 -127 -126
f -126 -127 -125
f -126 -125 -124
f -124 -125 -123
f -124 -123 -122
f -122 -123 -121
f -122 -121 -120
f -120 -121 -119
f -120 -119 -118
f -118 -119 -117
f -118 -117 -116
f -116 -117 -115
f -116 -115 -114
f -114 -115 -113
f -114 -113 -112
f -112 -113 -111
f -112 -111 -110
f -110 -111 -109
f -110 -109 -108
f -108 -109 -107
f -108 -107 -106
f -106 -107 -105
f -106 -105 -104
f -104 -105 -103
f -104 -103 -102
f -102 -103 -101
f -102 -101 -100
f -100 -101 -99
f -100 -99 -98
f -98 -99 -97
f -98 -97 -96
f -96 -97 -95
f -96 -95 -94
f -94 -95 -93
f -94 -93 -92
f -92 -93 -91
f -92 -91 -90
f -90 -91 -89
f -90 -89 -88
f -88 -89 -87
f -88 -87 -86
f -86 -87 -85
f -86 -85 -84
f -84 -85 -83
f -84 -83 -82
f -82 -83 -81
f -82 -81 -80
f -80 -81 -79
f -80 -79 -78
f -78 -79 -77
f -78 -77 -76
f -76 -77 -75
f -76 -75 -74
f -74 -75 -73
f -74 -73 -72
f -72 -73 -71
f -72 -71 -70
f -70 -71 -69
f -70 -69 -68
f -68 -69 -67
f -68 -67 -66
f -66 -67 -65
f -66 -65 -64
f -64 -65 -63
f -64 -63 -62
f -62 -63 -61
f -62 -61 -60
f -60 -61 -59
f -60 -59 -58
f -58 -59 -57
f -58 -57 -56
f -56 -57 -55
f -56 -55 -54
f -54 -55 -53
f -54 -53 -52
f -52 -53 -51
f -52 -51 -50
f -50 -51 -49
f -50 -49 -48
f -48 -49 -47
f -48 -47 -46
f -46 -47 -45
f -46 -45 -44
f -44 -45 -43
f -44 -43 -42
f -42 -43 -41
f -42 -41 -40
f -40 -41 -39
f -40 -39 -38
f -38 -39 -37
f -38 -37 -36
f -36 -37 -35
f -36 -35 -34
f -34 -35 -33
f -34 -33 -32
f -32 -33 -31
f -32 -31 -30
f -30 -31 -29
f -30 -29 -28
f -28 -29 -27
f -28 -27 -26
f -26 -27 -25
f -26 -25 -24
f -24 -25 -23
f -24 -23 -22
f -22 -23 -21
f -22 -21 -20
f -20 -21 -19
f -20 -19 -18
f -18 -19 -17
f -18 -17 -16
f -16 -17 -15
f -16 -15 -14
f -14 -15 -13
f -14 -13 -12
f -12 -13 -11
f -12 -11 -10
f -10 -11 -9
f -10 -9 -8
f -8 -9 -7
f -8 -7 -6
f -6 -7 -5
f -6 -5 -4
f -4 -5 -3
f -4 -3 -2
f -2 -3 -1

o Default b3A50
usemtl 0x8FBDB9
v -33.578 -3.743 0.28
v -33.382 -3.743 0.28
v -33.382 -3.351 0.28
v -33.578 -3.351 0.28
v -33.578 -3.743 0.28
v -33.578 -3.743 0.28
v -33.578 -3.743 0
v -33.382 -3.743 0.28
v -33.382 -3.743 0
v -33.382 -3.351 0.28
v -33.382 -3.351 0
v -33.578 -3.351 0.28
v -33.578 -3.351 0
v -33.578 -3.743 0.28
v -33.578 -3.743 0

f -12 -15 -14
f -14 -13 -12
f -10 -9 -8
f -8 -9 -7
f -8 -7 -6
f -6 -7 -5
f -6 -5 -4
f -4 -5 -3
f -4 -3 -2
f -2 -3 -1

o Default b3B50
usemtl 0x8FBDB9
v -33.373 -3.743 0.28
v -32.687 -3.743 0.28
v -32.687 -3.351 0.28
v -33.373 -3.351 0.28
v -33.373 -3.743 0.28
v -33.373 -3.743 0.28
v -33.373 -3.743 0
v -32.687 -3.743 0.28
v -32.687 -3.743 0
v -32.687 -3.351 0.28
v -32.687 -3.351 0
v -33.373 -3.351 0.28
v -33.373 -3.351 0
v -33.373 -3.743 0.28
v -33.373 -3.743 0

f -12 -15 -14
f -14 -13 -12
f -10 -9 -8
f -8 -9 -7
f -8 -7 -6
f -6 -7 -5
f -6 -5 -4
f -4 -5 -3
f -4 -3 -2
f -2 -3 -1

o Default b3C51
usemtl 0x8FBDB9
v -32.575 -3.743 0.28
v -32.085 -3.743 0.28
v -32.085 -3.351 0.28
v -32.575 -3.351 0.28
v -32.575 -3.743 0.28
v -32.575 -3.743 0.28
v -32.575 -3.743 0
v -32.085 -3.743 0.28
v -32.085 -3.743 0
v -32.085 -3.351 0.28
v -32.085 -3.351 0
v -32.575 -3.351 0.28
v -32.575 -3.351 0
v -32.575 -3.743 0.28
v -32.575 -3.743 0

f -12 -15 -14
f -14 -13 -12
f -10 -9 -8
f -8 -9 -7
f -8 -7 -6
f -6 -7 -5
f -6 -5 -4
f -4 -5 -3
f -4 -3 -2
f -2 -3 -1

o Default b3C50
usemtl 0x8FBDB9
v -32.077 -3.545 0.28
v -31.783 -3.545 0.28
v -31.783 -3.349 0.28
v -32.077 -3.349 0.28
v -32.077 -3.545 0.28
v -32.077 -3.545 0.28
v -32.077 -3.545 0
v -31.783 -3.545 0.28
v -31.783 -3.545 0
v -31.783 -3.349 0.28
v -31.783 -3.349 0
v -32.077 -3.349 0.28
v -32.077 -3.349 0
v -32.077 -3.545 0.28
v -32.077 -3.545 0

f -12 -15 -14
f -14 -13 -12
f -10 -9 -8
f -8 -9 -7
f -8 -7 -6
f -6 -7 -5
f -6 -5 -4
f -4 -5 -3
f -4 -3 -2
f -2 -3 -1

o Default b3D44
usemtl 0x8FBDB9
v -31.327 -3.545 0.28
v -31.033 -3.545 0.28
v -31.033 -3.349 0.28
v -31.327 -3.349 0.28
v -31.327 -3.545 0.28
v -31.327 -3.545 0.28
v -31.327 -3.545 0
v -31.033 -3.545 0.28
v -31.033 -3.545 0
v -31.033 -3.349 0.28
v -31.033 -3.349 0
v -31.327 -3.349 0.28
v -31.327 -3.349 0
v -31.327 -3.545 0.28
v -31.327 -3.545 0

f -12 -15 -14
f -14 -13 -12
f -10 -9 -8
f -8 -9 -7
f -8 -7 -6
f -6 -7 -5
f -6 -5 -4
f -4 -5 -3
f -4 -3 -2
f -2 -3 -1

o Default b3E41
usemtl 0x8FBDB9
v -31.026 -3.545 0.28
v -30.634 -3.545 0.28
v -30.634 -3.349 0.28
v -31.026 -3.349 0.28
v -31.026 -3.545 0.28
v -31.026 -3.545 0.28
v -31.026 -3.545 0
v -30.634 -3.545 0.28
v -30.634 -3.545 0
v -30.634 -3.349 0.28
v -30.634 -3.349 0
v -31.026 -3.349 0.28
v -31.026 -3.349 0
v -31.026 -3.545 0.28
v -31.026 -3.545 0

f -12 -15 -14
f -14 -13 -12
f -10 -9 -8
f -8 -9 -7
f -8 -7 -6
f -6 -7 -5
f -6 -5 -4
f -4 -5 -3
f -4 -3 -2
f -2 -3 -1

o Default b3E51
usemtl 0x8FBDB9
v -30.622 -3.743 0.28
v -29.887 -3.743 0.28
v -29.887 -3.351 0.28
v -30.622 -3.351 0.28
v -30.622 -3.743 0.28
v -30.622 -3.743 0.28
v -30.622 -3.743 0
v -29.887 -3.743 0.28
v -29.887 -3.743 0
v -29.887 -3.351 0.28
v -29.887 -3.351 0
v -30.622 -3.351 0.28
v -30.622 -3.351 0
v -30.622 -3.743 0.28
v -30.622 -3.743 0

f -12 -15 -14
f -14 -13 -12
f -10 -9 -8
f -8 -9 -7
f -8 -7 -6
f -6 -7 -5
f -6 -5 -4
f -4 -5 -3
f -4 -3 -2
f -2 -3 -1

o Default b3F51
usemtl 0x8FBDB9
v -29.874 -3.743 0.28
v -29.286 -3.743 0.28
v -29.286 -3.351 0.28
v -29.874 -3.351 0.28
v -29.874 -3.743 0.28
v -29.874 -3.743 0.28
v -29.874 -3.743 0
v -29.286 -3.743 0.28
v -29.286 -3.743 0
v -29.286 -3.351 0.28
v -29.286 -3.351 0
v -29.874 -3.351 0.28
v -29.874 -3.351 0
v -29.874 -3.743 0.28
v -29.874 -3.743 0

f -12 -15 -14
f -14 -13 -12
f -10 -9 -8
f -8 -9 -7
f -8 -7 -6
f -6 -7 -5
f -6 -5 -4
f -4 -5 -3
f -4 -3 -2
f -2 -3 -1

o Default b3F50
usemtl 0x8FBDB9
v -29.272 -3.743 0.28
v -28.488 -3.743 0.28
v -28.488 -3.351 0.28
v -29.272 -3.351 0.28
v -29.272 -3.743 0.28
v -29.272 -3.743 0.28
v -29.272 -3.743 0
v -28.488 -3.743 0.28
v -28.488 -3.743 0
v -28.488 -3.351 0.28
v -28.488 -3.351 0
v -29.272 -3.351 0.28
v -29.272 -3.351 0
v -29.272 -3.743 0.28
v -29.272 -3.743 0

f -12 -15 -14
f -14 -13 -12
f -10 -9 -8
f -8 -9 -7
f -8 -7 -6
f -6 -7 -5
f -6 -5 -4
f -4 -5 -3
f -4 -3 -2
f -2 -3 -1

o Default b3H40
usemtl 0x8FBDB9
v -28.323 -3.743 0.28
v -27.686 -3.743 0.28
v -27.686 -3.351 0.28
v -28.323 -3.351 0.28
v -28.323 -3.743 0.28
v -28.323 -3.743 0.28
v -28.323 -3.743 0
v -27.686 -3.743 0.28
v -27.686 -3.743 0
v -27.686 -3.351 0.28
v -27.686 -3.351 0
v -28.323 -3.351 0.28
v -28.323 -3.351 0
v -28.323 -3.743 0.28
v -28.323 -3.743 0

f -12 -15 -14
f -14 -13 -12
f -10 -9 -8
f -8 -9 -7
f -8 -7 -6
f -6 -7 -5
f -6 -5 -4
f -4 -5 -3
f -4 -3 -2
f -2 -3 -1

o Default b3H41
usemtl 0x8FBDB9
v -27.374 -3.743 0.28
v -26.786 -3.743 0.28
v -26.786 -3.351 0.28
v -27.374 -3.351 0.28
v -27.374 -3.743 0.28
v -27.374 -3.743 0.28
v -27.374 -3.743 0
v -26.786 -3.743 0.28
v -26.786 -3.743 0
v -26.786 -3.351 0.28
v -26.786 -3.351 0
v -27.374 -3.351 0.28
v -27.374 -3.351 0
v -27.374 -3.743 0.28
v -27.374 -3.743 0

f -12 -15 -14
f -14 -13 -12
f -10 -9 -8
f -8 -9 -7
f -8 -7 -6
f -6 -7 -5
f -6 -5 -4
f -4 -5 -3
f -4 -3 -2
f -2 -3 -1

o Default b3K41
usemtl 0x8FBDB9
v -26.572 -3.595 0.28
v -25.837 -3.595 0.28
v -25.837 -3.35 0.28
v -26.572 -3.35 0.28
v -26.572 -3.595 0.28
v -26.572 -3.595 0.28
v -26.572 -3.595 0
v -25.837 -3.595 0.28
v -25.837 -3.595 0
v -25.837 -3.35 0.28
v -25.837 -3.35 0
v -26.572 -3.35 0.28
v -26.572 -3.35 0
v -26.572 -3.595 0.28
v -26.572 -3.595 0

f -12 -15 -14
f -14 -13 -12
f -10 -9 -8
f -8 -9 -7
f -8 -7 -6
f -6 -7 -5
f -6 -5 -4
f -4 -5 -3
f -4 -3 -2
f -2 -3 -1

o Default b3K45
usemtl 0x9AADAD
v -26.077 -3.944 0.28
v -25.832 -3.944 0.28
v -25.832 -3.601 0.28
v -26.077 -3.601 0.28
v -26.077 -3.944 0.28
v -26.077 -3.944 0.28
v -26.077 -3.944 0
v -25.832 -3.944 0.28
v -25.832 -3.944 0
v -25.832 -3.601 0.28
v -25.832 -3.601 0
v -26.077 -3.601 0.28
v -26.077 -3.601 0
v -26.077 -3.944 0.28
v -26.077 -3.944 0

f -12 -15 -14
f -14 -13 -12
f -10 -9 -8
f -8 -9 -7
f -8 -7 -6
f -6 -7 -5
f -6 -5 -4
f -4 -5 -3
f -4 -3 -2
f -2 -3 -1

o Default b3A36
usemtl 0x8FBDB9
v -33.577 -3.045 0.28
v -33.332 -3.045 0.28
v -33.332 -2.849 0.28
v -33.577 -2.849 0.28
v -33.577 -3.045 0.28
v -33.577 -3.045 0.28
v -33.577 -3.045 0
v -33.332 -3.045 0.28
v -33.332 -3.045 0
v -33.332 -2.849 0.28
v -33.332 -2.849 0
v -33.577 -2.849 0.28
v -33.577 -2.849 0
v -33.577 -3.045 0.28
v -33.577 -3.045 0

f -12 -15 -14
f -14 -13 -12
f -10 -9 -8
f -8 -9 -7
f -8 -7 -6
f -6 -7 -5
f -6 -5 -4
f -4 -5 -3
f -4 -3 -2
f -2 -3 -1

o Default b3A34
usemtl 0x8FBDB9
v -33.577 -2.844 0.28
v -33.332 -2.844 0.28
v -33.332 -2.55 0.28
v -33.577 -2.55 0.28
v -33.577 -2.844 0.28
v -33.577 -2.844 0.28
v -33.577 -2.844 0
v -33.332 -2.844 0.28
v -33.332 -2.844 0
v -33.332 -2.55 0.28
v -33.332 -2.55 0
v -33.577 -2.55 0.28
v -33.577 -2.55 0
v -33.577 -2.844 0.28
v -33.577 -2.844 0

f -12 -15 -14
f -14 -13 -12
f -10 -9 -8
f -8 -9 -7
f -8 -7 -6
f -6 -7 -5
f -6 -5 -4
f -4 -5 -3
f -4 -3 -2
f -2 -3 -1

o Default b3A32
usemtl 0x8FBDB9
v -33.577 -2.54 0.28
v -33.332 -2.54 0.28
v -33.332 -1.854 0.28
v -33.577 -1.854 0.28
v -33.577 -2.54 0.28
v -33.577 -2.54 0.28
v -33.577 -2.54 0
v -33.332 -2.54 0.28
v -33.332 -2.54 0
v -33.332 -1.854 0.28
v -33.332 -1.854 0
v -33.577 -1.854 0.28
v -33.577 -1.854 0
v -33.577 -2.54 0.28
v -33.577 -2.54 0

f -12 -15 -14
f -14 -13 -12
f -10 -9 -8
f -8 -9 -7
f -8 -7 -6
f -6 -7 -5
f -6 -5 -4
f -4 -5 -3
f -4 -3 -2
f -2 -3 -1

o Default b3B31
usemtl 0x8FBDB9
v -33.327 -2.441 0.28
v -33.082 -2.441 0.28
v -33.082 -1.853 0.28
v -33.327 -1.853 0.28
v -33.327 -2.441 0.28
v -33.327 -2.441 0.28
v -33.327 -2.441 0
v -33.082 -2.441 0.28
v -33.082 -2.441 0
v -33.082 -1.853 0.28
v -33.082 -1.853 0
v -33.327 -1.853 0.28
v -33.327 -1.853 0
v -33.327 -2.441 0.28
v -33.327 -2.441 0

f -12 -15 -14
f -14 -13 -12
f -10 -9 -8
f -8 -9 -7
f -8 -7 -6
f -6 -7 -5
f -6 -5 -4
f -4 -5 -3
f -4 -3 -2
f -2 -3 -1

o Default b3A24
usemtl 0x8FBDB9
v -33.577 -1.442 0.28
v -33.332 -1.442 0.28
v -33.332 -0.903 0.28
v -33.577 -0.903 0.28
v -33.577 -1.442 0.28
v -33.577 -1.442 0.28
v -33.577 -1.442 0
v -33.332 -1.442 0.28
v -33.332 -1.442 0
v -33.332 -0.903 0.28
v -33.332 -0.903 0
v -33.577 -0.903 0.28
v -33.577 -0.903 0
v -33.577 -1.442 0.28
v -33.577 -1.442 0

f -12 -15 -14
f -14 -13 -12
f -10 -9 -8
f -8 -9 -7
f -8 -7 -6
f -6 -7 -5
f -6 -5 -4
f -4 -5 -3
f -4 -3 -2
f -2 -3 -1

o Default b3B25
usemtl 0x8FBDB9
v -33.327 -1.444 0.28
v -33.082 -1.444 0.28
v -33.082 -1.101 0.28
v -33.327 -1.101 0.28
v -33.327 -1.444 0.28
v -33.327 -1.444 0.28
v -33.327 -1.444 0
v -33.082 -1.444 0.28
v -33.082 -1.444 0
v -33.082 -1.101 0.28
v -33.082 -1.101 0
v -33.327 -1.101 0.28
v -33.327 -1.101 0
v -33.327 -1.444 0.28
v -33.327 -1.444 0

f -12 -15 -14
f -14 -13 -12
f -10 -9 -8
f -8 -9 -7
f -8 -7 -6
f -6 -7 -5
f -6 -5 -4
f -4 -5 -3
f -4 -3 -2
f -2 -3 -1

o Default b3A20
usemtl 0x8FBDB9
v -33.577 -0.892 0.28
v -33.332 -0.892 0.28
v -33.332 -0.353 0.28
v -33.577 -0.353 0.28
v -33.577 -0.892 0.28
v -33.577 -0.892 0.28
v -33.577 -0.892 0
v -33.332 -0.892 0.28
v -33.332 -0.892 0
v -33.332 -0.353 0.28
v -33.332 -0.353 0
v -33.577 -0.353 0.28
v -33.577 -0.353 0
v -33.577 -0.892 0.28
v -33.577 -0.892 0

f -12 -15 -14
f -14 -13 -12
f -10 -9 -8
f -8 -9 -7
f -8 -7 -6
f -6 -7 -5
f -6 -5 -4
f -4 -5 -3
f -4 -3 -2
f -2 -3 -1

o Default b3B24
usemtl 0x8FBDB9
v -32.827 -1.441 0.28
v -32.533 -1.441 0.28
v -32.533 -0.853 0.28
v -32.827 -0.853 0.28
v -32.827 -1.441 0.28
v -32.827 -1.441 0.28
v -32.827 -1.441 0
v -32.533 -1.441 0.28
v -32.533 -1.441 0
v -32.533 -0.853 0.28
v -32.533 -0.853 0
v -32.827 -0.853 0.28
v -32.827 -0.853 0
v -32.827 -1.441 0.28
v -32.827 -1.441 0

f -12 -15 -14
f -14 -13 -12
f -10 -9 -8
f -8 -9 -7
f -8 -7 -6
f -6 -7 -5
f -6 -5 -4
f -4 -5 -3
f -4 -3 -2
f -2 -3 -1

o Default b3C25
usemtl 0x8FBDB9
v -32.527 -1.441 0.28
v -32.233 -1.441 0.28
v -32.233 -0.853 0.28
v -32.527 -0.853 0.28
v -32.527 -1.441 0.28
v -32.527 -1.441 0.28
v -32.527 -1.441 0
v -32.233 -1.441 0.28
v -32.233 -1.441 0
v -32.233 -0.853 0.28
v -32.233 -0.853 0
v -32.527 -0.853 0.28
v -32.527 -0.853 0
v -32.527 -1.441 0.28
v -32.527 -1.441 0

f -12 -15 -14
f -14 -13 -12
f -10 -9 -8
f -8 -9 -7
f -8 -7 -6
f -6 -7 -5
f -6 -5 -4
f -4 -5 -3
f -4 -3 -2
f -2 -3 -1

o Default b3B20-C31
usemtl 0x8FBDB9
v -32.824 -0.842 0.28
v -32.236 -0.842 0.28
v -32.236 -0.352 0.28
v -32.824 -0.352 0.28
v -32.824 -0.842 0.28
v -32.824 -0.842 0.28
v -32.824 -0.842 0
v -32.236 -0.842 0.28
v -32.236 -0.842 0
v -32.236 -0.352 0.28
v -32.236 -0.352 0
v -32.824 -0.352 0.28
v -32.824 -0.352 0
v -32.824 -0.842 0.28
v -32.824 -0.842 0

f -12 -15 -14
f -14 -13 -12
f -10 -9 -8
f -8 -9 -7
f -8 -7 -6
f -6 -7 -5
f -6 -5 -4
f -4 -5 -3
f -4 -3 -2
f -2 -3 -1

o Default b3B34-C35
usemtl 0x8FBDB9
v -32.824 -2.243 0.28
v -32.236 -2.243 0.28
v -32.236 -1.851 0.28
v -32.824 -1.851 0.28
v -32.824 -2.243 0.28
v -32.824 -2.243 0.28
v -32.824 -2.243 0
v -32.236 -2.243 0.28
v -32.236 -2.243 0
v -32.236 -1.851 0.28
v -32.236 -1.851 0
v -32.824 -1.851 0.28
v -32.824 -1.851 0
v -32.824 -2.243 0.28
v -32.824 -2.243 0

f -12 -15 -14
f -14 -13 -12
f -10 -9 -8
f -8 -9 -7
f -8 -7 -6
f -6 -7 -5
f -6 -5 -4
f -4 -5 -3
f -4 -3 -2
f -2 -3 -1

o Default b3B36
usemtl 0x8FBDB9
v -32.827 -3.039 0.28
v -32.533 -3.039 0.28
v -32.533 -2.255 0.28
v -32.827 -2.255 0.28
v -32.827 -3.039 0.28
v -32.827 -3.039 0.28
v -32.827 -3.039 0
v -32.533 -3.039 0.28
v -32.533 -3.039 0
v -32.533 -2.255 0.28
v -32.533 -2.255 0
v -32.827 -2.255 0.28
v -32.827 -2.255 0
v -32.827 -3.039 0.28
v -32.827 -3.039 0

f -12 -15 -14
f -14 -13 -12
f -10 -9 -8
f -8 -9 -7
f -8 -7 -6
f -6 -7 -5
f -6 -5 -4
f -4 -5 -3
f -4 -3 -2
f -2 -3 -1

o Default b3C37
usemtl 0x8FBDB9
v -32.527 -3.041 0.28
v -32.233 -3.041 0.28
v -32.233 -2.453 0.28
v -32.527 -2.453 0.28
v -32.527 -3.041 0.28
v -32.527 -3.041 0.28
v -32.527 -3.041 0
v -32.233 -3.041 0.28
v -32.233 -3.041 0
v -32.233 -2.453 0.28
v -32.233 -2.453 0
v -32.527 -2.453 0.28
v -32.527 -2.453 0
v -32.527 -3.041 0.28
v -32.527 -3.041 0

f -12 -15 -14
f -14 -13 -12
f -10 -9 -8
f -8 -9 -7
f -8 -7 -6
f -6 -7 -5
f -6 -5 -4
f -4 -5 -3
f -4 -3 -2
f -2 -3 -1

o Default b3C34
usemtl 0x8FBDB9
v -31.927 -3.043 0.28
v -31.633 -3.043 0.28
v -31.633 -2.651 0.28
v -31.927 -2.651 0.28
v -31.927 -3.043 0.28
v -31.927 -3.043 0.28
v -31.927 -3.043 0
v -31.633 -3.043 0.28
v -31.633 -3.043 0
v -31.633 -2.651 0.28
v -31.633 -2.651 0
v -31.927 -2.651 0.28
v -31.927 -2.651 0
v -31.927 -3.043 0.28
v -31.927 -3.043 0

f -12 -15 -14
f -14 -13 -12
f -10 -9 -8
f -8 -9 -7
f -8 -7 -6
f -6 -7 -5
f -6 -5 -4
f -4 -5 -3
f -4 -3 -2
f -2 -3 -1

o Default b3C30
usemtl 0x8FBDB9
v -31.927 -2.639 0.28
v -31.633 -2.639 0.28
v -31.633 -1.855 0.28
v -31.927 -1.855 0.28
v -31.927 -2.639 0.28
v -31.927 -2.639 0.28
v -31.927 -2.639 0
v -31.633 -2.639 0.28
v -31.633 -2.639 0
v -31.633 -1.855 0.28
v -31.633 -1.855 0
v -31.927 -1.855 0.28
v -31.927 -1.855 0
v -31.927 -2.639 0.28
v -31.927 -2.639 0

f -12 -15 -14
f -14 -13 -12
f -10 -9 -8
f -8 -9 -7
f -8 -7 -6
f -6 -7 -5
f -6 -5 -4
f -4 -5 -3
f -4 -3 -2
f -2 -3 -1

o Default b3D31
usemtl 0x8FBDB9
v -31.627 -2.54 0.28
v -31.333 -2.54 0.28
v -31.333 -1.854 0.28
v -31.627 -1.854 0.28
v -31.627 -2.54 0.28
v -31.627 -2.54 0.28
v -31.627 -2.54 0
v -31.333 -2.54 0.28
v -31.333 -2.54 0
v -31.333 -1.854 0.28
v -31.333 -1.854 0
v -31.627 -1.854 0.28
v -31.627 -1.854 0
v -31.627 -2.54 0.28
v -31.627 -2.54 0

f -12 -15 -14
f -14 -13 -12
f -10 -9 -8
f -8 -9 -7
f -8 -7 -6
f -6 -7 -5
f -6 -5 -4
f -4 -5 -3
f -4 -3 -2
f -2 -3 -1

o Default b3D35
usemtl 0x8FBDB9
v -31.627 -3.042 0.28
v -31.333 -3.042 0.28
v -31.333 -2.552 0.28
v -31.627 -2.552 0.28
v -31.627 -3.042 0.28
v -31.627 -3.042 0.28
v -31.627 -3.042 0
v -31.333 -3.042 0.28
v -31.333 -3.042 0
v -31.333 -2.552 0.28
v -31.333 -2.552 0
v -31.627 -2.552 0.28
v -31.627 -2.552 0
v -31.627 -3.042 0.28
v -31.627 -3.042 0

f -12 -15 -14
f -14 -13 -12
f -10 -9 -8
f -8 -9 -7
f -8 -7 -6
f -6 -7 -5
f -6 -5 -4
f -4 -5 -3
f -4 -3 -2
f -2 -3 -1

o Default b3C24
usemtl 0x8FBDB9
v -31.927 -1.44 0.28
v -31.633 -1.44 0.28
v -31.633 -0.754 0.28
v -31.927 -0.754 0.28
v -31.927 -1.44 0.28
v -31.927 -1.44 0.28
v -31.927 -1.44 0
v -31.633 -1.44 0.28
v -31.633 -1.44 0
v -31.633 -0.754 0.28
v -31.633 -0.754 0
v -31.927 -0.754 0.28
v -31.927 -0.754 0
v -31.927 -1.44 0.28
v -31.927 -1.44 0

f -12 -15 -14
f -14 -13 -12
f -10 -9 -8
f -8 -9 -7
f -8 -7 -6
f -6 -7 -5
f -6 -5 -4
f -4 -5 -3
f -4 -3 -2
f -2 -3 -1

o Default b3C20
usemtl 0x8FBDB9
v -31.927 -0.743 0.28
v -31.633 -0.743 0.28
v -31.633 -0.351 0.28
v -31.927 -0.351 0.28
v -31.927 -0.743 0.28
v -31.927 -0.743 0.28
v -31.927 -0.743 0
v -31.633 -0.743 0.28
v -31.633 -0.743 0
v -31.633 -0.351 0.28
v -31.633 -0.351 0
v -31.927 -0.351 0.28
v -31.927 -0.351 0
v -31.927 -0.743 0.28
v -31.927 -0.743 0

f -12 -15 -14
f -14 -13 -12
f -10 -9 -8
f -8 -9 -7
f -8 -7 -6
f -6 -7 -5
f -6 -5 -4
f -4 -5 -3
f -4 -3 -2
f -2 -3 -1

o Default b3D25
usemtl 0x8FBDB9
v -31.627 -1.445 0.28
v -31.333 -1.445 0.28
v -31.333 -1.249 0.28
v -31.627 -1.249 0.28
v -31.627 -1.445 0.28
v -31.627 -1.445 0.28
v -31.627 -1.445 0
v -31.333 -1.445 0.28
v -31.333 -1.445 0
v -31.333 -1.249 0.28
v -31.333 -1.249 0
v -31.627 -1.249 0.28
v -31.627 -1.249 0
v -31.627 -1.445 0.28
v -31.627 -1.445 0

f -12 -15 -14
f -14 -13 -12
f -10 -9 -8
f -8 -9 -7
f -8 -7 -6
f -6 -7 -5
f -6 -5 -4
f -4 -5 -3
f -4 -3 -2
f -2 -3 -1

o Default b3D21
usemtl 0x8FBDB9
v -31.627 -1.238 0.28
v -31.333 -1.238 0.28
v -31.333 -0.356 0.28
v -31.627 -0.356 0.28
v -31.627 -1.238 0.28
v -31.627 -1.238 0.28
v -31.627 -1.238 0
v -31.333 -1.238 0.28
v -31.333 -1.238 0
v -31.333 -0.356 0.28
v -31.333 -0.356 0
v -31.627 -0.356 0.28
v -31.627 -0.356 0
v -31.627 -1.238 0.28
v -31.627 -1.238 0

f -12 -15 -14
f -14 -13 -12
f -10 -9 -8
f -8 -9 -7
f -8 -7 -6
f -6 -7 -5
f -6 -5 -4
f -4 -5 -3
f -4 -3 -2
f -2 -3 -1

o Default b3D36
usemtl 0x8FBDB9
v -31.128 -3.045 0.28
v -30.932 -3.045 0.28
v -30.932 -2.849 0.28
v -31.128 -2.849 0.28
v -31.128 -3.045 0.28
v -31.128 -3.045 0.28
v -31.128 -3.045 0
v -30.932 -3.045 0.28
v -30.932 -3.045 0
v -30.932 -2.849 0.28
v -30.932 -2.849 0
v -31.128 -2.849 0.28
v -31.128 -2.849 0
v -31.128 -3.045 0.28
v -31.128 -3.045 0

f -12 -15 -14
f -14 -13 -12
f -10 -9 -8
f -8 -9 -7
f -8 -7 -6
f -6 -7 -5
f -6 -5 -4
f -4 -5 -3
f -4 -3 -2
f -2 -3 -1

o Default b3E37
usemtl 0x8FBDB9
v -30.928 -3.045 0.28
v -30.732 -3.045 0.28
v -30.732 -2.849 0.28
v -30.928 -2.849 0.28
v -30.928 -3.045 0.28
v -30.928 -3.045 0.28
v -30.928 -3.045 0
v -30.732 -3.045 0.28
v -30.732 -3.045 0
v -30.732 -2.849 0.28
v -30.732 -2.849 0
v -30.928 -2.849 0.28
v -30.928 -2.849 0
v -30.928 -3.045 0.28
v -30.928 -3.045 0

f -12 -15 -14
f -14 -13 -12
f -10 -9 -8
f -8 -9 -7
f -8 -7 -6
f -6 -7 -5
f -6 -5 -4
f -4 -5 -3
f -4 -3 -2
f -2 -3 -1

o Default b3E35
usemtl 0x8FBDB9
v -30.928 -2.845 0.28
v -30.732 -2.845 0.28
v -30.732 -2.649 0.28
v -30.928 -2.649 0.28
v -30.928 -2.845 0.28
v -30.928 -2.845 0.28
v -30.928 -2.845 0
v -30.732 -2.845 0.28
v -30.732 -2.845 0
v -30.732 -2.649 0.28
v -30.732 -2.649 0
v -30.928 -2.649 0.28
v -30.928 -2.649 0
v -30.928 -2.845 0.28
v -30.928 -2.845 0

f -12 -15 -14
f -14 -13 -12
f -10 -9 -8
f -8 -9 -7
f -8 -7 -6
f -6 -7 -5
f -6 -5 -4
f -4 -5 -3
f -4 -3 -2
f -2 -3 -1

o Default b3E31
usemtl 0x8FBDB9
v -30.928 -2.639 0.28
v -30.732 -2.639 0.28
v -30.732 -1.855 0.28
v -30.928 -1.855 0.28
v -30.928 -2.639 0.28
v -30.928 -2.639 0.28
v -30.928 -2.639 0
v -30.732 -2.639 0.28
v -30.732 -2.639 0
v -30.732 -1.855 0.28
v -30.732 -1.855 0
v -30.928 -1.855 0.28
v -30.928 -1.855 0
v -30.928 -2.639 0.28
v -30.928 -2.639 0

f -12 -15 -14
f -14 -13 -12
f -10 -9 -8
f -8 -9 -7
f -8 -7 -6
f -6 -7 -5
f -6 -5 -4
f -4 -5 -3
f -4 -3 -2
f -2 -3 -1

o Default b3D30
usemtl 0x8FBDB9
v -31.128 -2.54 0.28
v -30.932 -2.54 0.28
v -30.932 -1.854 0.28
v -31.128 -1.854 0.28
v -31.128 -2.54 0.28
v -31.128 -2.54 0.28
v -31.128 -2.54 0
v -30.932 -2.54 0.28
v -30.932 -2.54 0
v -30.932 -1.854 0.28
v -30.932 -1.854 0
v -31.128 -1.854 0.28
v -31.128 -1.854 0
v -31.128 -2.54 0.28
v -31.128 -2.54 0

f -12 -15 -14
f -14 -13 -12
f -10 -9 -8
f -8 -9 -7
f -8 -7 -6
f -6 -7 -5
f -6 -5 -4
f -4 -5 -3
f -4 -3 -2
f -2 -3 -1

o Default b3D24
usemtl 0x8FBDB9
v -31.128 -1.441 0.28
v -30.932 -1.441 0.28
v -30.932 -0.853 0.28
v -31.128 -0.853 0.28
v -31.128 -1.441 0.28
v -31.128 -1.441 0.28
v -31.128 -1.441 0
v -30.932 -1.441 0.28
v -30.932 -1.441 0
v -30.932 -0.853 0.28
v -30.932 -0.853 0
v -31.128 -0.853 0.28
v -31.128 -0.853 0
v -31.128 -1.441 0.28
v -31.128 -1.441 0

f -12 -15 -14
f -14 -13 -12
f -10 -9 -8
f -8 -9 -7
f -8 -7 -6
f -6 -7 -5
f -6 -5 -4
f -4 -5 -3
f -4 -3 -2
f -2 -3 -1

o Default b3D20
usemtl 0x8FBDB9
v -31.128 -0.842 0.28
v -30.932 -0.842 0.28
v -30.932 -0.352 0.28
v -31.128 -0.352 0.28
v -31.128 -0.842 0.28
v -31.128 -0.842 0.28
v -31.128 -0.842 0
v -30.932 -0.842 0.28
v -30.932 -0.842 0
v -30.932 -0.352 0.28
v -30.932 -0.352 0
v -31.128 -0.352 0.28
v -31.128 -0.352 0
v -31.128 -0.842 0.28
v -31.128 -0.842 0

f -12 -15 -14
f -14 -13 -12
f -10 -9 -8
f -8 -9 -7
f -8 -7 -6
f -6 -7 -5
f -6 -5 -4
f -4 -5 -3
f -4 -3 -2
f -2 -3 -1

o Default b3E25
usemtl 0x8FBDB9
v -30.928 -1.44 0.28
v -30.732 -1.44 0.28
v -30.732 -0.754 0.28
v -30.928 -0.754 0.28
v -30.928 -1.44 0.28
v -30.928 -1.44 0.28
v -30.928 -1.44 0
v -30.732 -1.44 0.28
v -30.732 -1.44 0
v -30.732 -0.754 0.28
v -30.732 -0.754 0
v -30.928 -0.754 0.28
v -30.928 -0.754 0
v -30.928 -1.44 0.28
v -30.928 -1.44 0

f -12 -15 -14
f -14 -13 -12
f -10 -9 -8
f -8 -9 -7
f -8 -7 -6
f -6 -7 -5
f -6 -5 -4
f -4 -5 -3
f -4 -3 -2
f -2 -3 -1

o Default b3E21
usemtl 0x8FBDB9
v -30.928 -0.743 0.28
v -30.732 -0.743 0.28
v -30.732 -0.351 0.28
v -30.928 -0.351 0.28
v -30.928 -0.743 0.28
v -30.928 -0.743 0.28
v -30.928 -0.743 0
v -30.732 -0.743 0.28
v -30.732 -0.743 0
v -30.732 -0.351 0.28
v -30.732 -0.351 0
v -30.928 -0.351 0.28
v -30.928 -0.351 0
v -30.928 -0.743 0.28
v -30.928 -0.743 0

f -12 -15 -14
f -14 -13 -12
f -10 -9 -8
f -8 -9 -7
f -8 -7 -6
f -6 -7 -5
f -6 -5 -4
f -4 -5 -3
f -4 -3 -2
f -2 -3 -1

o Default b3E36
usemtl 0x8FBDB9
v -30.426 -3.042 0.28
v -30.034 -3.042 0.28
v -30.034 -2.552 0.28
v -30.426 -2.552 0.28
v -30.426 -3.042 0.28
v -30.426 -3.042 0.28
v -30.426 -3.042 0
v -30.034 -3.042 0.28
v -30.034 -3.042 0
v -30.034 -2.552 0.28
v -30.034 -2.552 0
v -30.426 -2.552 0.28
v -30.426 -2.552 0
v -30.426 -3.042 0.28
v -30.426 -3.042 0

f -12 -15 -14
f -14 -13 -12
f -10 -9 -8
f -8 -9 -7
f -8 -7 -6
f -6 -7 -5
f -6 -5 -4
f -4 -5 -3
f -4 -3 -2
f -2 -3 -1

o Default b3E30
usemtl 0x8FBDB9
v -30.426 -2.54 0.28
v -30.034 -2.54 0.28
v -30.034 -1.854 0.28
v -30.426 -1.854 0.28
v -30.426 -2.54 0.28
v -30.426 -2.54 0.28
v -30.426 -2.54 0
v -30.034 -2.54 0.28
v -30.034 -2.54 0
v -30.034 -1.854 0.28
v -30.034 -1.854 0
v -30.426 -1.854 0.28
v -30.426 -1.854 0
v -30.426 -2.54 0.28
v -30.426 -2.54 0

f -12 -15 -14
f -14 -13 -12
f -10 -9 -8
f -8 -9 -7
f -8 -7 -6
f -6 -7 -5
f -6 -5 -4
f -4 -5 -3
f -4 -3 -2
f -2 -3 -1

o Default b3F35
usemtl 0x8FBDB9
v -30.026 -3.041 0.28
v -29.634 -3.041 0.28
v -29.634 -2.453 0.28
v -30.026 -2.453 0.28
v -30.026 -3.041 0.28
v -30.026 -3.041 0.28
v -30.026 -3.041 0
v -29.634 -3.041 0.28
v -29.634 -3.041 0
v -29.634 -2.453 0.28
v -29.634 -2.453 0
v -30.026 -2.453 0.28
v -30.026 -2.453 0
v -30.026 -3.041 0.28
v -30.026 -3.041 0

f -12 -15 -14
f -14 -13 -12
f -10 -9 -8
f -8 -9 -7
f -8 -7 -6
f -6 -7 -5
f -6 -5 -4
f -4 -5 -3
f -4 -3 -2
f -2 -3 -1

o Default b3F31
usemtl 0x8FBDB9
v -30.026 -2.441 0.28
v -29.634 -2.441 0.28
v -29.634 -1.853 0.28
v -30.026 -1.853 0.28
v -30.026 -2.441 0.28
v -30.026 -2.441 0.28
v -30.026 -2.441 0
v -29.634 -2.441 0.28
v -29.634 -2.441 0
v -29.634 -1.853 0.28
v -29.634 -1.853 0
v -30.026 -1.853 0.28
v -30.026 -1.853 0
v -30.026 -2.441 0.28
v -30.026 -2.441 0

f -12 -15 -14
f -14 -13 -12
f -10 -9 -8
f -8 -9 -7
f -8 -7 -6
f -6 -7 -5
f -6 -5 -4
f -4 -5 -3
f -4 -3 -2
f -2 -3 -1

o Default b3E24
usemtl 0x8FBDB9
v -30.427 -1.441 0.28
v -30.133 -1.441 0.28
v -30.133 -0.853 0.28
v -30.427 -0.853 0.28
v -30.427 -1.441 0.28
v -30.427 -1.441 0.28
v -30.427 -1.441 0
v -30.133 -1.441 0.28
v -30.133 -1.441 0
v -30.133 -0.853 0.28
v -30.133 -0.853 0
v -30.427 -0.853 0.28
v -30.427 -0.853 0
v -30.427 -1.441 0.28
v -30.427 -1.441 0

f -12 -15 -14
f -14 -13 -12
f -10 -9 -8
f -8 -9 -7
f -8 -7 -6
f -6 -7 -5
f -6 -5 -4
f -4 -5 -3
f -4 -3 -2
f -2 -3 -1

o Default b3E20
usemtl 0x8FBDB9
v -30.427 -0.842 0.28
v -30.133 -0.842 0.28
v -30.133 -0.352 0.28
v -30.427 -0.352 0.28
v -30.427 -0.842 0.28
v -30.427 -0.842 0.28
v -30.427 -0.842 0
v -30.133 -0.842 0.28
v -30.133 -0.842 0
v -30.133 -0.352 0.28
v -30.133 -0.352 0
v -30.427 -0.352 0.28
v -30.427 -0.352 0
v -30.427 -0.842 0.28
v -30.427 -0.842 0

f -12 -15 -14
f -14 -13 -12
f -10 -9 -8
f -8 -9 -7
f -8 -7 -6
f -6 -7 -5
f -6 -5 -4
f -4 -5 -3
f -4 -3 -2
f -2 -3 -1

o Default b3F25
usemtl 0x8FBDB9
v -30.125 -1.441 0.28
v -29.635 -1.441 0.28
v -29.635 -0.804 0.28
v -30.125 -0.804 0.28
v -30.125 -1.441 0.28
v -30.125 -1.441 0.28
v -30.125 -1.441 0
v -29.635 -1.441 0.28
v -29.635 -1.441 0
v -29.635 -0.804 0.28
v -29.635 -0.804 0
v -30.125 -0.804 0.28
v -30.125 -0.804 0
v -30.125 -1.441 0.28
v -30.125 -1.441 0

f -12 -15 -14
f -14 -13 -12
f -10 -9 -8
f -8 -9 -7
f -8 -7 -6
f -6 -7 -5
f -6 -5 -4
f -4 -5 -3
f -4 -3 -2
f -2 -3 -1

o Default b3F21
usemtl 0x8FBDB9
v -30.125 -0.793 0.28
v -29.635 -0.793 0.28
v -29.635 -0.352 0.28
v -30.125 -0.352 0.28
v -30.125 -0.793 0.28
v -30.125 -0.793 0.28
v -30.125 -0.793 0
v -29.635 -0.793 0.28
v -29.635 -0.793 0
v -29.635 -0.352 0.28
v -29.635 -0.352 0
v -30.125 -0.352 0.28
v -30.125 -0.352 0
v -30.125 -0.793 0.28
v -30.125 -0.793 0

f -12 -15 -14
f -14 -13 -12
f -10 -9 -8
f -8 -9 -7
f -8 -7 -6
f -6 -7 -5
f -6 -5 -4
f -4 -5 -3
f -4 -3 -2
f -2 -3 -1

o Default b3F34
usemtl 0x8FBDB9
v -29.327 -3.041 0.28
v -29.082 -3.041 0.28
v -29.082 -2.453 0.28
v -29.327 -2.453 0.28
v -29.327 -3.041 0.28
v -29.327 -3.041 0.28
v -29.327 -3.041 0
v -29.082 -3.041 0.28
v -29.082 -3.041 0
v -29.082 -2.453 0.28
v -29.082 -2.453 0
v -29.327 -2.453 0.28
v -29.327 -2.453 0
v -29.327 -3.041 0.28
v -29.327 -3.041 0

f -12 -15 -14
f -14 -13 -12
f -10 -9 -8
f -8 -9 -7
f -8 -7 -6
f -6 -7 -5
f -6 -5 -4
f -4 -5 -3
f -4 -3 -2
f -2 -3 -1

o Default b3G35
usemtl 0x8FBDB9
v -29.077 -3.041 0.28
v -28.832 -3.041 0.28
v -28.832 -2.453 0.28
v -29.077 -2.453 0.28
v -29.077 -3.041 0.28
v -29.077 -3.041 0.28
v -29.077 -3.041 0
v -28.832 -3.041 0.28
v -28.832 -3.041 0
v -28.832 -2.453 0.28
v -28.832 -2.453 0
v -29.077 -2.453 0.28
v -29.077 -2.453 0
v -29.077 -3.041 0.28
v -29.077 -3.041 0

f -12 -15 -14
f -14 -13 -12
f -10 -9 -8
f -8 -9 -7
f -8 -7 -6
f -6 -7 -5
f -6 -5 -4
f -4 -5 -3
f -4 -3 -2
f -2 -3 -1

o Default b3F30-G31
usemtl 0x8FBDB9
v -29.325 -2.441 0.28
v -28.835 -2.441 0.28
v -28.835 -1.853 0.28
v -29.325 -1.853 0.28
v -29.325 -2.441 0.28
v -29.325 -2.441 0.28
v -29.325 -2.441 0
v -28.835 -2.441 0.28
v -28.835 -2.441 0
v -28.835 -1.853 0.28
v -28.835 -1.853 0
v -29.325 -1.853 0.28
v -29.325 -1.853 0
v -29.325 -2.441 0.28
v -29.325 -2.441 0

f -12 -15 -14
f -14 -13 -12
f -10 -9 -8
f -8 -9 -7
f -8 -7 -6
f -6 -7 -5
f -6 -5 -4
f -4 -5 -3
f -4 -3 -2
f -2 -3 -1

o Default b3F24-G25
usemtl 0x8FBDB9
v -29.325 -1.444 0.28
v -28.835 -1.444 0.28
v -28.835 -1.101 0.28
v -29.325 -1.101 0.28
v -29.325 -1.444 0.28
v -29.325 -1.444 0.28
v -29.325 -1.444 0
v -28.835 -1.444 0.28
v -28.835 -1.444 0
v -28.835 -1.101 0.28
v -28.835 -1.101 0
v -29.325 -1.101 0.28
v -29.325 -1.101 0
v -29.325 -1.444 0.28
v -29.325 -1.444 0

f -12 -15 -14
f -14 -13 -12
f -10 -9 -8
f -8 -9 -7
f -8 -7 -6
f -6 -7 -5
f -6 -5 -4
f -4 -5 -3
f -4 -3 -2
f -2 -3 -1

o Default b3F20
usemtl 0x8FBDB9
v -29.328 -1.09 0.28
v -29.132 -1.09 0.28
v -29.132 -0.355 0.28
v -29.328 -0.355 0.28
v -29.328 -1.09 0.28
v -29.328 -1.09 0.28
v -29.328 -1.09 0
v -29.132 -1.09 0.28
v -29.132 -1.09 0
v -29.132 -0.355 0.28
v -29.132 -0.355 0
v -29.328 -0.355 0.28
v -29.328 -0.355 0
v -29.328 -1.09 0.28
v -29.328 -1.09 0

f -12 -15 -14
f -14 -13 -12
f -10 -9 -8
f -8 -9 -7
f -8 -7 -6
f -6 -7 -5
f -6 -5 -4
f -4 -5 -3
f -4 -3 -2
f -2 -3 -1

o Default b3G21
usemtl 0x8FBDB9
v -29.127 -1.09 0.28
v -28.833 -1.09 0.28
v -28.833 -0.355 0.28
v -29.127 -0.355 0.28
v -29.127 -1.09 0.28
v -29.127 -1.09 0.28
v -29.127 -1.09 0
v -28.833 -1.09 0.28
v -28.833 -1.09 0
v -28.833 -0.355 0.28
v -28.833 -0.355 0
v -29.127 -0.355 0.28
v -29.127 -0.355 0
v -29.127 -1.09 0.28
v -29.127 -1.09 0

f -12 -15 -14
f -14 -13 -12
f -10 -9 -8
f -8 -9 -7
f -8 -7 -6
f -6 -7 -5
f -6 -5 -4
f -4 -5 -3
f -4 -3 -2
f -2 -3 -1

o Default b3G34
usemtl 0x8FBDB9
v -28.528 -3.044 0.28
v -28.332 -3.044 0.28
v -28.332 -2.701 0.28
v -28.528 -2.701 0.28
v -28.528 -3.044 0.28
v -28.528 -3.044 0.28
v -28.528 -3.044 0
v -28.332 -3.044 0.28
v -28.332 -3.044 0
v -28.332 -2.701 0.28
v -28.332 -2.701 0
v -28.528 -2.701 0.28
v -28.528 -2.701 0
v -28.528 -3.044 0.28
v -28.528 -3.044 0

f -12 -15 -14
f -14 -13 -12
f -10 -9 -8
f -8 -9 -7
f -8 -7 -6
f -6 -7 -5
f -6 -5 -4
f -4 -5 -3
f -4 -3 -2
f -2 -3 -1

o Default b3H31
usemtl 0x8FBDB9
v -28.325 -3.035 0.28
v -27.884 -3.035 0.28
v -27.884 -1.859 0.28
v -28.325 -1.859 0.28
v -28.325 -3.035 0.28
v -28.325 -3.035 0.28
v -28.325 -3.035 0
v -27.884 -3.035 0.28
v -27.884 -3.035 0
v -27.884 -1.859 0.28
v -27.884 -1.859 0
v -28.325 -1.859 0.28
v -28.325 -1.859 0
v -28.325 -3.035 0.28
v -28.325 -3.035 0

f -12 -15 -14
f -14 -13 -12
f -10 -9 -8
f -8 -9 -7
f -8 -7 -6
f -6 -7 -5
f -6 -5 -4
f -4 -5 -3
f -4 -3 -2
f -2 -3 -1

o Default b3G30
usemtl 0x8FBDB9
v -28.528 -2.441 0.28
v -28.332 -2.441 0.28
v -28.332 -1.853 0.28
v -28.528 -1.853 0.28
v -28.528 -2.441 0.28
v -28.528 -2.441 0.28
v -28.528 -2.441 0
v -28.332 -2.441 0.28
v -28.332 -2.441 0
v -28.332 -1.853 0.28
v -28.332 -1.853 0
v -28.528 -1.853 0.28
v -28.528 -1.853 0
v -28.528 -2.441 0.28
v -28.528 -2.441 0

f -12 -15 -14
f -14 -13 -12
f -10 -9 -8
f -8 -9 -7
f -8 -7 -6
f -6 -7 -5
f -6 -5 -4
f -4 -5 -3
f -4 -3 -2
f -2 -3 -1

o Default b3G20
usemtl 0x8FBDB9
v -28.527 -1.436 0.28
v -28.282 -1.436 0.28
v -28.282 -0.358 0.28
v -28.527 -0.358 0.28
v -28.527 -1.436 0.28
v -28.527 -1.436 0.28
v -28.527 -1.436 0
v -28.282 -1.436 0.28
v -28.282 -1.436 0
v -28.282 -0.358 0.28
v -28.282 -0.358 0
v -28.527 -0.358 0.28
v -28.527 -0.358 0
v -28.527 -1.436 0.28
v -28.527 -1.436 0

f -12 -15 -14
f -14 -13 -12
f -10 -9 -8
f -8 -9 -7
f -8 -7 -6
f -6 -7 -5
f -6 -5 -4
f -4 -5 -3
f -4 -3 -2
f -2 -3 -1

o Default b3H21
usemtl 0xFF9E4E
v -28.276 -1.436 0.28
v -27.884 -1.436 0.28
v -27.884 -0.358 0.28
v -28.276 -0.358 0.28
v -28.276 -1.436 0.28
v -28.276 -1.436 0.28
v -28.276 -1.436 0
v -27.884 -1.436 0.28
v -27.884 -1.436 0
v -27.884 -0.358 0.28
v -27.884 -0.358 0
v -28.276 -0.358 0.28
v -28.276 -0.358 0
v -28.276 -1.436 0.28
v -28.276 -1.436 0

f -12 -15 -14
f -14 -13 -12
f -10 -9 -8
f -8 -9 -7
f -8 -7 -6
f -6 -7 -5
f -6 -5 -4
f -4 -5 -3
f -4 -3 -2
f -2 -3 -1

o Default b3H34
usemtl 0x8FBDB9
v -27.476 -3.043 0.28
v -27.133 -3.043 0.28
v -27.133 -2.651 0.28
v -27.476 -2.651 0.28
v -27.476 -3.043 0.28
v -27.476 -3.043 0.28
v -27.476 -3.043 0
v -27.133 -3.043 0.28
v -27.133 -3.043 0
v -27.133 -2.651 0.28
v -27.133 -2.651 0
v -27.476 -2.651 0.28
v -27.476 -2.651 0
v -27.476 -3.043 0.28
v -27.476 -3.043 0

f -12 -15 -14
f -14 -13 -12
f -10 -9 -8
f -8 -9 -7
f -8 -7 -6
f -6 -7 -5
f -6 -5 -4
f -4 -5 -3
f -4 -3 -2
f -2 -3 -1

o Default b3J35
usemtl 0x8FBDB9
v -27.127 -3.044 0.28
v -26.833 -3.044 0.28
v -26.833 -2.75 0.28
v -27.127 -2.75 0.28
v -27.127 -3.044 0.28
v -27.127 -3.044 0.28
v -27.127 -3.044 0
v -26.833 -3.044 0.28
v -26.833 -3.044 0
v -26.833 -2.75 0.28
v -26.833 -2.75 0
v -27.127 -2.75 0.28
v -27.127 -2.75 0
v -27.127 -3.044 0.28
v -27.127 -3.044 0

f -12 -15 -14
f -14 -13 -12
f -10 -9 -8
f -8 -9 -7
f -8 -7 -6
f -6 -7 -5
f -6 -5 -4
f -4 -5 -3
f -4 -3 -2
f -2 -3 -1

o Default b3H30
usemtl 0x8FBDB9
v -27.476 -2.639 0.28
v -27.133 -2.639 0.28
v -27.133 -1.855 0.28
v -27.476 -1.855 0.28
v -27.476 -2.639 0.28
v -27.476 -2.639 0.28
v -27.476 -2.639 0
v -27.133 -2.639 0.28
v -27.133 -2.639 0
v -27.133 -1.855 0.28
v -27.133 -1.855 0
v -27.476 -1.855 0.28
v -27.476 -1.855 0
v -27.476 -2.639 0.28
v -27.476 -2.639 0

f -12 -15 -14
f -14 -13 -12
f -10 -9 -8
f -8 -9 -7
f -8 -7 -6
f -6 -7 -5
f -6 -5 -4
f -4 -5 -3
f -4 -3 -2
f -2 -3 -1

o Default b3J31
usemtl 0x8FBDB9
v -27.127 -2.738 0.28
v -26.833 -2.738 0.28
v -26.833 -1.856 0.28
v -27.127 -1.856 0.28
v -27.127 -2.738 0.28
v -27.127 -2.738 0.28
v -27.127 -2.738 0
v -26.833 -2.738 0.28
v -26.833 -2.738 0
v -26.833 -1.856 0.28
v -26.833 -1.856 0
v -27.127 -1.856 0.28
v -27.127 -1.856 0
v -27.127 -2.738 0.28
v -27.127 -2.738 0

f -12 -15 -14
f -14 -13 -12
f -10 -9 -8
f -8 -9 -7
f -8 -7 -6
f -6 -7 -5
f -6 -5 -4
f -4 -5 -3
f -4 -3 -2
f -2 -3 -1

o Default b3H20-J21
usemtl 0x8FBDB9
v -27.474 -1.436 0.28
v -26.935 -1.436 0.28
v -26.935 -0.358 0.28
v -27.474 -0.358 0.28
v -27.474 -1.436 0.28
v -27.474 -1.436 0.28
v -27.474 -1.436 0
v -26.935 -1.436 0.28
v -26.935 -1.436 0
v -26.935 -0.358 0.28
v -26.935 -0.358 0
v -27.474 -0.358 0.28
v -27.474 -0.358 0
v -27.474 -1.436 0.28
v -27.474 -1.436 0

f -12 -15 -14
f -14 -13 -12
f -10 -9 -8
f -8 -9 -7
f -8 -7 -6
f -6 -7 -5
f -6 -5 -4
f -4 -5 -3
f -4 -3 -2
f -2 -3 -1

o Default b3J24-K25
usemtl 0x8FBDB9
v -26.672 -1.443 0.28
v -25.888 -1.443 0.28
v -25.888 -1.051 0.28
v -26.672 -1.051 0.28
v -26.672 -1.443 0.28
v -26.672 -1.443 0.28
v -26.672 -1.443 0
v -25.888 -1.443 0.28
v -25.888 -1.443 0
v -25.888 -1.051 0.28
v -25.888 -1.051 0
v -26.672 -1.051 0.28
v -26.672 -1.051 0
v -26.672 -1.443 0.28
v -26.672 -1.443 0

f -12 -15 -14
f -14 -13 -12
f -10 -9 -8
f -8 -9 -7
f -8 -7 -6
f -6 -7 -5
f -6 -5 -4
f -4 -5 -3
f -4 -3 -2
f -2 -3 -1

o Default b3J20-K21
usemtl 0x8FBDB9
v -26.672 -1.04 0.28
v -25.888 -1.04 0.28
v -25.888 -0.354 0.28
v -26.672 -0.354 0.28
v -26.672 -1.04 0.28
v -26.672 -1.04 0.28
v -26.672 -1.04 0
v -25.888 -1.04 0.28
v -25.888 -1.04 0
v -25.888 -0.354 0.28
v -25.888 -0.354 0
v -26.672 -0.354 0.28
v -26.672 -0.354 0
v -26.672 -1.04 0.28
v -26.672 -1.04 0

f -12 -15 -14
f -14 -13 -12
f -10 -9 -8
f -8 -9 -7
f -8 -7 -6
f -6 -7 -5
f -6 -5 -4
f -4 -5 -3
f -4 -3 -2
f -2 -3 -1

o Default b3J30
usemtl 0x8FBDB9
v -26.527 -3.035 0.28
v -26.233 -3.035 0.28
v -26.233 -1.859 0.28
v -26.527 -1.859 0.28
v -26.527 -3.035 0.28
v -26.527 -3.035 0.28
v -26.527 -3.035 0
v -26.233 -3.035 0.28
v -26.233 -3.035 0
v -26.233 -1.859 0.28
v -26.233 -1.859 0
v -26.527 -1.859 0.28
v -26.527 -1.859 0
v -26.527 -3.035 0.28
v -26.527 -3.035 0

f -12 -15 -14
f -14 -13 -12
f -10 -9 -8
f -8 -9 -7
f -8 -7 -6
f -6 -7 -5
f -6 -5 -4
f -4 -5 -3
f -4 -3 -2
f -2 -3 -1

o Default b3K31
usemtl 0x8FBDB9
v -26.226 -3.035 0.28
v -25.883 -3.035 0.28
v -25.883 -1.859 0.28
v -26.226 -1.859 0.28
v -26.226 -3.035 0.28
v -26.226 -3.035 0.28
v -26.226 -3.035 0
v -25.883 -3.035 0.28
v -25.883 -3.035 0
v -25.883 -1.859 0.28
v -25.883 -1.859 0
v -26.226 -1.859 0.28
v -26.226 -1.859 0
v -26.226 -3.035 0.28
v -26.226 -3.035 0

f -12 -15 -14
f -14 -13 -12
f -10 -9 -8
f -8 -9 -7
f -8 -7 -6
f -6 -7 -5
f -6 -5 -4
f -4 -5 -3
f -4 -3 -2
f -2 -3 -1

o Default b3A18
usemtl 0x8FBDB9
v -33.578 -0.044 0.28
v -33.382 -0.044 0.28
v -33.382 0.25 0.28
v -33.578 0.25 0.28
v -33.578 -0.044 0.28
v -33.578 -0.044 0.28
v -33.578 -0.044 0
v -33.382 -0.044 0.28
v -33.382 -0.044 0
v -33.382 0.25 0.28
v -33.382 0.25 0
v -33.578 0.25 0.28
v -33.578 0.25 0
v -33.578 -0.044 0.28
v -33.578 -0.044 0

f -12 -15 -14
f -14 -13 -12
f -10 -9 -8
f -8 -9 -7
f -8 -7 -6
f -6 -7 -5
f -6 -5 -4
f -4 -5 -3
f -4 -3 -2
f -2 -3 -1

o Default b3B19
usemtl 0x8FBDB9
v -33.377 -0.044 0.28
v -33.083 -0.044 0.28
v -33.083 0.25 0.28
v -33.377 0.25 0.28
v -33.377 -0.044 0.28
v -33.377 -0.044 0.28
v -33.377 -0.044 0
v -33.083 -0.044 0.28
v -33.083 -0.044 0
v -33.083 0.25 0.28
v -33.083 0.25 0
v -33.377 0.25 0.28
v -33.377 0.25 0
v -33.377 -0.044 0.28
v -33.377 -0.044 0

f -12 -15 -14
f -14 -13 -12
f -10 -9 -8
f -8 -9 -7
f -8 -7 -6
f -6 -7 -5
f -6 -5 -4
f -4 -5 -3
f -4 -3 -2
f -2 -3 -1

o Default b3A16
usemtl 0x8FBDB9
v -33.577 0.256 0.28
v -33.332 0.256 0.28
v -33.332 0.55 0.28
v -33.577 0.55 0.28
v -33.577 0.256 0.28
v -33.577 0.256 0.28
v -33.577 0.256 0
v -33.332 0.256 0.28
v -33.332 0.256 0
v -33.332 0.55 0.28
v -33.332 0.55 0
v -33.577 0.55 0.28
v -33.577 0.55 0
v -33.577 0.256 0.28
v -33.577 0.256 0

f -12 -15 -14
f -14 -13 -12
f -10 -9 -8
f -8 -9 -7
f -8 -7 -6
f -6 -7 -5
f -6 -5 -4
f -4 -5 -3
f -4 -3 -2
f -2 -3 -1

o Default b3B17
usemtl 0x8FBDB9
v -33.327 0.256 0.28
v -33.082 0.256 0.28
v -33.082 0.55 0.28
v -33.327 0.55 0.28
v -33.327 0.256 0.28
v -33.327 0.256 0.28
v -33.327 0.256 0
v -33.082 0.256 0.28
v -33.082 0.256 0
v -33.082 0.55 0.28
v -33.082 0.55 0
v -33.327 0.55 0.28
v -33.327 0.55 0
v -33.327 0.256 0.28
v -33.327 0.256 0

f -12 -15 -14
f -14 -13 -12
f -10 -9 -8
f -8 -9 -7
f -8 -7 -6
f -6 -7 -5
f -6 -5 -4
f -4 -5 -3
f -4 -3 -2
f -2 -3 -1

o Default b3A14
usemtl 0x8FBDB9
v -33.578 0.757 0.28
v -33.382 0.757 0.28
v -33.382 1.149 0.28
v -33.578 1.149 0.28
v -33.578 0.757 0.28
v -33.578 0.757 0.28
v -33.578 0.757 0
v -33.382 0.757 0.28
v -33.382 0.757 0
v -33.382 1.149 0.28
v -33.382 1.149 0
v -33.578 1.149 0.28
v -33.578 1.149 0
v -33.578 0.757 0.28
v -33.578 0.757 0

f -12 -15 -14
f -14 -13 -12
f -10 -9 -8
f -8 -9 -7
f -8 -7 -6
f -6 -7 -5
f -6 -5 -4
f -4 -5 -3
f -4 -3 -2
f -2 -3 -1

o Default b3B15
usemtl 0x8FBDB9
v -33.377 0.757 0.28
v -33.083 0.757 0.28
v -33.083 1.149 0.28
v -33.377 1.149 0.28
v -33.377 0.757 0.28
v -33.377 0.757 0.28
v -33.377 0.757 0
v -33.083 0.757 0.28
v -33.083 0.757 0
v -33.083 1.149 0.28
v -33.083 1.149 0
v -33.377 1.149 0.28
v -33.377 1.149 0
v -33.377 0.757 0.28
v -33.377 0.757 0

f -12 -15 -14
f -14 -13 -12
f -10 -9 -8
f -8 -9 -7
f -8 -7 -6
f -6 -7 -5
f -6 -5 -4
f -4 -5 -3
f -4 -3 -2
f -2 -3 -1

o Default b3A10-B11
usemtl 0x8FBDB9
v -33.575 1.159 0.28
v -33.085 1.159 0.28
v -33.085 1.747 0.28
v -33.575 1.747 0.28
v -33.575 1.159 0.28
v -33.575 1.159 0.28
v -33.575 1.159 0
v -33.085 1.159 0.28
v -33.085 1.159 0
v -33.085 1.747 0.28
v -33.085 1.747 0
v -33.575 1.747 0.28
v -33.575 1.747 0
v -33.575 1.159 0.28
v -33.575 1.159 0

f -12 -15 -14
f -14 -13 -12
f -10 -9 -8
f -8 -9 -7
f -8 -7 -6
f -6 -7 -5
f -6 -5 -4
f -4 -5 -3
f -4 -3 -2
f -2 -3 -1

o Default b3A11
usemtl 0x8FBDB9
v -34.177 0.411 0.28
v -33.883 0.411 0.28
v -33.883 1.244 0.28
v -34.177 1.244 0.28
v -34.177 0.411 0.28
v -34.177 0.411 0.28
v -34.177 0.411 0
v -33.883 0.411 0.28
v -33.883 0.411 0
v -33.883 1.244 0.28
v -33.883 1.244 0
v -34.177 1.244 0.28
v -34.177 1.244 0
v -34.177 0.411 0.28
v -34.177 0.411 0

f -12 -15 -14
f -14 -13 -12
f -10 -9 -8
f -8 -9 -7
f -8 -7 -6
f -6 -7 -5
f -6 -5 -4
f -4 -5 -3
f -4 -3 -2
f -2 -3 -1

o Default b3B18
usemtl 0x8FBDB9
v -32.827 -0.041 0.28
v -32.533 -0.041 0.28
v -32.533 0.547 0.28
v -32.827 0.547 0.28
v -32.827 -0.041 0.28
v -32.827 -0.041 0.28
v -32.827 -0.041 0
v -32.533 -0.041 0.28
v -32.533 -0.041 0
v -32.533 0.547 0.28
v -32.533 0.547 0
v -32.827 0.547 0.28
v -32.827 0.547 0
v -32.827 -0.041 0.28
v -32.827 -0.041 0

f -12 -15 -14
f -14 -13 -12
f -10 -9 -8
f -8 -9 -7
f -8 -7 -6
f -6 -7 -5
f -6 -5 -4
f -4 -5 -3
f -4 -3 -2
f -2 -3 -1

o Default b3C19
usemtl 0x8FBDB9
v -32.527 -0.044 0.28
v -32.233 -0.044 0.28
v -32.233 0.25 0.28
v -32.527 0.25 0.28
v -32.527 -0.044 0.28
v -32.527 -0.044 0.28
v -32.527 -0.044 0
v -32.233 -0.044 0.28
v -32.233 -0.044 0
v -32.233 0.25 0.28
v -32.233 0.25 0
v -32.527 0.25 0.28
v -32.527 0.25 0
v -32.527 -0.044 0.28
v -32.527 -0.044 0

f -12 -15 -14
f -14 -13 -12
f -10 -9 -8
f -8 -9 -7
f -8 -7 -6
f -6 -7 -5
f -6 -5 -4
f -4 -5 -3
f -4 -3 -2
f -2 -3 -1

o Default b3C17
usemtl 0x8FBDB9
v -32.527 0.256 0.28
v -32.233 0.256 0.28
v -32.233 0.55 0.28
v -32.527 0.55 0.28
v -32.527 0.256 0.28
v -32.527 0.256 0.28
v -32.527 0.256 0
v -32.233 0.256 0.28
v -32.233 0.256 0
v -32.233 0.55 0.28
v -32.233 0.55 0
v -32.527 0.55 0.28
v -32.527 0.55 0
v -32.527 0.256 0.28
v -32.527 0.256 0

f -12 -15 -14
f -14 -13 -12
f -10 -9 -8
f -8 -9 -7
f -8 -7 -6
f -6 -7 -5
f -6 -5 -4
f -4 -5 -3
f -4 -3 -2
f -2 -3 -1

o Default b3B14-C15
usemtl 0x8FBDB9
v -32.823 0.755 0.28
v -32.186 0.755 0.28
v -32.186 0.951 0.28
v -32.823 0.951 0.28
v -32.823 0.755 0.28
v -32.823 0.755 0.28
v -32.823 0.755 0
v -32.186 0.755 0.28
v -32.186 0.755 0
v -32.186 0.951 0.28
v -32.186 0.951 0
v -32.823 0.951 0.28
v -32.823 0.951 0
v -32.823 0.755 0.28
v -32.823 0.755 0

f -12 -15 -14
f -14 -13 -12
f -10 -9 -8
f -8 -9 -7
f -8 -7 -6
f -6 -7 -5
f -6 -5 -4
f -4 -5 -3
f -4 -3 -2
f -2 -3 -1

o Default b3B10-C11
usemtl 0x8FBDB9
v -32.823 0.961 0.28
v -32.186 0.961 0.28
v -32.186 1.745 0.28
v -32.823 1.745 0.28
v -32.823 0.961 0.28
v -32.823 0.961 0.28
v -32.823 0.961 0
v -32.186 0.961 0.28
v -32.186 0.961 0
v -32.186 1.745 0.28
v -32.186 1.745 0
v -32.823 1.745 0.28
v -32.823 1.745 0
v -32.823 0.961 0.28
v -32.823 0.961 0

f -12 -15 -14
f -14 -13 -12
f -10 -9 -8
f -8 -9 -7
f -8 -7 -6
f -6 -7 -5
f -6 -5 -4
f -4 -5 -3
f -4 -3 -2
f -2 -3 -1

o Default b3C18
usemtl 0x8FBDB9
v -31.926 -0.044 0.28
v -31.534 -0.044 0.28
v -31.534 0.299 0.28
v -31.926 0.299 0.28
v -31.926 -0.044 0.28
v -31.926 -0.044 0.28
v -31.926 -0.044 0
v -31.534 -0.044 0.28
v -31.534 -0.044 0
v -31.534 0.299 0.28
v -31.534 0.299 0
v -31.926 0.299 0.28
v -31.926 0.299 0
v -31.926 -0.044 0.28
v -31.926 -0.044 0

f -12 -15 -14
f -14 -13 -12
f -10 -9 -8
f -8 -9 -7
f -8 -7 -6
f -6 -7 -5
f -6 -5 -4
f -4 -5 -3
f -4 -3 -2
f -2 -3 -1

o Default b3C16
usemtl 0x8FBDB9
v -31.926 0.305 0.28
v -31.534 0.305 0.28
v -31.534 0.55 0.28
v -31.926 0.55 0.28
v -31.926 0.305 0.28
v -31.926 0.305 0.28
v -31.926 0.305 0
v -31.534 0.305 0.28
v -31.534 0.305 0
v -31.534 0.55 0.28
v -31.534 0.55 0
v -31.926 0.55 0.28
v -31.926 0.55 0
v -31.926 0.305 0.28
v -31.926 0.305 0

f -12 -15 -14
f -14 -13 -12
f -10 -9 -8
f -8 -9 -7
f -8 -7 -6
f -6 -7 -5
f -6 -5 -4
f -4 -5 -3
f -4 -3 -2
f -2 -3 -1

o Default b3D19
usemtl 0x8FBDB9
v -31.528 -0.044 0.28
v -31.332 -0.044 0.28
v -31.332 0.25 0.28
v -31.528 0.25 0.28
v -31.528 -0.044 0.28
v -31.528 -0.044 0.28
v -31.528 -0.044 0
v -31.332 -0.044 0.28
v -31.332 -0.044 0
v -31.332 0.25 0.28
v -31.332 0.25 0
v -31.528 0.25 0.28
v -31.528 0.25 0
v -31.528 -0.044 0.28
v -31.528 -0.044 0

f -12 -15 -14
f -14 -13 -12
f -10 -9 -8
f -8 -9 -7
f -8 -7 -6
f -6 -7 -5
f -6 -5 -4
f -4 -5 -3
f -4 -3 -2
f -2 -3 -1

o Default b3D17
usemtl 0x8FBDB9
v -31.528 0.256 0.28
v -31.332 0.256 0.28
v -31.332 0.55 0.28
v -31.528 0.55 0.28
v -31.528 0.256 0.28
v -31.528 0.256 0.28
v -31.528 0.256 0
v -31.332 0.256 0.28
v -31.332 0.256 0
v -31.332 0.55 0.28
v -31.332 0.55 0
v -31.528 0.55 0.28
v -31.528 0.55 0
v -31.528 0.256 0.28
v -31.528 0.256 0

f -12 -15 -14
f -14 -13 -12
f -10 -9 -8
f -8 -9 -7
f -8 -7 -6
f -6 -7 -5
f -6 -5 -4
f -4 -5 -3
f -4 -3 -2
f -2 -3 -1

o Default b3C14-D15
usemtl 0x8FBDB9
v -31.924 0.756 0.28
v -31.336 0.756 0.28
v -31.336 1.05 0.28
v -31.924 1.05 0.28
v -31.924 0.756 0.28
v -31.924 0.756 0.28
v -31.924 0.756 0
v -31.336 0.756 0.28
v -31.336 0.756 0
v -31.336 1.05 0.28
v -31.336 1.05 0
v -31.924 1.05 0.28
v -31.924 1.05 0
v -31.924 0.756 0.28
v -31.924 0.756 0

f -12 -15 -14
f -14 -13 -12
f -10 -9 -8
f -8 -9 -7
f -8 -7 -6
f -6 -7 -5
f -6 -5 -4
f -4 -5 -3
f -4 -3 -2
f -2 -3 -1

o Default b3C10
usemtl 0x8FBDB9
v -31.928 1.06 0.28
v -31.732 1.06 0.28
v -31.732 1.746 0.28
v -31.928 1.746 0.28
v -31.928 1.06 0.28
v -31.928 1.06 0.28
v -31.928 1.06 0
v -31.732 1.06 0.28
v -31.732 1.06 0
v -31.732 1.746 0.28
v -31.732 1.746 0
v -31.928 1.746 0.28
v -31.928 1.746 0
v -31.928 1.06 0.28
v -31.928 1.06 0

f -12 -15 -14
f -14 -13 -12
f -10 -9 -8
f -8 -9 -7
f -8 -7 -6
f -6 -7 -5
f -6 -5 -4
f -4 -5 -3
f -4 -3 -2
f -2 -3 -1

o Default b3D11
usemtl 0x8FBDB9
v -31.726 1.06 0.28
v -31.334 1.06 0.28
v -31.334 1.746 0.28
v -31.726 1.746 0.28
v -31.726 1.06 0.28
v -31.726 1.06 0.28
v -31.726 1.06 0
v -31.334 1.06 0.28
v -31.334 1.06 0
v -31.334 1.746 0.28
v -31.334 1.746 0
v -31.726 1.746 0.28
v -31.726 1.746 0
v -31.726 1.06 0.28
v -31.726 1.06 0

f -12 -15 -14
f -14 -13 -12
f -10 -9 -8
f -8 -9 -7
f -8 -7 -6
f -6 -7 -5
f -6 -5 -4
f -4 -5 -3
f -4 -3 -2
f -2 -3 -1

o Default b3D16
usemtl 0x8FBDB9
v -31.128 -0.043 0.28
v -30.932 -0.043 0.28
v -30.932 0.349 0.28
v -31.128 0.349 0.28
v -31.128 -0.043 0.28
v -31.128 -0.043 0.28
v -31.128 -0.043 0
v -30.932 -0.043 0.28
v -30.932 -0.043 0
v -30.932 0.349 0.28
v -30.932 0.349 0
v -31.128 0.349 0.28
v -31.128 0.349 0
v -31.128 -0.043 0.28
v -31.128 -0.043 0

f -12 -15 -14
f -14 -13 -12
f -10 -9 -8
f -8 -9 -7
f -8 -7 -6
f -6 -7 -5
f -6 -5 -4
f -4 -5 -3
f -4 -3 -2
f -2 -3 -1

o Default b3E17
usemtl 0x8FBDB9
v -30.928 -0.044 0.28
v -30.732 -0.044 0.28
v -30.732 0.25 0.28
v -30.928 0.25 0.28
v -30.928 -0.044 0.28
v -30.928 -0.044 0.28
v -30.928 -0.044 0
v -30.732 -0.044 0.28
v -30.732 -0.044 0
v -30.732 0.25 0.28
v -30.732 0.25 0
v -30.928 0.25 0.28
v -30.928 0.25 0
v -30.928 -0.044 0.28
v -30.928 -0.044 0

f -12 -15 -14
f -14 -13 -12
f -10 -9 -8
f -8 -9 -7
f -8 -7 -6
f -6 -7 -5
f -6 -5 -4
f -4 -5 -3
f -4 -3 -2
f -2 -3 -1

o Default b3D14
usemtl 0x8FBDB9
v -31.128 0.355 0.28
v -30.932 0.355 0.28
v -30.932 0.551 0.28
v -31.128 0.551 0.28
v -31.128 0.355 0.28
v -31.128 0.355 0.28
v -31.128 0.355 0
v -30.932 0.355 0.28
v -30.932 0.355 0
v -30.932 0.551 0.28
v -30.932 0.551 0
v -31.128 0.551 0.28
v -31.128 0.551 0
v -31.128 0.355 0.28
v -31.128 0.355 0

f -12 -15 -14
f -14 -13 -12
f -10 -9 -8
f -8 -9 -7
f -8 -7 -6
f -6 -7 -5
f -6 -5 -4
f -4 -5 -3
f -4 -3 -2
f -2 -3 -1

o Default b3E15
usemtl 0x8FBDB9
v -30.928 0.256 0.28
v -30.732 0.256 0.28
v -30.732 0.599 0.28
v -30.928 0.599 0.28
v -30.928 0.256 0.28
v -30.928 0.256 0.28
v -30.928 0.256 0
v -30.732 0.256 0.28
v -30.732 0.256 0
v -30.732 0.599 0.28
v -30.732 0.599 0
v -30.928 0.599 0.28
v -30.928 0.599 0
v -30.928 0.256 0.28
v -30.928 0.256 0

f -12 -15 -14
f -14 -13 -12
f -10 -9 -8
f -8 -9 -7
f -8 -7 -6
f -6 -7 -5
f -6 -5 -4
f -4 -5 -3
f -4 -3 -2
f -2 -3 -1

o Default b3D12
usemtl 0x8FBDB9
v -31.128 0.558 0.28
v -30.932 0.558 0.28
v -30.932 1.048 0.28
v -31.128 1.048 0.28
v -31.128 0.558 0.28
v -31.128 0.558 0.28
v -31.128 0.558 0
v -30.932 0.558 0.28
v -30.932 0.558 0
v -30.932 1.048 0.28
v -30.932 1.048 0
v -31.128 1.048 0.28
v -31.128 1.048 0
v -31.128 0.558 0.28
v -31.128 0.558 0

f -12 -15 -14
f -14 -13 -12
f -10 -9 -8
f -8 -9 -7
f -8 -7 -6
f -6 -7 -5
f -6 -5 -4
f -4 -5 -3
f -4 -3 -2
f -2 -3 -1

o Default b3D10
usemtl 0x8FBDB9
v -31.128 1.06 0.28
v -30.932 1.06 0.28
v -30.932 1.746 0.28
v -31.128 1.746 0.28
v -31.128 1.06 0.28
v -31.128 1.06 0.28
v -31.128 1.06 0
v -30.932 1.06 0.28
v -30.932 1.06 0
v -30.932 1.746 0.28
v -30.932 1.746 0
v -31.128 1.746 0.28
v -31.128 1.746 0
v -31.128 1.06 0.28
v -31.128 1.06 0

f -12 -15 -14
f -14 -13 -12
f -10 -9 -8
f -8 -9 -7
f -8 -7 -6
f -6 -7 -5
f -6 -5 -4
f -4 -5 -3
f -4 -3 -2
f -2 -3 -1

o Default b3E11
usemtl 0x8FBDB9
v -30.928 0.614 0.28
v -30.732 0.614 0.28
v -30.732 1.741 0.28
v -30.928 1.741 0.28
v -30.928 0.614 0.28
v -30.928 0.614 0.28
v -30.928 0.614 0
v -30.732 0.614 0.28
v -30.732 0.614 0
v -30.732 1.741 0.28
v -30.732 1.741 0
v -30.928 1.741 0.28
v -30.928 1.741 0
v -30.928 0.614 0.28
v -30.928 0.614 0

f -12 -15 -14
f -14 -13 -12
f -10 -9 -8
f -8 -9 -7
f -8 -7 -6
f -6 -7 -5
f -6 -5 -4
f -4 -5 -3
f -4 -3 -2
f -2 -3 -1

o Default b3E14
usemtl 0x8FBDB9
v -30.426 -0.037 0.28
v -30.034 -0.037 0.28
v -30.034 0.943 0.28
v -30.426 0.943 0.28
v -30.426 -0.037 0.28
v -30.426 -0.037 0.28
v -30.426 -0.037 0
v -30.034 -0.037 0.28
v -30.034 -0.037 0
v -30.034 0.943 0.28
v -30.034 0.943 0
v -30.426 0.943 0.28
v -30.426 0.943 0
v -30.426 -0.037 0.28
v -30.426 -0.037 0

f -12 -15 -14
f -14 -13 -12
f -10 -9 -8
f -8 -9 -7
f -8 -7 -6
f -6 -7 -5
f -6 -5 -4
f -4 -5 -3
f -4 -3 -2
f -2 -3 -1

o Default b3F15
usemtl 0x8FBDB9
v -30.026 -0.037 0.28
v -29.634 -0.037 0.28
v -29.634 0.943 0.28
v -30.026 0.943 0.28
v -30.026 -0.037 0.28
v -30.026 -0.037 0.28
v -30.026 -0.037 0
v -29.634 -0.037 0.28
v -29.634 -0.037 0
v -29.634 0.943 0.28
v -29.634 0.943 0
v -30.026 0.943 0.28
v -30.026 0.943 0
v -30.026 -0.037 0.28
v -30.026 -0.037 0

f -12 -15 -14
f -14 -13 -12
f -10 -9 -8
f -8 -9 -7
f -8 -7 -6
f -6 -7 -5
f -6 -5 -4
f -4 -5 -3
f -4 -3 -2
f -2 -3 -1

o Default b3E10-F11
usemtl 0x8FBDB9
v -30.422 0.961 0.28
v -29.638 0.961 0.28
v -29.638 1.745 0.28
v -30.422 1.745 0.28
v -30.422 0.961 0.28
v -30.422 0.961 0.28
v -30.422 0.961 0
v -29.638 0.961 0.28
v -29.638 0.961 0
v -29.638 1.745 0.28
v -29.638 1.745 0
v -30.422 1.745 0.28
v -30.422 1.745 0
v -30.422 0.961 0.28
v -30.422 0.961 0

f -12 -15 -14
f -14 -13 -12
f -10 -9 -8
f -8 -9 -7
f -8 -7 -6
f -6 -7 -5
f -6 -5 -4
f -4 -5 -3
f -4 -3 -2
f -2 -3 -1

o Default b3F14
usemtl 0x8FBDB9
v -29.327 -0.041 0.28
v -29.082 -0.041 0.28
v -29.082 0.596 0.28
v -29.327 0.596 0.28
v -29.327 -0.041 0.28
v -29.327 -0.041 0.28
v -29.327 -0.041 0
v -29.082 -0.041 0.28
v -29.082 -0.041 0
v -29.082 0.596 0.28
v -29.082 0.596 0
v -29.327 0.596 0.28
v -29.327 0.596 0
v -29.327 -0.041 0.28
v -29.327 -0.041 0

f -12 -15 -14
f -14 -13 -12
f -10 -9 -8
f -8 -9 -7
f -8 -7 -6
f -6 -7 -5
f -6 -5 -4
f -4 -5 -3
f -4 -3 -2
f -2 -3 -1

o Default b3G15
usemtl 0x8FBDB9
v -29.077 -0.037 0.28
v -28.832 -0.037 0.28
v -28.832 0.943 0.28
v -29.077 0.943 0.28
v -29.077 -0.037 0.28
v -29.077 -0.037 0.28
v -29.077 -0.037 0
v -28.832 -0.037 0.28
v -28.832 -0.037 0
v -28.832 0.943 0.28
v -28.832 0.943 0
v -29.077 0.943 0.28
v -29.077 0.943 0
v -29.077 -0.037 0.28
v -29.077 -0.037 0

f -12 -15 -14
f -14 -13 -12
f -10 -9 -8
f -8 -9 -7
f -8 -7 -6
f -6 -7 -5
f -6 -5 -4
f -4 -5 -3
f -4 -3 -2
f -2 -3 -1

o Default b3F12
usemtl 0x8FBDB9
v -29.327 0.606 0.28
v -29.082 0.606 0.28
v -29.082 0.949 0.28
v -29.327 0.949 0.28
v -29.327 0.606 0.28
v -29.327 0.606 0.28
v -29.327 0.606 0
v -29.082 0.606 0.28
v -29.082 0.606 0
v -29.082 0.949 0.28
v -29.082 0.949 0
v -29.327 0.949 0.28
v -29.327 0.949 0
v -29.327 0.606 0.28
v -29.327 0.606 0

f -12 -15 -14
f -14 -13 -12
f -10 -9 -8
f -8 -9 -7
f -8 -7 -6
f -6 -7 -5
f -6 -5 -4
f -4 -5 -3
f -4 -3 -2
f -2 -3 -1

o Default b3F10-G11
usemtl 0x8FBDB9
v -29.325 0.961 0.28
v -28.835 0.961 0.28
v -28.835 1.745 0.28
v -29.325 1.745 0.28
v -29.325 0.961 0.28
v -29.325 0.961 0.28
v -29.325 0.961 0
v -28.835 0.961 0.28
v -28.835 0.961 0
v -28.835 1.745 0.28
v -28.835 1.745 0
v -29.325 1.745 0.28
v -29.325 1.745 0
v -29.325 0.961 0.28
v -29.325 0.961 0

f -12 -15 -14
f -14 -13 -12
f -10 -9 -8
f -8 -9 -7
f -8 -7 -6
f -6 -7 -5
f -6 -5 -4
f -4 -5 -3
f -4 -3 -2
f -2 -3 -1

o Default b3G10-H11
usemtl 0x8FBDB9
v -28.474 -0.029 0.28
v -27.886 -0.029 0.28
v -27.886 1.735 0.28
v -28.474 1.735 0.28
v -28.474 -0.029 0.28
v -28.474 -0.029 0.28
v -28.474 -0.029 0
v -27.886 -0.029 0.28
v -27.886 -0.029 0
v -27.886 1.735 0.28
v -27.886 1.735 0
v -28.474 1.735 0.28
v -28.474 1.735 0
v -28.474 -0.029 0.28
v -28.474 -0.029 0

f -12 -15 -14
f -14 -13 -12
f -10 -9 -8
f -8 -9 -7
f -8 -7 -6
f -6 -7 -5
f -6 -5 -4
f -4 -5 -3
f -4 -3 -2
f -2 -3 -1

o Default b3H14
usemtl 0x8FBDB9
v -27.477 -0.042 0.28
v -27.232 -0.042 0.28
v -27.232 0.448 0.28
v -27.477 0.448 0.28
v -27.477 -0.042 0.28
v -27.477 -0.042 0.28
v -27.477 -0.042 0
v -27.232 -0.042 0.28
v -27.232 -0.042 0
v -27.232 0.448 0.28
v -27.232 0.448 0
v -27.477 0.448 0.28
v -27.477 0.448 0
v -27.477 -0.042 0.28
v -27.477 -0.042 0

f -12 -15 -14
f -14 -13 -12
f -10 -9 -8
f -8 -9 -7
f -8 -7 -6
f -6 -7 -5
f -6 -5 -4
f -4 -5 -3
f -4 -3 -2
f -2 -3 -1

o Default b3J15
usemtl 0x8FBDB9
v -27.227 -0.042 0.28
v -26.933 -0.042 0.28
v -26.933 0.448 0.28
v -27.227 0.448 0.28
v -27.227 -0.042 0.28
v -27.227 -0.042 0.28
v -27.227 -0.042 0
v -26.933 -0.042 0.28
v -26.933 -0.042 0
v -26.933 0.448 0.28
v -26.933 0.448 0
v -27.227 0.448 0.28
v -27.227 0.448 0
v -27.227 -0.042 0.28
v -27.227 -0.042 0

f -12 -15 -14
f -14 -13 -12
f -10 -9 -8
f -8 -9 -7
f -8 -7 -6
f -6 -7 -5
f -6 -5 -4
f -4 -5 -3
f -4 -3 -2
f -2 -3 -1

o Default b3H10-J11
usemtl 0x8FBDB9
v -27.474 0.664 0.28
v -26.935 0.664 0.28
v -26.935 1.742 0.28
v -27.474 1.742 0.28
v -27.474 0.664 0.28
v -27.474 0.664 0.28
v -27.474 0.664 0
v -26.935 0.664 0.28
v -26.935 0.664 0
v -26.935 1.742 0.28
v -26.935 1.742 0
v -27.474 1.742 0.28
v -27.474 1.742 0
v -27.474 0.664 0.28
v -27.474 0.664 0

f -12 -15 -14
f -14 -13 -12
f -10 -9 -8
f -8 -9 -7
f -8 -7 -6
f -6 -7 -5
f -6 -5 -4
f -4 -5 -3
f -4 -3 -2
f -2 -3 -1

o Default b3J10-K11
usemtl 0x8FBDB9
v -26.672 -0.029 0.28
v -25.888 -0.029 0.28
v -25.888 1.735 0.28
v -26.672 1.735 0.28
v -26.672 -0.029 0.28
v -26.672 -0.029 0.28
v -26.672 -0.029 0
v -25.888 -0.029 0.28
v -25.888 -0.029 0
v -25.888 1.735 0.28
v -25.888 1.735 0
v -26.672 1.735 0.28
v -26.672 1.735 0
v -26.672 -0.029 0.28
v -26.672 -0.029 0

f -12 -15 -14
f -14 -13 -12
f -10 -9 -8
f -8 -9 -7
f -8 -7 -6
f -6 -7 -5
f -6 -5 -4
f -4 -5 -3
f -4 -3 -2
f -2 -3 -1

o Default b3A01
usemtl 0x8FBDB9
v -34.177 2.107 0.28
v -33.883 2.107 0.28
v -33.883 2.499 0.28
v -34.177 2.499 0.28
v -34.177 2.107 0.28
v -34.177 2.107 0.28
v -34.177 2.107 0
v -33.883 2.107 0.28
v -33.883 2.107 0
v -33.883 2.499 0.28
v -33.883 2.499 0
v -34.177 2.499 0.28
v -34.177 2.499 0
v -34.177 2.107 0.28
v -34.177 2.107 0

f -12 -15 -14
f -14 -13 -12
f -10 -9 -8
f -8 -9 -7
f -8 -7 -6
f -6 -7 -5
f -6 -5 -4
f -4 -5 -3
f -4 -3 -2
f -2 -3 -1

o Default b2K40
usemtl 0x8FBDB9
v -34.177 2.507 0.28
v -33.883 2.507 0.28
v -33.883 2.948 0.28
v -34.177 2.948 0.28
v -34.177 2.507 0.28
v -34.177 2.507 0.28
v -34.177 2.507 0
v -33.883 2.507 0.28
v -33.883 2.507 0
v -33.883 2.948 0.28
v -33.883 2.948 0
v -34.177 2.948 0.28
v -34.177 2.948 0
v -34.177 2.507 0.28
v -34.177 2.507 0

f -12 -15 -14
f -14 -13 -12
f -10 -9 -8
f -8 -9 -7
f -8 -7 -6
f -6 -7 -5
f -6 -5 -4
f -4 -5 -3
f -4 -3 -2
f -2 -3 -1

o Default b3A02
usemtl 0x8FBDB9
v -33.576 2.107 0.28
v -33.184 2.107 0.28
v -33.184 2.499 0.28
v -33.576 2.499 0.28
v -33.576 2.107 0.28
v -33.576 2.107 0.28
v -33.576 2.107 0
v -33.184 2.107 0.28
v -33.184 2.107 0
v -33.184 2.499 0.28
v -33.184 2.499 0
v -33.576 2.499 0.28
v -33.576 2.499 0
v -33.576 2.107 0.28
v -33.576 2.107 0

f -12 -15 -14
f -14 -13 -12
f -10 -9 -8
f -8 -9 -7
f -8 -7 -6
f -6 -7 -5
f -6 -5 -4
f -4 -5 -3
f -4 -3 -2
f -2 -3 -1

o Default b2K34
usemtl 0x8FBDB9
v -33.573 2.507 0.28
v -32.887 2.507 0.28
v -32.887 2.948 0.28
v -33.573 2.948 0.28
v -33.573 2.507 0.28
v -33.573 2.507 0.28
v -33.573 2.507 0
v -32.887 2.507 0.28
v -32.887 2.507 0
v -32.887 2.948 0.28
v -32.887 2.948 0
v -33.573 2.948 0.28
v -33.573 2.948 0
v -33.573 2.507 0.28
v -33.573 2.507 0

f -12 -15 -14
f -14 -13 -12
f -10 -9 -8
f -8 -9 -7
f -8 -7 -6
f -6 -7 -5
f -6 -5 -4
f -4 -5 -3
f -4 -3 -2
f -2 -3 -1

o Default b2K30
usemtl 0x8FBDB9
v -32.874 2.507 0.28
v -32.335 2.507 0.28
v -32.335 2.948 0.28
v -32.874 2.948 0.28
v -32.874 2.507 0.28
v -32.874 2.507 0.28
v -32.874 2.507 0
v -32.335 2.507 0.28
v -32.335 2.507 0
v -32.335 2.948 0.28
v -32.335 2.948 0
v -32.874 2.948 0.28
v -32.874 2.948 0
v -32.874 2.507 0.28
v -32.874 2.507 0

f -12 -15 -14
f -14 -13 -12
f -10 -9 -8
f -8 -9 -7
f -8 -7 -6
f -6 -7 -5
f -6 -5 -4
f -4 -5 -3
f -4 -3 -2
f -2 -3 -1

o Default b3C01
usemtl 0x8FBDB9
v -32.528 2.107 0.28
v -32.332 2.107 0.28
v -32.332 2.499 0.28
v -32.528 2.499 0.28
v -32.528 2.107 0.28
v -32.528 2.107 0.28
v -32.528 2.107 0
v -32.332 2.107 0.28
v -32.332 2.107 0
v -32.332 2.499 0.28
v -32.332 2.499 0
v -32.528 2.499 0.28
v -32.528 2.499 0
v -32.528 2.107 0.28
v -32.528 2.107 0

f -12 -15 -14
f -14 -13 -12
f -10 -9 -8
f -8 -9 -7
f -8 -7 -6
f -6 -7 -5
f -6 -5 -4
f -4 -5 -3
f -4 -3 -2
f -2 -3 -1

o Default b2K26-3C02
usemtl 0x8FBDB9
v -32.026 2.111 0.28
v -31.634 2.111 0.28
v -31.634 2.944 0.28
v -32.026 2.944 0.28
v -32.026 2.111 0.28
v -32.026 2.111 0.28
v -32.026 2.111 0
v -31.634 2.111 0.28
v -31.634 2.111 0
v -31.634 2.944 0.28
v -31.634 2.944 0
v -32.026 2.944 0.28
v -32.026 2.944 0
v -32.026 2.111 0.28
v -32.026 2.111 0

f -12 -15 -14
f -14 -13 -12
f -10 -9 -8
f -8 -9 -7
f -8 -7 -6
f -6 -7 -5
f -6 -5 -4
f -4 -5 -3
f -4 -3 -2
f -2 -3 -1

o Default b2K20
usemtl 0x8FBDB9
v -30.729 2.606 0.28
v -29.651 2.606 0.28
v -29.651 2.949 0.28
v -30.729 2.949 0.28
v -30.729 2.606 0.28
v -30.729 2.606 0.28
v -30.729 2.606 0
v -29.651 2.606 0.28
v -29.651 2.606 0
v -29.651 2.949 0.28
v -29.651 2.949 0
v -30.729 2.949 0.28
v -30.729 2.949 0
v -30.729 2.606 0.28
v -30.729 2.606 0

f -12 -15 -14
f -14 -13 -12
f -10 -9 -8
f -8 -9 -7
f -8 -7 -6
f -6 -7 -5
f -6 -5 -4
f -4 -5 -3
f -4 -3 -2
f -2 -3 -1

o Default b2K14-3G01
usemtl 0x8FBDB9
v -29.333 2.111 0.28
v -28.647 2.111 0.28
v -28.647 2.944 0.28
v -29.333 2.944 0.28
v -29.333 2.111 0.28
v -29.333 2.111 0.28
v -29.333 2.111 0
v -28.647 2.111 0.28
v -28.647 2.111 0
v -28.647 2.944 0.28
v -28.647 2.944 0
v -29.333 2.944 0.28
v -29.333 2.944 0
v -29.333 2.111 0.28
v -29.333 2.111 0

f -12 -15 -14
f -14 -13 -12
f -10 -9 -8
f -8 -9 -7
f -8 -7 -6
f -6 -7 -5
f -6 -5 -4
f -4 -5 -3
f -4 -3 -2
f -2 -3 -1

o Default b2K10
usemtl 0x8FBDB9
v -28.631 2.507 0.28
v -27.798 2.507 0.28
v -27.798 2.948 0.28
v -28.631 2.948 0.28
v -28.631 2.507 0.28
v -28.631 2.507 0.28
v -28.631 2.507 0
v -27.798 2.507 0.28
v -27.798 2.507 0
v -27.798 2.948 0.28
v -27.798 2.948 0
v -28.631 2.948 0.28
v -28.631 2.948 0
v -28.631 2.507 0.28
v -28.631 2.507 0

f -12 -15 -14
f -14 -13 -12
f -10 -9 -8
f -8 -9 -7
f -8 -7 -6
f -6 -7 -5
f -6 -5 -4
f -4 -5 -3
f -4 -3 -2
f -2 -3 -1

o Default b3J02
usemtl 0x8FBDB9
v -27.477 2.105 0.28
v -26.203 2.105 0.28
v -26.203 2.35 0.28
v -27.477 2.35 0.28
v -27.477 2.105 0.28
v -27.477 2.105 0.28
v -27.477 2.105 0
v -26.203 2.105 0.28
v -26.203 2.105 0
v -26.203 2.35 0.28
v -26.203 2.35 0
v -27.477 2.35 0.28
v -27.477 2.35 0
v -27.477 2.105 0.28
v -27.477 2.105 0

f -12 -15 -14
f -14 -13 -12
f -10 -9 -8
f -8 -9 -7
f -8 -7 -6
f -6 -7 -5
f -6 -5 -4
f -4 -5 -3
f -4 -3 -2
f -2 -3 -1

o Default b2K02
usemtl 0x8FBDB9
v -27.486 2.369 0.28
v -27.486 3.937 0.28
v -27.045 3.937 0.28
v -27.045 2.516 0.28
v -27.152 2.516 0.28
v -27.152 2.369 0.28
v -27.486 2.369 0.28
v -27.486 2.369 0.28
v -27.486 2.369 0
v -27.486 3.937 0.28
v -27.486 3.937 0
v -27.045 3.937 0.28
v -27.045 3.937 0
v -27.045 2.516 0.28
v -27.045 2.516 0
v -27.152 2.516 0.28
v -27.152 2.516 0
v -27.152 2.369 0.28
v -27.152 2.369 0
v -27.486 2.369 0.28
v -27.486 2.369 0

f -20 -15 -16
f -17 -18 -19
f -20 -16 -17
f -17 -19 -20
f -14 -13 -12
f -12 -13 -11
f -12 -11 -10
f -10 -11 -9
f -10 -9 -8
f -8 -9 -7
f -8 -7 -6
f -6 -7 -5
f -6 -5 -4
f -4 -5 -3
f -4 -3 -2
f -2 -3 -1

o Default b2J10-K11
usemtl 0x8FBDB9
v -28.978 3.25 0.28
v -27.802 3.25 0.28
v -27.802 3.936 0.28
v -28.978 3.936 0.28
v -28.978 3.25 0.28
v -28.978 3.25 0.28
v -28.978 3.25 0
v -27.802 3.25 0.28
v -27.802 3.25 0
v -27.802 3.936 0.28
v -27.802 3.936 0
v -28.978 3.936 0.28
v -28.978 3.936 0
v -28.978 3.25 0.28
v -28.978 3.25 0

f -12 -15 -14
f -14 -13 -12
f -10 -9 -8
f -8 -9 -7
f -8 -7 -6
f -6 -7 -5
f -6 -5 -4
f -4 -5 -3
f -4 -3 -2
f -2 -3 -1

o Default b2J12-K13
usemtl 0x8FBDB9
v -29.336 3.25 0.28
v -28.993 3.25 0.28
v -28.993 3.936 0.28
v -29.336 3.936 0.28
v -29.336 3.25 0.28
v -29.336 3.25 0.28
v -29.336 3.25 0
v -28.993 3.25 0.28
v -28.993 3.25 0
v -28.993 3.936 0.28
v -28.993 3.936 0
v -29.336 3.936 0.28
v -29.336 3.936 0
v -29.336 3.25 0.28
v -29.336 3.25 0

f -12 -15 -14
f -14 -13 -12
f -10 -9 -8
f -8 -9 -7
f -8 -7 -6
f -6 -7 -5
f -6 -5 -4
f -4 -5 -3
f -4 -3 -2
f -2 -3 -1

o Default b2H10-J11
usemtl 0x8FBDB9
v -29.324 4.15 0.28
v -27.805 4.15 0.28
v -27.805 4.836 0.28
v -29.324 4.836 0.28
v -29.324 4.15 0.28
v -29.324 4.15 0.28
v -29.324 4.15 0
v -27.805 4.15 0.28
v -27.805 4.15 0
v -27.805 4.836 0.28
v -27.805 4.836 0
v -29.324 4.836 0.28
v -29.324 4.836 0
v -29.324 4.15 0.28
v -29.324 4.15 0

f -12 -15 -14
f -14 -13 -12
f -10 -9 -8
f -8 -9 -7
f -8 -7 -6
f -6 -7 -5
f -6 -5 -4
f -4 -5 -3
f -4 -3 -2
f -2 -3 -1

o Default b2J20-K21
usemtl 0x8FBDB9
v -30.333 3.25 0.28
v -29.647 3.25 0.28
v -29.647 3.936 0.28
v -30.333 3.936 0.28
v -30.333 3.25 0.28
v -30.333 3.25 0.28
v -30.333 3.25 0
v -29.647 3.25 0.28
v -29.647 3.25 0
v -29.647 3.936 0.28
v -29.647 3.936 0
v -30.333 3.936 0.28
v -30.333 3.936 0
v -30.333 3.25 0.28
v -30.333 3.25 0

f -12 -15 -14
f -14 -13 -12
f -10 -9 -8
f -8 -9 -7
f -8 -7 -6
f -6 -7 -5
f -6 -5 -4
f -4 -5 -3
f -4 -3 -2
f -2 -3 -1

o Default b2J26-K27
usemtl 0x8FBDB9
v -30.736 3.25 0.28
v -30.344 3.25 0.28
v -30.344 3.936 0.28
v -30.736 3.936 0.28
v -30.736 3.25 0.28
v -30.736 3.25 0.28
v -30.736 3.25 0
v -30.344 3.25 0.28
v -30.344 3.25 0
v -30.344 3.936 0.28
v -30.344 3.936 0
v -30.736 3.936 0.28
v -30.736 3.936 0
v -30.736 3.25 0.28
v -30.736 3.25 0

f -12 -15 -14
f -14 -13 -12
f -10 -9 -8
f -8 -9 -7
f -8 -7 -6
f -6 -7 -5
f -6 -5 -4
f -4 -5 -3
f -4 -3 -2
f -2 -3 -1

o Default b2J25
usemtl 0x8FBDB9
v -30.729 4.146 0.28
v -29.651 4.146 0.28
v -29.651 4.44 0.28
v -30.729 4.44 0.28
v -30.729 4.146 0.28
v -30.729 4.146 0.28
v -30.729 4.146 0
v -29.651 4.146 0.28
v -29.651 4.146 0
v -29.651 4.44 0.28
v -29.651 4.44 0
v -30.729 4.44 0.28
v -30.729 4.44 0
v -30.729 4.146 0.28
v -30.729 4.146 0

f -12 -15 -14
f -14 -13 -12
f -10 -9 -8
f -8 -9 -7
f -8 -7 -6
f -6 -7 -5
f -6 -5 -4
f -4 -5 -3
f -4 -3 -2
f -2 -3 -1

o Default b2H20
usemtl 0x8FBDB9
v -30.729 4.446 0.28
v -29.651 4.446 0.28
v -29.651 4.74 0.28
v -30.729 4.74 0.28
v -30.729 4.446 0.28
v -30.729 4.446 0.28
v -30.729 4.446 0
v -29.651 4.446 0.28
v -29.651 4.446 0
v -29.651 4.74 0.28
v -29.651 4.74 0
v -30.729 4.74 0.28
v -30.729 4.74 0
v -30.729 4.446 0.28
v -30.729 4.446 0

f -12 -15 -14
f -14 -13 -12
f -10 -9 -8
f -8 -9 -7
f -8 -7 -6
f -6 -7 -5
f -6 -5 -4
f -4 -5 -3
f -4 -3 -2
f -2 -3 -1

o Default b2J31
usemtl 0x8FBDB9
v -31.535 4.146 0.28
v -31.045 4.146 0.28
v -31.045 4.44 0.28
v -31.535 4.44 0.28
v -31.535 4.146 0.28
v -31.535 4.146 0.28
v -31.535 4.146 0
v -31.045 4.146 0.28
v -31.045 4.146 0
v -31.045 4.44 0.28
v -31.045 4.44 0
v -31.535 4.44 0.28
v -31.535 4.44 0
v -31.535 4.146 0.28
v -31.535 4.146 0

f -12 -15 -14
f -14 -13 -12
f -10 -9 -8
f -8 -9 -7
f -8 -7 -6
f -6 -7 -5
f -6 -5 -4
f -4 -5 -3
f -4 -3 -2
f -2 -3 -1

o Default b2J33
usemtl 0x8FBDB9
v -32.035 4.146 0.28
v -31.545 4.146 0.28
v -31.545 4.44 0.28
v -32.035 4.44 0.28
v -32.035 4.146 0.28
v -32.035 4.146 0.28
v -32.035 4.146 0
v -31.545 4.146 0.28
v -31.545 4.146 0
v -31.545 4.44 0.28
v -31.545 4.44 0
v -32.035 4.44 0.28
v -32.035 4.44 0
v -32.035 4.146 0.28
v -32.035 4.146 0

f -12 -15 -14
f -14 -13 -12
f -10 -9 -8
f -8 -9 -7
f -8 -7 -6
f -6 -7 -5
f -6 -5 -4
f -4 -5 -3
f -4 -3 -2
f -2 -3 -1

o Default b2H30
usemtl 0x8FBDB9
v -31.634 4.446 0.28
v -31.046 4.446 0.28
v -31.046 4.74 0.28
v -31.634 4.74 0.28
v -31.634 4.446 0.28
v -31.634 4.446 0.28
v -31.634 4.446 0
v -31.046 4.446 0.28
v -31.046 4.446 0
v -31.046 4.74 0.28
v -31.046 4.74 0
v -31.634 4.74 0.28
v -31.634 4.74 0
v -31.634 4.446 0.28
v -31.634 4.446 0

f -12 -15 -14
f -14 -13 -12
f -10 -9 -8
f -8 -9 -7
f -8 -7 -6
f -6 -7 -5
f -6 -5 -4
f -4 -5 -3
f -4 -3 -2
f -2 -3 -1

o Default b2H34
usemtl 0x8FBDB9
v -32.036 4.446 0.28
v -31.644 4.446 0.28
v -31.644 4.74 0.28
v -32.036 4.74 0.28
v -32.036 4.446 0.28
v -32.036 4.446 0.28
v -32.036 4.446 0
v -31.644 4.446 0.28
v -31.644 4.446 0
v -31.644 4.74 0.28
v -31.644 4.74 0
v -32.036 4.74 0.28
v -32.036 4.74 0
v -32.036 4.446 0.28
v -32.036 4.446 0

f -12 -15 -14
f -14 -13 -12
f -10 -9 -8
f -8 -9 -7
f -8 -7 -6
f -6 -7 -5
f -6 -5 -4
f -4 -5 -3
f -4 -3 -2
f -2 -3 -1

o Default b2K31
usemtl 0x8FBDB9
v -33.033 3.246 0.28
v -32.347 3.246 0.28
v -32.347 3.589 0.28
v -33.033 3.589 0.28
v -33.033 3.246 0.28
v -33.033 3.246 0.28
v -33.033 3.246 0
v -32.347 3.246 0.28
v -32.347 3.246 0
v -32.347 3.589 0.28
v -32.347 3.589 0
v -33.033 3.589 0.28
v -33.033 3.589 0
v -33.033 3.246 0.28
v -33.033 3.246 0

f -12 -15 -14
f -14 -13 -12
f -10 -9 -8
f -8 -9 -7
f -8 -7 -6
f -6 -7 -5
f -6 -5 -4
f -4 -5 -3
f -4 -3 -2
f -2 -3 -1

o Default b2J34
usemtl 0x8FBDB9
v -33.082 3.596 0.28
v -32.347 3.596 0.28
v -32.347 3.939 0.28
v -33.082 3.939 0.28
v -33.082 3.596 0.28
v -33.082 3.596 0.28
v -33.082 3.596 0
v -32.347 3.596 0.28
v -32.347 3.596 0
v -32.347 3.939 0.28
v -32.347 3.939 0
v -33.082 3.939 0.28
v -33.082 3.939 0
v -33.082 3.596 0.28
v -33.082 3.596 0

f -12 -15 -14
f -14 -13 -12
f -10 -9 -8
f -8 -9 -7
f -8 -7 -6
f -6 -7 -5
f -6 -5 -4
f -4 -5 -3
f -4 -3 -2
f -2 -3 -1

o Default b2J36
usemtl 0x8FBDB9
v -33.535 3.596 0.28
v -33.094 3.596 0.28
v -33.094 3.939 0.28
v -33.535 3.939 0.28
v -33.535 3.596 0.28
v -33.535 3.596 0.28
v -33.535 3.596 0
v -33.094 3.596 0.28
v -33.094 3.596 0
v -33.094 3.939 0.28
v -33.094 3.939 0
v -33.535 3.939 0.28
v -33.535 3.939 0
v -33.535 3.596 0.28
v -33.535 3.596 0

f -12 -15 -14
f -14 -13 -12
f -10 -9 -8
f -8 -9 -7
f -8 -7 -6
f -6 -7 -5
f -6 -5 -4
f -4 -5 -3
f -4 -3 -2
f -2 -3 -1

o Default b2K35
usemtl 0x8FBDB9
v -33.537 3.246 0.28
v -33.292 3.246 0.28
v -33.292 3.589 0.28
v -33.537 3.589 0.28
v -33.537 3.246 0.28
v -33.537 3.246 0.28
v -33.537 3.246 0
v -33.292 3.246 0.28
v -33.292 3.246 0
v -33.292 3.589 0.28
v -33.292 3.589 0
v -33.537 3.589 0.28
v -33.537 3.589 0
v -33.537 3.246 0.28
v -33.537 3.246 0

f -12 -15 -14
f -14 -13 -12
f -10 -9 -8
f -8 -9 -7
f -8 -7 -6
f -6 -7 -5
f -6 -5 -4
f -4 -5 -3
f -4 -3 -2
f -2 -3 -1

o Default b2J40-K41
usemtl 0x8FBDB9
v -34.384 3.249 0.28
v -33.845 3.249 0.28
v -33.845 3.837 0.28
v -34.384 3.837 0.28
v -34.384 3.249 0.28
v -34.384 3.249 0.28
v -34.384 3.249 0
v -33.845 3.249 0.28
v -33.845 3.249 0
v -33.845 3.837 0.28
v -33.845 3.837 0
v -34.384 3.837 0.28
v -34.384 3.837 0
v -34.384 3.249 0.28
v -34.384 3.249 0

f -12 -15 -14
f -14 -13 -12
f -10 -9 -8
f -8 -9 -7
f -8 -7 -6
f -6 -7 -5
f -6 -5 -4
f -4 -5 -3
f -4 -3 -2
f -2 -3 -1

o Default b2H36
usemtl 0x8FBDB9
v -32.934 4.446 0.28
v -32.346 4.446 0.28
v -32.346 4.74 0.28
v -32.934 4.74 0.28
v -32.934 4.446 0.28
v -32.934 4.446 0.28
v -32.934 4.446 0
v -32.346 4.446 0.28
v -32.346 4.446 0
v -32.346 4.74 0.28
v -32.346 4.74 0
v -32.934 4.74 0.28
v -32.934 4.74 0
v -32.934 4.446 0.28
v -32.934 4.446 0

f -12 -15 -14
f -14 -13 -12
f -10 -9 -8
f -8 -9 -7
f -8 -7 -6
f -6 -7 -5
f -6 -5 -4
f -4 -5 -3
f -4 -3 -2
f -2 -3 -1

o Default b2H38
usemtl 0x8FBDB9
v -33.534 4.446 0.28
v -32.946 4.446 0.28
v -32.946 4.74 0.28
v -33.534 4.74 0.28
v -33.534 4.446 0.28
v -33.534 4.446 0.28
v -33.534 4.446 0
v -32.946 4.446 0.28
v -32.946 4.446 0
v -32.946 4.74 0.28
v -32.946 4.74 0
v -33.534 4.74 0.28
v -33.534 4.74 0
v -33.534 4.446 0.28
v -33.534 4.446 0

f -12 -15 -14
f -14 -13 -12
f -10 -9 -8
f -8 -9 -7
f -8 -7 -6
f -6 -7 -5
f -6 -5 -4
f -4 -5 -3
f -4 -3 -2
f -2 -3 -1

o Default b2J37
usemtl 0x8FBDB9
v -33.535 4.146 0.28
v -33.045 4.146 0.28
v -33.045 4.44 0.28
v -33.535 4.44 0.28
v -33.535 4.146 0.28
v -33.535 4.146 0.28
v -33.535 4.146 0
v -33.045 4.146 0.28
v -33.045 4.146 0
v -33.045 4.44 0.28
v -33.045 4.44 0
v -33.535 4.44 0.28
v -33.535 4.44 0
v -33.535 4.146 0.28
v -33.535 4.146 0

f -12 -15 -14
f -14 -13 -12
f -10 -9 -8
f -8 -9 -7
f -8 -7 -6
f -6 -7 -5
f -6 -5 -4
f -4 -5 -3
f -4 -3 -2
f -2 -3 -1

o Default b2H40-J41
usemtl 0x8FBDB9
v -34.434 4.149 0.28
v -33.846 4.149 0.28
v -33.846 4.737 0.28
v -34.434 4.737 0.28
v -34.434 4.149 0.28
v -34.434 4.149 0.28
v -34.434 4.149 0
v -33.846 4.149 0.28
v -33.846 4.149 0
v -33.846 4.737 0.28
v -33.846 4.737 0
v -34.434 4.737 0.28
v -34.434 4.737 0
v -34.434 4.149 0.28
v -34.434 4.149 0

f -12 -15 -14
f -14 -13 -12
f -10 -9 -8
f -8 -9 -7
f -8 -7 -6
f -6 -7 -5
f -6 -5 -4
f -4 -5 -3
f -4 -3 -2
f -2 -3 -1

o Default b2H39
usemtl 0x8FBDB9
v -34.137 4.996 0.28
v -33.843 4.996 0.28
v -33.843 5.29 0.28
v -34.137 5.29 0.28
v -34.137 4.996 0.28
v -34.137 4.996 0.28
v -34.137 4.996 0
v -33.843 4.996 0.28
v -33.843 4.996 0
v -33.843 5.29 0.28
v -33.843 5.29 0
v -34.137 5.29 0.28
v -34.137 5.29 0
v -34.137 4.996 0.28
v -34.137 4.996 0

f -12 -15 -14
f -14 -13 -12
f -10 -9 -8
f -8 -9 -7
f -8 -7 -6
f -6 -7 -5
f -6 -5 -4
f -4 -5 -3
f -4 -3 -2
f -2 -3 -1

o Default b2G48
usemtl 0x8FBDB9
v -34.335 5.298 0.28
v -33.845 5.298 0.28
v -33.845 5.788 0.28
v -34.335 5.788 0.28
v -34.335 5.298 0.28
v -34.335 5.298 0.28
v -34.335 5.298 0
v -33.845 5.298 0.28
v -33.845 5.298 0
v -33.845 5.788 0.28
v -33.845 5.788 0
v -34.335 5.788 0.28
v -34.335 5.788 0
v -34.335 5.298 0.28
v -34.335 5.298 0

f -12 -15 -14
f -14 -13 -12
f -10 -9 -8
f -8 -9 -7
f -8 -7 -6
f -6 -7 -5
f -6 -5 -4
f -4 -5 -3
f -4 -3 -2
f -2 -3 -1

o Default b2G44
usemtl 0x8FBDB9
v -35.033 5.298 0.28
v -34.347 5.298 0.28
v -34.347 5.788 0.28
v -35.033 5.788 0.28
v -35.033 5.298 0.28
v -35.033 5.298 0.28
v -35.033 5.298 0
v -34.347 5.298 0.28
v -34.347 5.298 0
v -34.347 5.788 0.28
v -34.347 5.788 0
v -35.033 5.788 0.28
v -35.033 5.788 0
v -35.033 5.298 0.28
v -35.033 5.298 0

f -12 -15 -14
f -14 -13 -12
f -10 -9 -8
f -8 -9 -7
f -8 -7 -6
f -6 -7 -5
f -6 -5 -4
f -4 -5 -3
f -4 -3 -2
f -2 -3 -1

o Default b2F40-G41
usemtl 0x8FBDB9
v -35.028 6.103 0.28
v -33.852 6.103 0.28
v -33.852 7.083 0.28
v -35.028 7.083 0.28
v -35.028 6.103 0.28
v -35.028 6.103 0.28
v -35.028 6.103 0
v -33.852 6.103 0.28
v -33.852 6.103 0
v -33.852 7.083 0.28
v -33.852 7.083 0
v -35.028 7.083 0.28
v -35.028 7.083 0
v -35.028 6.103 0.28
v -35.028 6.103 0

f -12 -15 -14
f -14 -13 -12
f -10 -9 -8
f -8 -9 -7
f -8 -7 -6
f -6 -7 -5
f -6 -5 -4
f -4 -5 -3
f -4 -3 -2
f -2 -3 -1

o Default b2F38-G39
usemtl 0x8FBDB9
v -33.528 6.103 0.28
v -32.352 6.103 0.28
v -32.352 7.083 0.28
v -33.528 7.083 0.28
v -33.528 6.103 0.28
v -33.528 6.103 0.28
v -33.528 6.103 0
v -32.352 6.103 0.28
v -32.352 6.103 0
v -32.352 7.083 0.28
v -32.352 7.083 0
v -33.528 7.083 0.28
v -33.528 7.083 0
v -33.528 6.103 0.28
v -33.528 6.103 0

f -12 -15 -14
f -14 -13 -12
f -10 -9 -8
f -8 -9 -7
f -8 -7 -6
f -6 -7 -5
f -6 -5 -4
f -4 -5 -3
f -4 -3 -2
f -2 -3 -1

o Default b2G50
usemtl 0x8FBDB9
v -36.033 5.496 0.28
v -35.347 5.496 0.28
v -35.347 5.79 0.28
v -36.033 5.79 0.28
v -36.033 5.496 0.28
v -36.033 5.496 0.28
v -36.033 5.496 0
v -35.347 5.496 0.28
v -35.347 5.496 0
v -35.347 5.79 0.28
v -35.347 5.79 0
v -36.033 5.79 0.28
v -36.033 5.79 0
v -36.033 5.496 0.28
v -36.033 5.496 0

f -12 -15 -14
f -14 -13 -12
f -10 -9 -8
f -8 -9 -7
f -8 -7 -6
f -6 -7 -5
f -6 -5 -4
f -4 -5 -3
f -4 -3 -2
f -2 -3 -1

o Default b2G54
usemtl 0x8FBDB9
v -36.535 5.298 0.28
v -36.045 5.298 0.28
v -36.045 5.788 0.28
v -36.535 5.788 0.28
v -36.535 5.298 0.28
v -36.535 5.298 0.28
v -36.535 5.298 0
v -36.045 5.298 0.28
v -36.045 5.298 0
v -36.045 5.788 0.28
v -36.045 5.788 0
v -36.535 5.788 0.28
v -36.535 5.788 0
v -36.535 5.298 0.28
v -36.535 5.298 0

f -12 -15 -14
f -14 -13 -12
f -10 -9 -8
f -8 -9 -7
f -8 -7 -6
f -6 -7 -5
f -6 -5 -4
f -4 -5 -3
f -4 -3 -2
f -2 -3 -1

o Default b2G60
usemtl 0x8FBDB9
v -37.701 5.397 0.28
v -36.819 5.397 0.28
v -36.819 5.789 0.28
v -37.701 5.789 0.28
v -37.701 5.397 0.28
v -37.701 5.397 0.28
v -37.701 5.397 0
v -36.819 5.397 0.28
v -36.819 5.397 0
v -36.819 5.789 0.28
v -36.819 5.789 0
v -37.701 5.789 0.28
v -37.701 5.789 0
v -37.701 5.397 0.28
v -37.701 5.397 0

f -12 -15 -14
f -14 -13 -12
f -10 -9 -8
f -8 -9 -7
f -8 -7 -6
f -6 -7 -5
f -6 -5 -4
f -4 -5 -3
f -4 -3 -2
f -2 -3 -1

o Default b2F50-G51
usemtl 0xFF9E4E
v -37.518 6.103 0.28
v -35.362 6.103 0.28
v -35.362 7.083 0.28
v -37.518 7.083 0.28
v -37.518 6.103 0.28
v -37.518 6.103 0.28
v -37.518 6.103 0
v -35.362 6.103 0.28
v -35.362 6.103 0
v -35.362 7.083 0.28
v -35.362 7.083 0
v -37.518 7.083 0.28
v -37.518 7.083 0
v -37.518 6.103 0.28
v -37.518 6.103 0

f -12 -15 -14
f -14 -13 -12
f -10 -9 -8
f -8 -9 -7
f -8 -7 -6
f -6 -7 -5
f -6 -5 -4
f -4 -5 -3
f -4 -3 -2
f -2 -3 -1

o Default b2F60-G61
usemtl 0xFF9E4E
v -38.035 6.103 0.28
v -37.545 6.103 0.28
v -37.545 7.083 0.28
v -38.035 7.083 0.28
v -38.035 6.103 0.28
v -38.035 6.103 0.28
v -38.035 6.103 0
v -37.545 6.103 0.28
v -37.545 6.103 0
v -37.545 7.083 0.28
v -37.545 7.083 0
v -38.035 7.083 0.28
v -38.035 7.083 0
v -38.035 6.103 0.28
v -38.035 6.103 0

f -12 -15 -14
f -14 -13 -12
f -10 -9 -8
f -8 -9 -7
f -8 -7 -6
f -6 -7 -5
f -6 -5 -4
f -4 -5 -3
f -4 -3 -2
f -2 -3 -1

o Default b2H41
usemtl 0x8FBDB9
v -33.538 4.998 0.28
v -33.342 4.998 0.28
v -33.342 5.488 0.28
v -33.538 5.488 0.28
v -33.538 4.998 0.28
v -33.538 4.998 0.28
v -33.538 4.998 0
v -33.342 4.998 0.28
v -33.342 4.998 0
v -33.342 5.488 0.28
v -33.342 5.488 0
v -33.538 5.488 0.28
v -33.538 5.488 0
v -33.538 4.998 0.28
v -33.538 4.998 0

f -12 -15 -14
f -14 -13 -12
f -10 -9 -8
f -8 -9 -7
f -8 -7 -6
f -6 -7 -5
f -6 -5 -4
f -4 -5 -3
f -4 -3 -2
f -2 -3 -1

o Default b2G38
usemtl 0x8FBDB9
v -33.536 5.496 0.28
v -33.144 5.496 0.28
v -33.144 5.79 0.28
v -33.536 5.79 0.28
v -33.536 5.496 0.28
v -33.536 5.496 0.28
v -33.536 5.496 0
v -33.144 5.496 0.28
v -33.144 5.496 0
v -33.144 5.79 0.28
v -33.144 5.79 0
v -33.536 5.79 0.28
v -33.536 5.79 0
v -33.536 5.496 0.28
v -33.536 5.496 0

f -12 -15 -14
f -14 -13 -12
f -10 -9 -8
f -8 -9 -7
f -8 -7 -6
f -6 -7 -5
f -6 -5 -4
f -4 -5 -3
f -4 -3 -2
f -2 -3 -1

o Default b2G36
usemtl 0x8FBDB9
v -33.132 5.496 0.28
v -32.348 5.496 0.28
v -32.348 5.79 0.28
v -33.132 5.79 0.28
v -33.132 5.496 0.28
v -33.132 5.496 0.28
v -33.132 5.496 0
v -32.348 5.496 0.28
v -32.348 5.496 0
v -32.348 5.79 0.28
v -32.348 5.79 0
v -33.132 5.79 0.28
v -33.132 5.79 0
v -33.132 5.496 0.28
v -33.132 5.496 0

f -12 -15 -14
f -14 -13 -12
f -10 -9 -8
f -8 -9 -7
f -8 -7 -6
f -6 -7 -5
f -6 -5 -4
f -4 -5 -3
f -4 -3 -2
f -2 -3 -1

o Default b2G30
usemtl 0x8FBDB9
v -32.03 5.397 0.28
v -31.05 5.397 0.28
v -31.05 5.789 0.28
v -32.03 5.789 0.28
v -32.03 5.397 0.28
v -32.03 5.397 0.28
v -32.03 5.397 0
v -31.05 5.397 0.28
v -31.05 5.397 0
v -31.05 5.789 0.28
v -31.05 5.789 0
v -32.03 5.789 0.28
v -32.03 5.789 0
v -32.03 5.397 0.28
v -32.03 5.397 0

f -12 -15 -14
f -14 -13 -12
f -10 -9 -8
f -8 -9 -7
f -8 -7 -6
f -6 -7 -5
f -6 -5 -4
f -4 -5 -3
f -4 -3 -2
f -2 -3 -1

o Default b2H31
usemtl 0x8FBDB9
v -31.634 4.997 0.28
v -31.046 4.997 0.28
v -31.046 5.389 0.28
v -31.634 5.389 0.28
v -31.634 4.997 0.28
v -31.634 4.997 0.28
v -31.634 4.997 0
v -31.046 4.997 0.28
v -31.046 4.997 0
v -31.046 5.389 0.28
v -31.046 5.389 0
v -31.634 5.389 0.28
v -31.634 5.389 0
v -31.634 4.997 0.28
v -31.634 4.997 0

f -12 -15 -14
f -14 -13 -12
f -10 -9 -8
f -8 -9 -7
f -8 -7 -6
f -6 -7 -5
f -6 -5 -4
f -4 -5 -3
f -4 -3 -2
f -2 -3 -1

o Default b2G35
usemtl 0x8FBDB9
v -32.035 6.098 0.28
v -31.545 6.098 0.28
v -31.545 6.588 0.28
v -32.035 6.588 0.28
v -32.035 6.098 0.28
v -32.035 6.098 0.28
v -32.035 6.098 0
v -31.545 6.098 0.28
v -31.545 6.098 0
v -31.545 6.588 0.28
v -31.545 6.588 0
v -32.035 6.588 0.28
v -32.035 6.588 0
v -32.035 6.098 0.28
v -32.035 6.098 0

f -12 -15 -14
f -14 -13 -12
f -10 -9 -8
f -8 -9 -7
f -8 -7 -6
f -6 -7 -5
f -6 -5 -4
f -4 -5 -3
f -4 -3 -2
f -2 -3 -1

o Default b2F34
usemtl 0x8FBDB9
v -32.035 6.598 0.28
v -31.545 6.598 0.28
v -31.545 7.088 0.28
v -32.035 7.088 0.28
v -32.035 6.598 0.28
v -32.035 6.598 0.28
v -32.035 6.598 0
v -31.545 6.598 0.28
v -31.545 6.598 0
v -31.545 7.088 0.28
v -31.545 7.088 0
v -32.035 7.088 0.28
v -32.035 7.088 0
v -32.035 6.598 0.28
v -32.035 6.598 0

f -12 -15 -14
f -14 -13 -12
f -10 -9 -8
f -8 -9 -7
f -8 -7 -6
f -6 -7 -5
f -6 -5 -4
f -4 -5 -3
f -4 -3 -2
f -2 -3 -1

o Default b2F30-G31
usemtl 0x8FBDB9
v -31.535 6.103 0.28
v -31.045 6.103 0.28
v -31.045 7.083 0.28
v -31.535 7.083 0.28
v -31.535 6.103 0.28
v -31.535 6.103 0.28
v -31.535 6.103 0
v -31.045 6.103 0.28
v -31.045 6.103 0
v -31.045 7.083 0.28
v -31.045 7.083 0
v -31.535 7.083 0.28
v -31.535 7.083 0
v -31.535 6.103 0.28
v -31.535 6.103 0

f -12 -15 -14
f -14 -13 -12
f -10 -9 -8
f -8 -9 -7
f -8 -7 -6
f -6 -7 -5
f -6 -5 -4
f -4 -5 -3
f -4 -3 -2
f -2 -3 -1

o Default b2H25
usemtl 0x8FBDB9
v -30.733 4.998 0.28
v -30.047 4.998 0.28
v -30.047 5.488 0.28
v -30.733 5.488 0.28
v -30.733 4.998 0.28
v -30.733 4.998 0.28
v -30.733 4.998 0
v -30.047 4.998 0.28
v -30.047 4.998 0
v -30.047 5.488 0.28
v -30.047 5.488 0
v -30.733 5.488 0.28
v -30.733 5.488 0
v -30.733 4.998 0.28
v -30.733 4.998 0

f -12 -15 -14
f -14 -13 -12
f -10 -9 -8
f -8 -9 -7
f -8 -7 -6
f -6 -7 -5
f -6 -5 -4
f -4 -5 -3
f -4 -3 -2
f -2 -3 -1

o Default b2G20
usemtl 0x8FBDB9
v -30.729 5.496 0.28
v -29.651 5.496 0.28
v -29.651 5.79 0.28
v -30.729 5.79 0.28
v -30.729 5.496 0.28
v -30.729 5.496 0.28
v -30.729 5.496 0
v -29.651 5.496 0.28
v -29.651 5.496 0
v -29.651 5.79 0.28
v -29.651 5.79 0
v -30.729 5.79 0.28
v -30.729 5.79 0
v -30.729 5.496 0.28
v -30.729 5.496 0

f -12 -15 -14
f -14 -13 -12
f -10 -9 -8
f -8 -9 -7
f -8 -7 -6
f -6 -7 -5
f -6 -5 -4
f -4 -5 -3
f -4 -3 -2
f -2 -3 -1

o Default b2G25
usemtl 0x8FBDB9
v -30.733 6.099 0.28
v -30.047 6.099 0.28
v -30.047 6.687 0.28
v -30.733 6.687 0.28
v -30.733 6.099 0.28
v -30.733 6.099 0.28
v -30.733 6.099 0
v -30.047 6.099 0.28
v -30.047 6.099 0
v -30.047 6.687 0.28
v -30.047 6.687 0
v -30.733 6.687 0.28
v -30.733 6.687 0
v -30.733 6.099 0.28
v -30.733 6.099 0

f -12 -15 -14
f -14 -13 -12
f -10 -9 -8
f -8 -9 -7
f -8 -7 -6
f -6 -7 -5
f -6 -5 -4
f -4 -5 -3
f -4 -3 -2
f -2 -3 -1

o Default b2F24
usemtl 0x8FBDB9
v -30.733 6.697 0.28
v -30.047 6.697 0.28
v -30.047 7.089 0.28
v -30.733 7.089 0.28
v -30.733 6.697 0.28
v -30.733 6.697 0.28
v -30.733 6.697 0
v -30.047 6.697 0.28
v -30.047 6.697 0
v -30.047 7.089 0.28
v -30.047 7.089 0
v -30.733 7.089 0.28
v -30.733 7.089 0
v -30.733 6.697 0.28
v -30.733 6.697 0

f -12 -15 -14
f -14 -13 -12
f -10 -9 -8
f -8 -9 -7
f -8 -7 -6
f -6 -7 -5
f -6 -5 -4
f -4 -5 -3
f -4 -3 -2
f -2 -3 -1

o Default b2F20-G21
usemtl 0x8FBDB9
v -30.036 6.103 0.28
v -29.644 6.103 0.28
v -29.644 7.083 0.28
v -30.036 7.083 0.28
v -30.036 6.103 0.28
v -30.036 6.103 0.28
v -30.036 6.103 0
v -29.644 6.103 0.28
v -29.644 6.103 0
v -29.644 7.083 0.28
v -29.644 7.083 0
v -30.036 7.083 0.28
v -30.036 7.083 0
v -30.036 6.103 0.28
v -30.036 6.103 0

f -12 -15 -14
f -14 -13 -12
f -10 -9 -8
f -8 -9 -7
f -8 -7 -6
f -6 -7 -5
f -6 -5 -4
f -4 -5 -3
f -4 -3 -2
f -2 -3 -1

o Default b2G14-H15
usemtl 0x8FBDB9
v -29.335 5.1 0.28
v -28.894 5.1 0.28
v -28.894 5.786 0.28
v -29.335 5.786 0.28
v -29.335 5.1 0.28
v -29.335 5.1 0.28
v -29.335 5.1 0
v -28.894 5.1 0.28
v -28.894 5.1 0
v -28.894 5.786 0.28
v -28.894 5.786 0
v -29.335 5.786 0.28
v -29.335 5.786 0
v -29.335 5.1 0.28
v -29.335 5.1 0

f -12 -15 -14
f -14 -13 -12
f -10 -9 -8
f -8 -9 -7
f -8 -7 -6
f -6 -7 -5
f -6 -5 -4
f -4 -5 -3
f -4 -3 -2
f -2 -3 -1

o Default b2G10-H11
usemtl 0x8FBDB9
v -28.879 5.1 0.28
v -27.801 5.1 0.28
v -27.801 5.786 0.28
v -28.879 5.786 0.28
v -28.879 5.1 0.28
v -28.879 5.1 0.28
v -28.879 5.1 0
v -27.801 5.1 0.28
v -27.801 5.1 0
v -27.801 5.786 0.28
v -27.801 5.786 0
v -28.879 5.786 0.28
v -28.879 5.786 0
v -28.879 5.1 0.28
v -28.879 5.1 0

f -12 -15 -14
f -14 -13 -12
f -10 -9 -8
f -8 -9 -7
f -8 -7 -6
f -6 -7 -5
f -6 -5 -4
f -4 -5 -3
f -4 -3 -2
f -2 -3 -1

o Default b2F14-G15
usemtl 0x8FBDB9
v -29.332 6.103 0.28
v -28.548 6.103 0.28
v -28.548 7.083 0.28
v -29.332 7.083 0.28
v -29.332 6.103 0.28
v -29.332 6.103 0.28
v -29.332 6.103 0
v -28.548 6.103 0.28
v -28.548 6.103 0
v -28.548 7.083 0.28
v -28.548 7.083 0
v -29.332 7.083 0.28
v -29.332 7.083 0
v -29.332 6.103 0.28
v -29.332 6.103 0

f -12 -15 -14
f -14 -13 -12
f -10 -9 -8
f -8 -9 -7
f -8 -7 -6
f -6 -7 -5
f -6 -5 -4
f -4 -5 -3
f -4 -3 -2
f -2 -3 -1

o Default b2F10-G11
usemtl 0x8FBDB9
v -28.532 6.103 0.28
v -27.797 6.103 0.28
v -27.797 7.083 0.28
v -28.532 7.083 0.28
v -28.532 6.103 0.28
v -28.532 6.103 0.28
v -28.532 6.103 0
v -27.797 6.103 0.28
v -27.797 6.103 0
v -27.797 7.083 0.28
v -27.797 7.083 0
v -28.532 7.083 0.28
v -28.532 7.083 0
v -28.532 6.103 0.28
v -28.532 6.103 0

f -12 -15 -14
f -14 -13 -12
f -10 -9 -8
f -8 -9 -7
f -8 -7 -6
f -6 -7 -5
f -6 -5 -4
f -4 -5 -3
f -4 -3 -2
f -2 -3 -1

o Default b2H01
usemtl 0x8FBDB9
v -27.486 5.104 0.28
v -27.094 5.104 0.28
v -27.094 6.182 0.28
v -27.486 6.182 0.28
v -27.486 5.104 0.28
v -27.486 5.104 0.28
v -27.486 5.104 0
v -27.094 5.104 0.28
v -27.094 5.104 0
v -27.094 6.182 0.28
v -27.094 6.182 0
v -27.486 6.182 0.28
v -27.486 6.182 0
v -27.486 5.104 0.28
v -27.486 5.104 0

f -12 -15 -14
f -14 -13 -12
f -10 -9 -8
f -8 -9 -7
f -8 -7 -6
f -6 -7 -5
f -6 -5 -4
f -4 -5 -3
f -4 -3 -2
f -2 -3 -1

o Default b2H02
usemtl 0x8FBDB9
v -27.487 4.497 0.28
v -27.242 4.497 0.28
v -27.242 4.889 0.28
v -27.487 4.889 0.28
v -27.487 4.497 0.28
v -27.487 4.497 0.28
v -27.487 4.497 0
v -27.242 4.497 0.28
v -27.242 4.497 0
v -27.242 4.889 0.28
v -27.242 4.889 0
v -27.487 4.889 0.28
v -27.487 4.889 0
v -27.487 4.497 0.28
v -27.487 4.497 0

f -12 -15 -14
f -14 -13 -12
f -10 -9 -8
f -8 -9 -7
f -8 -7 -6
f -6 -7 -5
f -6 -5 -4
f -4 -5 -3
f -4 -3 -2
f -2 -3 -1

o Default b2F01
usemtl 0x8FBDB9
v -27.485 7.7 0.28
v -26.995 7.7 0.28
v -26.995 8.386 0.28
v -27.485 8.386 0.28
v -27.485 7.7 0.28
v -27.485 7.7 0.28
v -27.485 7.7 0
v -26.995 7.7 0.28
v -26.995 7.7 0
v -26.995 8.386 0.28
v -26.995 8.386 0
v -27.485 8.386 0.28
v -27.485 8.386 0
v -27.485 7.7 0.28
v -27.485 7.7 0

f -12 -15 -14
f -14 -13 -12
f -10 -9 -8
f -8 -9 -7
f -8 -7 -6
f -6 -7 -5
f -6 -5 -4
f -4 -5 -3
f -4 -3 -2
f -2 -3 -1

o Default b2E01
usemtl 0x8FBDB9
v -27.487 8.401 0.28
v -27.242 8.401 0.28
v -27.242 9.235 0.28
v -27.487 9.235 0.28
v -27.487 8.401 0.28
v -27.487 8.401 0.28
v -27.487 8.401 0
v -27.242 8.401 0.28
v -27.242 8.401 0
v -27.242 9.235 0.28
v -27.242 9.235 0
v -27.487 9.235 0.28
v -27.487 9.235 0
v -27.487 8.401 0.28
v -27.487 8.401 0

f -12 -15 -14
f -14 -13 -12
f -10 -9 -8
f -8 -9 -7
f -8 -7 -6
f -6 -7 -5
f -6 -5 -4
f -4 -5 -3
f -4 -3 -2
f -2 -3 -1

o Default b2F67
usemtl 0x8FBDB9
v -38.033 7.5 0.28
v -37.396 7.5 0.28
v -37.396 8.235 0.28
v -38.033 8.235 0.28
v -38.033 7.5 0.28
v -38.033 7.5 0.28
v -38.033 7.5 0
v -37.396 7.5 0.28
v -37.396 7.5 0
v -37.396 8.235 0.28
v -37.396 8.235 0
v -38.033 8.235 0.28
v -38.033 8.235 0
v -38.033 7.5 0.28
v -38.033 7.5 0

f -12 -15 -14
f -14 -13 -12
f -10 -9 -8
f -8 -9 -7
f -8 -7 -6
f -6 -7 -5
f -6 -5 -4
f -4 -5 -3
f -4 -3 -2
f -2 -3 -1

o Default b2E64
usemtl 0xFF9E4E
v -38.033 8.245 0.28
v -37.396 8.245 0.28
v -37.396 8.491 0.28
v -38.033 8.491 0.28
v -38.033 8.245 0.28
v -38.033 8.245 0.28
v -38.033 8.245 0
v -37.396 8.245 0.28
v -37.396 8.245 0
v -37.396 8.491 0.28
v -37.396 8.491 0
v -38.033 8.491 0.28
v -38.033 8.491 0
v -38.033 8.245 0.28
v -38.033 8.245 0

f -12 -15 -14
f -14 -13 -12
f -10 -9 -8
f -8 -9 -7
f -8 -7 -6
f -6 -7 -5
f -6 -5 -4
f -4 -5 -3
f -4 -3 -2
f -2 -3 -1

o Default b2E60-F61
usemtl 0x8FBDB9
v -37.134 7.503 0.28
v -36.546 7.503 0.28
v -36.546 8.483 0.28
v -37.134 8.483 0.28
v -37.134 7.503 0.28
v -37.134 7.503 0.28
v -37.134 7.503 0
v -36.546 7.503 0.28
v -36.546 7.503 0
v -36.546 8.483 0.28
v -36.546 8.483 0
v -37.134 8.483 0.28
v -37.134 8.483 0
v -37.134 7.503 0.28
v -37.134 7.503 0

f -12 -15 -14
f -14 -13 -12
f -10 -9 -8
f -8 -9 -7
f -8 -7 -6
f -6 -7 -5
f -6 -5 -4
f -4 -5 -3
f -4 -3 -2
f -2 -3 -1

o Default b2E51
usemtl 0x8FBDB9
v -36.086 8.795 0.28
v -35.743 8.795 0.28
v -35.743 8.991 0.28
v -36.086 8.991 0.28
v -36.086 8.795 0.28
v -36.086 8.795 0.28
v -36.086 8.795 0
v -35.743 8.795 0.28
v -35.743 8.795 0
v -35.743 8.991 0.28
v -35.743 8.991 0
v -36.086 8.991 0.28
v -36.086 8.991 0
v -36.086 8.795 0.28
v -36.086 8.795 0

f -12 -15 -14
f -14 -13 -12
f -10 -9 -8
f -8 -9 -7
f -8 -7 -6
f -6 -7 -5
f -6 -5 -4
f -4 -5 -3
f -4 -3 -2
f -2 -3 -1

o Default b2E47
usemtl 0x8FBDB9
v -35.738 8.796 0.28
v -35.542 8.796 0.28
v -35.542 9.09 0.28
v -35.738 9.09 0.28
v -35.738 8.796 0.28
v -35.738 8.796 0.28
v -35.738 8.796 0
v -35.542 8.796 0.28
v -35.542 8.796 0
v -35.542 9.09 0.28
v -35.542 9.09 0
v -35.738 9.09 0.28
v -35.738 9.09 0
v -35.738 8.796 0.28
v -35.738 8.796 0

f -12 -15 -14
f -14 -13 -12
f -10 -9 -8
f -8 -9 -7
f -8 -7 -6
f -6 -7 -5
f -6 -5 -4
f -4 -5 -3
f -4 -3 -2
f -2 -3 -1

o Default b2F53
usemtl 0x8FBDB9
v -36.238 7.499 0.28
v -36.042 7.499 0.28
v -36.042 8.087 0.28
v -36.238 8.087 0.28
v -36.238 7.499 0.28
v -36.238 7.499 0.28
v -36.238 7.499 0
v -36.042 7.499 0.28
v -36.042 7.499 0
v -36.042 8.087 0.28
v -36.042 8.087 0
v -36.238 8.087 0.28
v -36.238 8.087 0
v -36.238 7.499 0.28
v -36.238 7.499 0

f -12 -15 -14
f -14 -13 -12
f -10 -9 -8
f -8 -9 -7
f -8 -7 -6
f -6 -7 -5
f -6 -5 -4
f -4 -5 -3
f -4 -3 -2
f -2 -3 -1

o Default b2F51
usemtl 0x8FBDB9
v -36.036 7.499 0.28
v -35.644 7.499 0.28
v -35.644 8.087 0.28
v -36.036 8.087 0.28
v -36.036 7.499 0.28
v -36.036 7.499 0.28
v -36.036 7.499 0
v -35.644 7.499 0.28
v -35.644 7.499 0
v -35.644 8.087 0.28
v -35.644 8.087 0
v -36.036 8.087 0.28
v -36.036 8.087 0
v -36.036 7.499 0.28
v -36.036 7.499 0

f -12 -15 -14
f -14 -13 -12
f -10 -9 -8
f -8 -9 -7
f -8 -7 -6
f -6 -7 -5
f -6 -5 -4
f -4 -5 -3
f -4 -3 -2
f -2 -3 -1

o Default b2E52
usemtl 0x8FBDB9
v -36.238 8.097 0.28
v -36.002 8.097 0.28
v -36.002 8.489 0.28
v -36.238 8.489 0.28
v -36.238 8.097 0.28
v -36.238 8.097 0.28
v -36.238 8.097 0
v -36.002 8.097 0.28
v -36.002 8.097 0
v -36.002 8.489 0.28
v -36.002 8.489 0
v -36.238 8.489 0.28
v -36.238 8.489 0
v -36.238 8.097 0.28
v -36.238 8.097 0

f -12 -15 -14
f -14 -13 -12
f -10 -9 -8
f -8 -9 -7
f -8 -7 -6
f -6 -7 -5
f -6 -5 -4
f -4 -5 -3
f -4 -3 -2
f -2 -3 -1

o Default b2E50
usemtl 0x8FBDB9
v -35.996 8.097 0.28
v -35.644 8.097 0.28
v -35.644 8.489 0.28
v -35.996 8.489 0.28
v -35.996 8.097 0.28
v -35.996 8.097 0.28
v -35.996 8.097 0
v -35.644 8.097 0.28
v -35.644 8.097 0
v -35.644 8.489 0.28
v -35.644 8.489 0
v -35.996 8.489 0.28
v -35.996 8.489 0
v -35.996 8.097 0.28
v -35.996 8.097 0

f -12 -15 -14
f -14 -13 -12
f -10 -9 -8
f -8 -9 -7
f -8 -7 -6
f -6 -7 -5
f -6 -5 -4
f -4 -5 -3
f -4 -3 -2
f -2 -3 -1

o Default b2F45
usemtl 0x8FBDB9
v -35.335 7.5 0.28
v -34.845 7.5 0.28
v -34.845 8.186 0.28
v -35.335 8.186 0.28
v -35.335 7.5 0.28
v -35.335 7.5 0.28
v -35.335 7.5 0
v -34.845 7.5 0.28
v -34.845 7.5 0
v -34.845 8.186 0.28
v -34.845 8.186 0
v -35.335 8.186 0.28
v -35.335 8.186 0
v -35.335 7.5 0.28
v -35.335 7.5 0

f -12 -15 -14
f -14 -13 -12
f -10 -9 -8
f -8 -9 -7
f -8 -7 -6
f -6 -7 -5
f -6 -5 -4
f -4 -5 -3
f -4 -3 -2
f -2 -3 -1

o Default b2E44
usemtl 0x8FBDB9
v -35.338 8.196 0.28
v -35.142 8.196 0.28
v -35.142 8.49 0.28
v -35.338 8.49 0.28
v -35.338 8.196 0.28
v -35.338 8.196 0.28
v -35.338 8.196 0
v -35.142 8.196 0.28
v -35.142 8.196 0
v -35.142 8.49 0.28
v -35.142 8.49 0
v -35.338 8.49 0.28
v -35.338 8.49 0
v -35.338 8.196 0.28
v -35.338 8.196 0

f -12 -15 -14
f -14 -13 -12
f -10 -9 -8
f -8 -9 -7
f -8 -7 -6
f -6 -7 -5
f -6 -5 -4
f -4 -5 -3
f -4 -3 -2
f -2 -3 -1

o Default b2E40-F41
usemtl 0x8FBDB9
v -34.829 7.503 0.28
v -33.751 7.503 0.28
v -33.751 8.483 0.28
v -34.829 8.483 0.28
v -34.829 7.503 0.28
v -34.829 7.503 0.28
v -34.829 7.503 0
v -33.751 7.503 0.28
v -33.751 7.503 0
v -33.751 8.483 0.28
v -33.751 8.483 0
v -34.829 8.483 0.28
v -34.829 8.483 0
v -34.829 7.503 0.28
v -34.829 7.503 0

f -12 -15 -14
f -14 -13 -12
f -10 -9 -8
f -8 -9 -7
f -8 -7 -6
f -6 -7 -5
f -6 -5 -4
f -4 -5 -3
f -4 -3 -2
f -2 -3 -1

o Default b2D42-E43
usemtl 0xFF9E4E
v -35.225 8.751 0.28
v -33.755 8.751 0.28
v -33.755 9.535 0.28
v -35.225 9.535 0.28
v -35.225 8.751 0.28
v -35.225 8.751 0.28
v -35.225 8.751 0
v -33.755 8.751 0.28
v -33.755 8.751 0
v -33.755 9.535 0.28
v -33.755 9.535 0
v -35.225 9.535 0.28
v -35.225 9.535 0
v -35.225 8.751 0.28
v -35.225 8.751 0

f -12 -15 -14
f -14 -13 -12
f -10 -9 -8
f -8 -9 -7
f -8 -7 -6
f -6 -7 -5
f -6 -5 -4
f -4 -5 -3
f -4 -3 -2
f -2 -3 -1

o Default b2E34-F35
usemtl 0x8FBDB9
v -33.433 7.503 0.28
v -32.796 7.503 0.28
v -32.796 8.483 0.28
v -33.433 8.483 0.28
v -33.433 7.503 0.28
v -33.433 7.503 0.28
v -33.433 7.503 0
v -32.796 7.503 0.28
v -32.796 7.503 0
v -32.796 8.483 0.28
v -32.796 8.483 0
v -33.433 8.483 0.28
v -33.433 8.483 0
v -33.433 7.503 0.28
v -33.433 7.503 0

f -12 -15 -14
f -14 -13 -12
f -10 -9 -8
f -8 -9 -7
f -8 -7 -6
f -6 -7 -5
f -6 -5 -4
f -4 -5 -3
f -4 -3 -2
f -2 -3 -1

o Default b2F31
usemtl 0x8FBDB9
v -32.781 7.501 0.28
v -31.948 7.501 0.28
v -31.948 8.285 0.28
v -32.781 8.285 0.28
v -32.781 7.501 0.28
v -32.781 7.501 0.28
v -32.781 7.501 0
v -31.948 7.501 0.28
v -31.948 7.501 0
v -31.948 8.285 0.28
v -31.948 8.285 0
v -32.781 8.285 0.28
v -32.781 8.285 0
v -32.781 7.501 0.28
v -32.781 7.501 0

f -12 -15 -14
f -14 -13 -12
f -10 -9 -8
f -8 -9 -7
f -8 -7 -6
f -6 -7 -5
f -6 -5 -4
f -4 -5 -3
f -4 -3 -2
f -2 -3 -1

o Default b2E32
usemtl 0x8FBDB9
v -32.786 8.295 0.28
v -32.443 8.295 0.28
v -32.443 8.491 0.28
v -32.786 8.491 0.28
v -32.786 8.295 0.28
v -32.786 8.295 0.28
v -32.786 8.295 0
v -32.443 8.295 0.28
v -32.443 8.295 0
v -32.443 8.491 0.28
v -32.443 8.491 0
v -32.786 8.491 0.28
v -32.786 8.491 0
v -32.786 8.295 0.28
v -32.786 8.295 0

f -12 -15 -14
f -14 -13 -12
f -10 -9 -8
f -8 -9 -7
f -8 -7 -6
f -6 -7 -5
f -6 -5 -4
f -4 -5 -3
f -4 -3 -2
f -2 -3 -1

o Default b2E30
usemtl 0x8FBDB9
v -32.435 8.295 0.28
v -31.945 8.295 0.28
v -31.945 8.491 0.28
v -32.435 8.491 0.28
v -32.435 8.295 0.28
v -32.435 8.295 0.28
v -32.435 8.295 0
v -31.945 8.295 0.28
v -31.945 8.295 0
v -31.945 8.491 0.28
v -31.945 8.491 0
v -32.435 8.491 0.28
v -32.435 8.491 0
v -32.435 8.295 0.28
v -32.435 8.295 0

f -12 -15 -14
f -14 -13 -12
f -10 -9 -8
f -8 -9 -7
f -8 -7 -6
f -6 -7 -5
f -6 -5 -4
f -4 -5 -3
f -4 -3 -2
f -2 -3 -1

o Default b2E41
usemtl 0x8FBDB9
v -33.428 8.748 0.28
v -31.909 8.748 0.28
v -31.909 8.944 0.28
v -32.693 8.944 0.28
v -32.693 9.336 0.28
v -33.428 9.336 0.28
v -33.428 8.748 0.28
v -33.428 8.748 0.28
v -33.428 8.748 0
v -31.909 8.748 0.28
v -31.909 8.748 0
v -31.909 8.944 0.28
v -31.909 8.944 0
v -32.693 8.944 0.28
v -32.693 8.944 0
v -32.693 9.336 0.28
v -32.693 9.336 0
v -33.428 9.336 0.28
v -33.428 9.336 0
v -33.428 8.748 0.28
v -33.428 8.748 0

f -21 -20 -19
f -18 -17 -16
f -21 -19 -18
f -18 -16 -21
f -14 -13 -12
f -12 -13 -11
f -12 -11 -10
f -10 -11 -9
f -10 -9 -8
f -8 -9 -7
f -8 -7 -6
f -6 -7 -5
f -6 -5 -4
f -4 -5 -3
f -4 -3 -2
f -2 -3 -1

o Default b2D36
usemtl 0x8FBDB9
v -33.432 9.345 0.28
v -32.697 9.345 0.28
v -32.697 9.541 0.28
v -33.432 9.541 0.28
v -33.432 9.345 0.28
v -33.432 9.345 0.28
v -33.432 9.345 0
v -32.697 9.345 0.28
v -32.697 9.345 0
v -32.697 9.541 0.28
v -32.697 9.541 0
v -33.432 9.541 0.28
v -33.432 9.541 0
v -33.432 9.345 0.28
v -33.432 9.345 0

f -12 -15 -14
f -14 -13 -12
f -10 -9 -8
f -8 -9 -7
f -8 -7 -6
f -6 -7 -5
f -6 -5 -4
f -4 -5 -3
f -4 -3 -2
f -2 -3 -1

o Default b2D30
usemtl 0x8FBDB9
v -32.682 8.949 0.28
v -31.898 8.949 0.28
v -31.898 9.537 0.28
v -32.682 9.537 0.28
v -32.682 8.949 0.28
v -32.682 8.949 0.28
v -32.682 8.949 0
v -31.898 8.949 0.28
v -31.898 8.949 0
v -31.898 9.537 0.28
v -31.898 9.537 0
v -32.682 9.537 0.28
v -32.682 9.537 0
v -32.682 8.949 0.28
v -32.682 8.949 0

f -12 -15 -14
f -14 -13 -12
f -10 -9 -8
f -8 -9 -7
f -8 -7 -6
f -6 -7 -5
f -6 -5 -4
f -4 -5 -3
f -4 -3 -2
f -2 -3 -1

o Default b2F27
usemtl 0x8FBDB9
v -31.638 7.498 0.28
v -31.442 7.498 0.28
v -31.442 7.988 0.28
v -31.638 7.988 0.28
v -31.638 7.498 0.28
v -31.638 7.498 0.28
v -31.638 7.498 0
v -31.442 7.498 0.28
v -31.442 7.498 0
v -31.442 7.988 0.28
v -31.442 7.988 0
v -31.638 7.988 0.28
v -31.638 7.988 0
v -31.638 7.498 0.28
v -31.638 7.498 0

f -12 -15 -14
f -14 -13 -12
f -10 -9 -8
f -8 -9 -7
f -8 -7 -6
f -6 -7 -5
f -6 -5 -4
f -4 -5 -3
f -4 -3 -2
f -2 -3 -1

o Default b2E26
usemtl 0x8FBDB9
v -31.638 7.998 0.28
v -31.442 7.998 0.28
v -31.442 8.488 0.28
v -31.638 8.488 0.28
v -31.638 7.998 0.28
v -31.638 7.998 0.28
v -31.638 7.998 0
v -31.442 7.998 0.28
v -31.442 7.998 0
v -31.442 8.488 0.28
v -31.442 8.488 0
v -31.638 8.488 0.28
v -31.638 8.488 0
v -31.638 7.998 0.28
v -31.638 7.998 0

f -12 -15 -14
f -14 -13 -12
f -10 -9 -8
f -8 -9 -7
f -8 -7 -6
f -6 -7 -5
f -6 -5 -4
f -4 -5 -3
f -4 -3 -2
f -2 -3 -1

o Default b2E24-F25
usemtl 0x8FBDB9
v -31.436 7.503 0.28
v -31.044 7.503 0.28
v -31.044 8.483 0.28
v -31.436 8.483 0.28
v -31.436 7.503 0.28
v -31.436 7.503 0.28
v -31.436 7.503 0
v -31.044 7.503 0.28
v -31.044 7.503 0
v -31.044 8.483 0.28
v -31.044 8.483 0
v -31.436 8.483 0.28
v -31.436 8.483 0
v -31.436 7.503 0.28
v -31.436 7.503 0

f -12 -15 -14
f -14 -13 -12
f -10 -9 -8
f -8 -9 -7
f -8 -7 -6
f -6 -7 -5
f -6 -5 -4
f -4 -5 -3
f -4 -3 -2
f -2 -3 -1

o Default b2E25
usemtl 0x8FBDB9
v -31.634 8.745 0.28
v -31.046 8.745 0.28
v -31.046 8.941 0.28
v -31.634 8.941 0.28
v -31.634 8.745 0.28
v -31.634 8.745 0.28
v -31.634 8.745 0
v -31.046 8.745 0.28
v -31.046 8.745 0
v -31.046 8.941 0.28
v -31.046 8.941 0
v -31.634 8.941 0.28
v -31.634 8.941 0
v -31.634 8.745 0.28
v -31.634 8.745 0

f -12 -15 -14
f -14 -13 -12
f -10 -9 -8
f -8 -9 -7
f -8 -7 -6
f -6 -7 -5
f -6 -5 -4
f -4 -5 -3
f -4 -3 -2
f -2 -3 -1

o Default b2D20
usemtl 0x8FBDB9
v -31.634 8.949 0.28
v -31.046 8.949 0.28
v -31.046 9.537 0.28
v -31.634 9.537 0.28
v -31.634 8.949 0.28
v -31.634 8.949 0.28
v -31.634 8.949 0
v -31.046 8.949 0.28
v -31.046 8.949 0
v -31.046 9.537 0.28
v -31.046 9.537 0
v -31.634 9.537 0.28
v -31.634 9.537 0
v -31.634 8.949 0.28
v -31.634 8.949 0

f -12 -15 -14
f -14 -13 -12
f -10 -9 -8
f -8 -9 -7
f -8 -7 -6
f -6 -7 -5
f -6 -5 -4
f -4 -5 -3
f -4 -3 -2
f -2 -3 -1

o Default b2F21
usemtl 0x8FBDB9
v -30.729 7.498 0.28
v -29.7 7.498 0.28
v -29.7 8.037 0.28
v -30.729 8.037 0.28
v -30.729 7.498 0.28
v -30.729 7.498 0.28
v -30.729 7.498 0
v -29.7 7.498 0.28
v -29.7 7.498 0
v -29.7 8.037 0.28
v -29.7 8.037 0
v -30.729 8.037 0.28
v -30.729 8.037 0
v -30.729 7.498 0.28
v -30.729 7.498 0

f -12 -15 -14
f -14 -13 -12
f -10 -9 -8
f -8 -9 -7
f -8 -7 -6
f -6 -7 -5
f -6 -5 -4
f -4 -5 -3
f -4 -3 -2
f -2 -3 -1

o Default b2E20
usemtl 0x8FBDB9
v -30.736 8.047 0.28
v -30.344 8.047 0.28
v -30.344 8.488 0.28
v -30.736 8.488 0.28
v -30.736 8.047 0.28
v -30.736 8.047 0.28
v -30.736 8.047 0
v -30.344 8.047 0.28
v -30.344 8.047 0
v -30.344 8.488 0.28
v -30.344 8.488 0
v -30.736 8.488 0.28
v -30.736 8.488 0
v -30.736 8.047 0.28
v -30.736 8.047 0

f -12 -15 -14
f -14 -13 -12
f -10 -9 -8
f -8 -9 -7
f -8 -7 -6
f -6 -7 -5
f -6 -5 -4
f -4 -5 -3
f -4 -3 -2
f -2 -3 -1

o Default b2E23
usemtl 0x8FBDB9
v -30.735 8.749 0.28
v -30.294 8.749 0.28
v -30.294 9.337 0.28
v -30.735 9.337 0.28
v -30.735 8.749 0.28
v -30.735 8.749 0.28
v -30.735 8.749 0
v -30.294 8.749 0.28
v -30.294 8.749 0
v -30.294 9.337 0.28
v -30.294 9.337 0
v -30.735 9.337 0.28
v -30.735 9.337 0
v -30.735 8.749 0.28
v -30.735 8.749 0

f -12 -15 -14
f -14 -13 -12
f -10 -9 -8
f -8 -9 -7
f -8 -7 -6
f -6 -7 -5
f -6 -5 -4
f -4 -5 -3
f -4 -3 -2
f -2 -3 -1

o Default b2E21
usemtl 0x8FBDB9
v -30.284 8.749 0.28
v -29.696 8.749 0.28
v -29.696 9.337 0.28
v -30.284 9.337 0.28
v -30.284 8.749 0.28
v -30.284 8.749 0.28
v -30.284 8.749 0
v -29.696 8.749 0.28
v -29.696 8.749 0
v -29.696 9.337 0.28
v -29.696 9.337 0
v -30.284 9.337 0.28
v -30.284 9.337 0
v -30.284 8.749 0.28
v -30.284 8.749 0

f -12 -15 -14
f -14 -13 -12
f -10 -9 -8
f -8 -9 -7
f -8 -7 -6
f -6 -7 -5
f -6 -5 -4
f -4 -5 -3
f -4 -3 -2
f -2 -3 -1

o Default b2D18
usemtl 0x8FBDB9
v -30.729 9.345 0.28
v -29.7 9.345 0.28
v -29.7 9.541 0.28
v -30.729 9.541 0.28
v -30.729 9.345 0.28
v -30.729 9.345 0.28
v -30.729 9.345 0
v -29.7 9.345 0.28
v -29.7 9.345 0
v -29.7 9.541 0.28
v -29.7 9.541 0
v -30.729 9.541 0.28
v -30.729 9.541 0
v -30.729 9.345 0.28
v -30.729 9.345 0

f -12 -15 -14
f -14 -13 -12
f -10 -9 -8
f -8 -9 -7
f -8 -7 -6
f -6 -7 -5
f -6 -5 -4
f -4 -5 -3
f -4 -3 -2
f -2 -3 -1

o Default b2F11
usemtl 0x8FBDB9
v -29.275 7.498 0.28
v -27.805 7.498 0.28
v -27.805 7.988 0.28
v -29.275 7.988 0.28
v -29.275 7.498 0.28
v -29.275 7.498 0.28
v -29.275 7.498 0
v -27.805 7.498 0.28
v -27.805 7.498 0
v -27.805 7.988 0.28
v -27.805 7.988 0
v -29.275 7.988 0.28
v -29.275 7.988 0
v -29.275 7.498 0.28
v -29.275 7.498 0

f -12 -15 -14
f -14 -13 -12
f -10 -9 -8
f -8 -9 -7
f -8 -7 -6
f -6 -7 -5
f -6 -5 -4
f -4 -5 -3
f -4 -3 -2
f -2 -3 -1

o Default b2E10
usemtl 0x8FBDB9
v -29.275 7.998 0.28
v -27.805 7.998 0.28
v -27.805 8.488 0.28
v -29.275 8.488 0.28
v -29.275 7.998 0.28
v -29.275 7.998 0.28
v -29.275 7.998 0
v -27.805 7.998 0.28
v -27.805 7.998 0
v -27.805 8.488 0.28
v -27.805 8.488 0
v -29.275 8.488 0.28
v -29.275 8.488 0
v -29.275 7.998 0.28
v -29.275 7.998 0

f -12 -15 -14
f -14 -13 -12
f -10 -9 -8
f -8 -9 -7
f -8 -7 -6
f -6 -7 -5
f -6 -5 -4
f -4 -5 -3
f -4 -3 -2
f -2 -3 -1

o Default b2E11
usemtl 0x8FBDB9
v -29.275 8.748 0.28
v -27.805 8.748 0.28
v -27.805 9.238 0.28
v -29.275 9.238 0.28
v -29.275 8.748 0.28
v -29.275 8.748 0.28
v -29.275 8.748 0
v -27.805 8.748 0.28
v -27.805 8.748 0
v -27.805 9.238 0.28
v -27.805 9.238 0
v -29.275 9.238 0.28
v -29.275 9.238 0
v -29.275 8.748 0.28
v -29.275 8.748 0

f -12 -15 -14
f -14 -13 -12
f -10 -9 -8
f -8 -9 -7
f -8 -7 -6
f -6 -7 -5
f -6 -5 -4
f -4 -5 -3
f -4 -3 -2
f -2 -3 -1

o Default b2D14
usemtl 0x8FBDB9
v -29.285 9.246 0.28
v -28.795 9.246 0.28
v -28.795 9.54 0.28
v -29.285 9.54 0.28
v -29.285 9.246 0.28
v -29.285 9.246 0.28
v -29.285 9.246 0
v -28.795 9.246 0.28
v -28.795 9.246 0
v -28.795 9.54 0.28
v -28.795 9.54 0
v -29.285 9.54 0.28
v -29.285 9.54 0
v -29.285 9.246 0.28
v -29.285 9.246 0

f -12 -15 -14
f -14 -13 -12
f -10 -9 -8
f -8 -9 -7
f -8 -7 -6
f -6 -7 -5
f -6 -5 -4
f -4 -5 -3
f -4 -3 -2
f -2 -3 -1

o Default b2D10
usemtl 0x8FBDB9
v -28.78 9.246 0.28
v -27.8 9.246 0.28
v -27.8 9.54 0.28
v -28.78 9.54 0.28
v -28.78 9.246 0.28
v -28.78 9.246 0.28
v -28.78 9.246 0
v -27.8 9.246 0.28
v -27.8 9.246 0
v -27.8 9.54 0.28
v -27.8 9.54 0
v -28.78 9.54 0.28
v -28.78 9.54 0
v -28.78 9.246 0.28
v -28.78 9.246 0

f -12 -15 -14
f -14 -13 -12
f -10 -9 -8
f -8 -9 -7
f -8 -7 -6
f -6 -7 -5
f -6 -5 -4
f -4 -5 -3
f -4 -3 -2
f -2 -3 -1

o Default b2D02
usemtl 0x8FBDB9
v -27.486 9.478 0.28
v -27.094 9.478 0.28
v -27.094 9.968 0.28
v -27.486 9.968 0.28
v -27.486 9.478 0.28
v -27.486 9.478 0.28
v -27.486 9.478 0
v -27.094 9.478 0.28
v -27.094 9.478 0
v -27.094 9.968 0.28
v -27.094 9.968 0
v -27.486 9.968 0.28
v -27.486 9.968 0
v -27.486 9.478 0.28
v -27.486 9.478 0

f -12 -15 -14
f -14 -13 -12
f -10 -9 -8
f -8 -9 -7
f -8 -7 -6
f -6 -7 -5
f -6 -5 -4
f -4 -5 -3
f -4 -3 -2
f -2 -3 -1

o Default b2C04
usemtl 0x8FBDB9
v -27.486 9.98 0.28
v -27.143 9.98 0.28
v -27.143 10.617 0.28
v -27.486 10.617 0.28
v -27.486 9.98 0.28
v -27.486 9.98 0.28
v -27.486 9.98 0
v -27.143 9.98 0.28
v -27.143 9.98 0
v -27.143 10.617 0.28
v -27.143 10.617 0
v -27.486 10.617 0.28
v -27.486 10.617 0
v -27.486 9.98 0.28
v -27.486 9.98 0

f -12 -15 -14
f -14 -13 -12
f -10 -9 -8
f -8 -9 -7
f -8 -7 -6
f -6 -7 -5
f -6 -5 -4
f -4 -5 -3
f -4 -3 -2
f -2 -3 -1

o Default b2C02
usemtl 0x8FBDB9
v -27.486 10.631 0.28
v -27.094 10.631 0.28
v -27.094 11.415 0.28
v -27.486 11.415 0.28
v -27.486 10.631 0.28
v -27.486 10.631 0.28
v -27.486 10.631 0
v -27.094 10.631 0.28
v -27.094 10.631 0
v -27.094 11.415 0.28
v -27.094 11.415 0
v -27.486 11.415 0.28
v -27.486 11.415 0
v -27.486 10.631 0.28
v -27.486 10.631 0

f -12 -15 -14
f -14 -13 -12
f -10 -9 -8
f -8 -9 -7
f -8 -7 -6
f -6 -7 -5
f -6 -5 -4
f -4 -5 -3
f -4 -3 -2
f -2 -3 -1

o Default b2D11
usemtl 0x8FBDB9
v -28.78 9.848 0.28
v -27.8 9.848 0.28
v -27.8 10.338 0.28
v -28.78 10.338 0.28
v -28.78 9.848 0.28
v -28.78 9.848 0.28
v -28.78 9.848 0
v -27.8 9.848 0.28
v -27.8 9.848 0
v -27.8 10.338 0.28
v -27.8 10.338 0
v -28.78 10.338 0.28
v -28.78 10.338 0
v -28.78 9.848 0.28
v -28.78 9.848 0

f -12 -15 -14
f -14 -13 -12
f -10 -9 -8
f -8 -9 -7
f -8 -7 -6
f -6 -7 -5
f -6 -5 -4
f -4 -5 -3
f -4 -3 -2
f -2 -3 -1

o Default b2D15
usemtl 0x8FBDB9
v -29.285 9.848 0.28
v -28.795 9.848 0.28
v -28.795 10.338 0.28
v -29.285 10.338 0.28
v -29.285 9.848 0.28
v -29.285 9.848 0.28
v -29.285 9.848 0
v -28.795 9.848 0.28
v -28.795 9.848 0
v -28.795 10.338 0.28
v -28.795 10.338 0
v -29.285 10.338 0.28
v -29.285 10.338 0
v -29.285 9.848 0.28
v -29.285 9.848 0

f -12 -15 -14
f -14 -13 -12
f -10 -9 -8
f -8 -9 -7
f -8 -7 -6
f -6 -7 -5
f -6 -5 -4
f -4 -5 -3
f -4 -3 -2
f -2 -3 -1

o Default b2C14
usemtl 0x8FBDB9
v -29.278 10.348 0.28
v -28.102 10.348 0.28
v -28.102 10.838 0.28
v -29.278 10.838 0.28
v -29.278 10.348 0.28
v -29.278 10.348 0.28
v -29.278 10.348 0
v -28.102 10.348 0.28
v -28.102 10.348 0
v -28.102 10.838 0.28
v -28.102 10.838 0
v -29.278 10.838 0.28
v -29.278 10.838 0
v -29.278 10.348 0.28
v -29.278 10.348 0

f -12 -15 -14
f -14 -13 -12
f -10 -9 -8
f -8 -9 -7
f -8 -7 -6
f -6 -7 -5
f -6 -5 -4
f -4 -5 -3
f -4 -3 -2
f -2 -3 -1

o Default b2C10
usemtl 0x9AADAD
v -28.087 10.348 0.28
v -27.793 10.348 0.28
v -27.793 10.838 0.28
v -28.087 10.838 0.28
v -28.087 10.348 0.28
v -28.087 10.348 0.28
v -28.087 10.348 0
v -27.793 10.348 0.28
v -27.793 10.348 0
v -27.793 10.838 0.28
v -27.793 10.838 0
v -28.087 10.838 0.28
v -28.087 10.838 0
v -28.087 10.348 0.28
v -28.087 10.348 0

f -12 -15 -14
f -14 -13 -12
f -10 -9 -8
f -8 -9 -7
f -8 -7 -6
f -6 -7 -5
f -6 -5 -4
f -4 -5 -3
f -4 -3 -2
f -2 -3 -1

o Default b2B02
usemtl 0x8FBDB9
v -27.487 11.731 0.28
v -27.193 11.731 0.28
v -27.193 12.515 0.28
v -27.487 12.515 0.28
v -27.487 11.731 0.28
v -27.487 11.731 0.28
v -27.487 11.731 0
v -27.193 11.731 0.28
v -27.193 11.731 0
v -27.193 12.515 0.28
v -27.193 12.515 0
v -27.487 12.515 0.28
v -27.487 12.515 0
v -27.487 11.731 0.28
v -27.487 11.731 0

f -12 -15 -14
f -14 -13 -12
f -10 -9 -8
f -8 -9 -7
f -8 -7 -6
f -6 -7 -5
f -6 -5 -4
f -4 -5 -3
f -4 -3 -2
f -2 -3 -1

o Default b2A01
usemtl 0x8FBDB9
v -27.487 12.536 0.28
v -27.487 13.712 0.28
v -26.997 13.712 0.28
v -26.997 13.614 0.28
v -27.291 13.614 0.28
v -27.291 12.536 0.28
v -27.487 12.536 0.28
v -27.487 12.536 0.28
v -27.487 12.536 0
v -27.487 13.712 0.28
v -27.487 13.712 0
v -26.997 13.712 0.28
v -26.997 13.712 0
v -26.997 13.614 0.28
v -26.997 13.614 0
v -27.291 13.614 0.28
v -27.291 13.614 0
v -27.291 12.536 0.28
v -27.291 12.536 0
v -27.487 12.536 0.28
v -27.487 12.536 0

f -20 -15 -16
f -17 -18 -19
f -20 -16 -17
f -17 -19 -20
f -14 -13 -12
f -12 -13 -11
f -12 -11 -10
f -10 -11 -9
f -10 -9 -8
f -8 -9 -7
f -8 -7 -6
f -6 -7 -5
f -6 -5 -4
f -4 -5 -3
f -4 -3 -2
f -2 -3 -1

o Default b2C20
usemtl 0x8FBDB9
v -30.085 9.851 0.28
v -29.644 9.851 0.28
v -29.644 10.635 0.28
v -30.085 10.635 0.28
v -30.085 9.851 0.28
v -30.085 9.851 0.28
v -30.085 9.851 0
v -29.644 9.851 0.28
v -29.644 9.851 0
v -29.644 10.635 0.28
v -29.644 10.635 0
v -30.085 10.635 0.28
v -30.085 10.635 0
v -30.085 9.851 0.28
v -30.085 9.851 0

f -12 -15 -14
f -14 -13 -12
f -10 -9 -8
f -8 -9 -7
f -8 -7 -6
f -6 -7 -5
f -6 -5 -4
f -4 -5 -3
f -4 -3 -2
f -2 -3 -1

o Default b2D21
usemtl 0x8FBDB9
v -30.832 9.848 0.28
v -30.097 9.848 0.28
v -30.097 10.338 0.28
v -30.832 10.338 0.28
v -30.832 9.848 0.28
v -30.832 9.848 0.28
v -30.832 9.848 0
v -30.097 9.848 0.28
v -30.097 9.848 0
v -30.097 10.338 0.28
v -30.097 10.338 0
v -30.832 10.338 0.28
v -30.832 10.338 0
v -30.832 9.848 0.28
v -30.832 9.848 0

f -12 -15 -14
f -14 -13 -12
f -10 -9 -8
f -8 -9 -7
f -8 -7 -6
f -6 -7 -5
f -6 -5 -4
f -4 -5 -3
f -4 -3 -2
f -2 -3 -1

o Default b2D27
usemtl 0x8FBDB9
v -31.734 9.847 0.28
v -31.146 9.847 0.28
v -31.146 10.239 0.28
v -31.734 10.239 0.28
v -31.734 9.847 0.28
v -31.734 9.847 0.28
v -31.734 9.847 0
v -31.146 9.847 0.28
v -31.146 9.847 0
v -31.146 10.239 0.28
v -31.146 10.239 0
v -31.734 10.239 0.28
v -31.734 10.239 0
v -31.734 9.847 0.28
v -31.734 9.847 0

f -12 -15 -14
f -14 -13 -12
f -10 -9 -8
f -8 -9 -7
f -8 -7 -6
f -6 -7 -5
f -6 -5 -4
f -4 -5 -3
f -4 -3 -2
f -2 -3 -1

o Default b2D35
usemtl 0x8FBDB9
v -32.93 9.848 0.28
v -31.95 9.848 0.28
v -31.95 10.289 0.28
v -32.93 10.289 0.28
v -32.93 9.848 0.28
v -32.93 9.848 0.28
v -32.93 9.848 0
v -31.95 9.848 0.28
v -31.95 9.848 0
v -31.95 10.289 0.28
v -31.95 10.289 0
v -32.93 10.289 0.28
v -32.93 10.289 0
v -32.93 9.848 0.28
v -32.93 9.848 0

f -12 -15 -14
f -14 -13 -12
f -10 -9 -8
f -8 -9 -7
f -8 -7 -6
f -6 -7 -5
f -6 -5 -4
f -4 -5 -3
f -4 -3 -2
f -2 -3 -1

o Default b2C34
usemtl 0x8FBDB9
v -33.435 9.848 0.28
v -32.945 9.848 0.28
v -32.945 10.289 0.28
v -33.435 10.289 0.28
v -33.435 9.848 0.28
v -33.435 9.848 0.28
v -33.435 9.848 0
v -32.945 9.848 0.28
v -32.945 9.848 0
v -32.945 10.289 0.28
v -32.945 10.289 0
v -33.435 10.289 0.28
v -33.435 10.289 0
v -33.435 9.848 0.28
v -33.435 9.848 0

f -12 -15 -14
f -14 -13 -12
f -10 -9 -8
f -8 -9 -7
f -8 -7 -6
f -6 -7 -5
f -6 -5 -4
f -4 -5 -3
f -4 -3 -2
f -2 -3 -1

o Default b2C40-D41
usemtl 0x8FBDB9
v -35.126 9.85 0.28
v -33.754 9.85 0.28
v -33.754 10.487 0.28
v -35.126 10.487 0.28
v -35.126 9.85 0.28
v -35.126 9.85 0.28
v -35.126 9.85 0
v -33.754 9.85 0.28
v -33.754 9.85 0
v -33.754 10.487 0.28
v -33.754 10.487 0
v -35.126 10.487 0.28
v -35.126 10.487 0
v -35.126 9.85 0.28
v -35.126 9.85 0

f -12 -15 -14
f -14 -13 -12
f -10 -9 -8
f -8 -9 -7
f -8 -7 -6
f -6 -7 -5
f -6 -5 -4
f -4 -5 -3
f -4 -3 -2
f -2 -3 -1

o Default b2C21
usemtl 0x8FBDB9
v -29.838 10.952 0.28
v -29.642 10.952 0.28
v -29.642 11.834 0.28
v -29.838 11.834 0.28
v -29.838 10.952 0.28
v -29.838 10.952 0.28
v -29.838 10.952 0
v -29.642 10.952 0.28
v -29.642 10.952 0
v -29.642 11.834 0.28
v -29.642 11.834 0
v -29.838 11.834 0.28
v -29.838 11.834 0
v -29.838 10.952 0.28
v -29.838 10.952 0

f -12 -15 -14
f -14 -13 -12
f -10 -9 -8
f -8 -9 -7
f -8 -7 -6
f -6 -7 -5
f -6 -5 -4
f -4 -5 -3
f -4 -3 -2
f -2 -3 -1

o Default b2B21
usemtl 0x8FBDB9
v -29.838 11.849 0.28
v -29.642 11.849 0.28
v -29.642 12.437 0.28
v -29.838 12.437 0.28
v -29.838 11.849 0.28
v -29.838 11.849 0.28
v -29.838 11.849 0
v -29.642 11.849 0.28
v -29.642 11.849 0
v -29.642 12.437 0.28
v -29.642 12.437 0
v -29.838 12.437 0.28
v -29.838 12.437 0
v -29.838 11.849 0.28
v -29.838 11.849 0

f -12 -15 -14
f -14 -13 -12
f -10 -9 -8
f -8 -9 -7
f -8 -7 -6
f -6 -7 -5
f -6 -5 -4
f -4 -5 -3
f -4 -3 -2
f -2 -3 -1

o Default b2C17
usemtl 0x8FBDB9
v -29.284 11.146 0.28
v -28.745 11.146 0.28
v -28.745 11.44 0.28
v -29.284 11.44 0.28
v -29.284 11.146 0.28
v -29.284 11.146 0.28
v -29.284 11.146 0
v -28.745 11.146 0.28
v -28.745 11.146 0
v -28.745 11.44 0.28
v -28.745 11.44 0
v -29.284 11.44 0.28
v -29.284 11.44 0
v -29.284 11.146 0.28
v -29.284 11.146 0

f -12 -15 -14
f -14 -13 -12
f -10 -9 -8
f -8 -9 -7
f -8 -7 -6
f -6 -7 -5
f -6 -5 -4
f -4 -5 -3
f -4 -3 -2
f -2 -3 -1

o Default b2B18
usemtl 0x9AADAD
v -29.284 11.445 0.28
v -28.745 11.445 0.28
v -28.745 11.641 0.28
v -29.284 11.641 0.28
v -29.284 11.445 0.28
v -29.284 11.445 0.28
v -29.284 11.445 0
v -28.745 11.445 0.28
v -28.745 11.445 0
v -28.745 11.641 0.28
v -28.745 11.641 0
v -29.284 11.641 0.28
v -29.284 11.641 0
v -29.284 11.445 0.28
v -29.284 11.445 0

f -12 -15 -14
f -14 -13 -12
f -10 -9 -8
f -8 -9 -7
f -8 -7 -6
f -6 -7 -5
f -6 -5 -4
f -4 -5 -3
f -4 -3 -2
f -2 -3 -1

o Default b2B15
usemtl 0x8FBDB9
v -29.284 11.947 0.28
v -28.745 11.947 0.28
v -28.745 12.29 0.28
v -29.284 12.29 0.28
v -29.284 11.947 0.28
v -29.284 11.947 0.28
v -29.284 11.947 0
v -28.745 11.947 0.28
v -28.745 11.947 0
v -28.745 12.29 0.28
v -28.745 12.29 0
v -29.284 12.29 0.28
v -29.284 12.29 0
v -29.284 11.947 0.28
v -29.284 11.947 0

f -12 -15 -14
f -14 -13 -12
f -10 -9 -8
f -8 -9 -7
f -8 -7 -6
f -6 -7 -5
f -6 -5 -4
f -4 -5 -3
f -4 -3 -2
f -2 -3 -1

o Default b2A18
usemtl 0x8FBDB9
v -29.284 12.297 0.28
v -28.745 12.297 0.28
v -28.745 12.64 0.28
v -29.284 12.64 0.28
v -29.284 12.297 0.28
v -29.284 12.297 0.28
v -29.284 12.297 0
v -28.745 12.297 0.28
v -28.745 12.297 0
v -28.745 12.64 0.28
v -28.745 12.64 0
v -29.284 12.64 0.28
v -29.284 12.64 0
v -29.284 12.297 0.28
v -29.284 12.297 0

f -12 -15 -14
f -14 -13 -12
f -10 -9 -8
f -8 -9 -7
f -8 -7 -6
f -6 -7 -5
f -6 -5 -4
f -4 -5 -3
f -4 -3 -2
f -2 -3 -1

o Default b2C13
usemtl 0x8FBDB9
v -28.476 11.145 0.28
v -28.133 11.145 0.28
v -28.133 11.341 0.28
v -28.476 11.341 0.28
v -28.476 11.145 0.28
v -28.476 11.145 0.28
v -28.476 11.145 0
v -28.133 11.145 0.28
v -28.133 11.145 0
v -28.133 11.341 0.28
v -28.133 11.341 0
v -28.476 11.341 0.28
v -28.476 11.341 0
v -28.476 11.145 0.28
v -28.476 11.145 0

f -12 -15 -14
f -14 -13 -12
f -10 -9 -8
f -8 -9 -7
f -8 -7 -6
f -6 -7 -5
f -6 -5 -4
f -4 -5 -3
f -4 -3 -2
f -2 -3 -1

o Default b2C11
usemtl 0x8FBDB9
v -28.127 11.145 0.28
v -27.833 11.145 0.28
v -27.833 11.341 0.28
v -28.127 11.341 0.28
v -28.127 11.145 0.28
v -28.127 11.145 0.28
v -28.127 11.145 0
v -27.833 11.145 0.28
v -27.833 11.145 0
v -27.833 11.341 0.28
v -27.833 11.341 0
v -28.127 11.341 0.28
v -28.127 11.341 0
v -28.127 11.145 0.28
v -28.127 11.145 0

f -12 -15 -14
f -14 -13 -12
f -10 -9 -8
f -8 -9 -7
f -8 -7 -6
f -6 -7 -5
f -6 -5 -4
f -4 -5 -3
f -4 -3 -2
f -2 -3 -1

o Default b2A19
usemtl 0x8FBDB9
v -28.394 11.946 0.28
v -27.855 11.946 0.28
v -27.855 12.24 0.28
v -28.394 12.24 0.28
v -28.394 11.946 0.28
v -28.394 11.946 0.28
v -28.394 11.946 0
v -27.855 11.946 0.28
v -27.855 11.946 0
v -27.855 12.24 0.28
v -27.855 12.24 0
v -28.394 12.24 0.28
v -28.394 12.24 0
v -28.394 11.946 0.28
v -28.394 11.946 0

f -12 -15 -14
f -14 -13 -12
f -10 -9 -8
f -8 -9 -7
f -8 -7 -6
f -6 -7 -5
f -6 -5 -4
f -4 -5 -3
f -4 -3 -2
f -2 -3 -1

o Default b2A17
usemtl 0x8FBDB9
v -28.394 12.248 0.28
v -27.855 12.248 0.28
v -27.855 12.738 0.28
v -28.394 12.738 0.28
v -28.394 12.248 0.28
v -28.394 12.248 0.28
v -28.394 12.248 0
v -27.855 12.248 0.28
v -27.855 12.248 0
v -27.855 12.738 0.28
v -27.855 12.738 0
v -28.394 12.738 0.28
v -28.394 12.738 0
v -28.394 12.248 0.28
v -28.394 12.248 0

f -12 -15 -14
f -14 -13 -12
f -10 -9 -8
f -8 -9 -7
f -8 -7 -6
f -6 -7 -5
f -6 -5 -4
f -4 -5 -3
f -4 -3 -2
f -2 -3 -1

o Default b3K02
usemtl 0x8FBDB9
v -26.182 2.106 0.28
v -25.398 2.106 0.28
v -25.398 2.351 0.28
v -25.545 2.351 0.28
v -25.545 2.449 0.28
v -26.182 2.449 0.28
v -26.182 2.106 0.28
v -26.182 2.106 0.28
v -26.182 2.106 0
v -25.398 2.106 0.28
v -25.398 2.106 0
v -25.398 2.351 0.28
v -25.398 2.351 0
v -25.545 2.351 0.28
v -25.545 2.351 0
v -25.545 2.449 0.28
v -25.545 2.449 0
v -26.182 2.449 0.28
v -26.182 2.449 0
v -26.182 2.106 0.28
v -26.182 2.106 0

f -16 -21 -20
f -20 -19 -18
f -18 -17 -16
f -16 -20 -18
f -14 -13 -12
f -12 -13 -11
f -12 -11 -10
f -10 -11 -9
f -10 -9 -8
f -8 -9 -7
f -8 -7 -6
f -6 -7 -5
f -6 -5 -4
f -4 -5 -3
f -4 -3 -2
f -2 -3 -1

o Default b3L01
usemtl 0x8FBDB9
v -25.086 2.106 0.28
v -24.694 2.106 0.28
v -24.694 2.449 0.28
v -25.086 2.449 0.28
v -25.086 2.106 0.28
v -25.086 2.106 0.28
v -25.086 2.106 0
v -24.694 2.106 0.28
v -24.694 2.106 0
v -24.694 2.449 0.28
v -24.694 2.449 0
v -25.086 2.449 0.28
v -25.086 2.449 0
v -25.086 2.106 0.28
v -25.086 2.106 0

f -12 -15 -14
f -14 -13 -12
f -10 -9 -8
f -8 -9 -7
f -8 -7 -6
f -6 -7 -5
f -6 -5 -4
f -4 -5 -3
f -4 -3 -2
f -2 -3 -1

o Default b3K51-H51
usemtl 0x8FBDB9
v -25.875 -4.425 0.28
v -25.385 -4.425 0.28
v -25.385 -4.229 0.28
v -25.875 -4.229 0.28
v -25.875 -4.425 0.28
v -25.875 -4.425 0.28
v -25.875 -4.425 0
v -25.385 -4.425 0.28
v -25.385 -4.425 0
v -25.385 -4.229 0.28
v -25.385 -4.229 0
v -25.875 -4.229 0.28
v -25.875 -4.229 0
v -25.875 -4.425 0.28
v -25.875 -4.425 0

f -12 -15 -14
f -14 -13 -12
f -10 -9 -8
f -8 -9 -7
f -8 -7 -6
f -6 -7 -5
f -6 -5 -4
f -4 -5 -3
f -4 -3 -2
f -2 -3 -1

o Default b3L51
usemtl 0x8FBDB9
v -25.373 -4.425 0.28
v -24.736 -4.425 0.28
v -24.736 -4.229 0.28
v -25.373 -4.229 0.28
v -25.373 -4.425 0.28
v -25.373 -4.425 0.28
v -25.373 -4.425 0
v -24.736 -4.425 0.28
v -24.736 -4.425 0
v -24.736 -4.229 0.28
v -24.736 -4.229 0
v -25.373 -4.229 0.28
v -25.373 -4.229 0
v -25.373 -4.425 0.28
v -25.373 -4.425 0

f -12 -15 -14
f -14 -13 -12
f -10 -9 -8
f -8 -9 -7
f -8 -7 -6
f -6 -7 -5
f -6 -5 -4
f -4 -5 -3
f -4 -3 -2
f -2 -3 -1

o Default b3L50
usemtl 0x8FBDB9
v -24.722 -4.425 0.28
v -23.938 -4.425 0.28
v -23.938 -4.229 0.28
v -24.722 -4.229 0.28
v -24.722 -4.425 0.28
v -24.722 -4.425 0.28
v -24.722 -4.425 0
v -23.938 -4.425 0.28
v -23.938 -4.425 0
v -23.938 -4.229 0.28
v -23.938 -4.229 0
v -24.722 -4.229 0.28
v -24.722 -4.229 0
v -24.722 -4.425 0.28
v -24.722 -4.425 0

f -12 -15 -14
f -14 -13 -12
f -10 -9 -8
f -8 -9 -7
f -8 -7 -6
f -6 -7 -5
f -6 -5 -4
f -4 -5 -3
f -4 -3 -2
f -2 -3 -1

o Default b3M51
usemtl 0x8FBDB9
v -23.924 -4.425 0.28
v -23.336 -4.425 0.28
v -23.336 -4.229 0.28
v -23.924 -4.229 0.28
v -23.924 -4.425 0.28
v -23.924 -4.425 0.28
v -23.924 -4.425 0
v -23.336 -4.425 0.28
v -23.336 -4.425 0
v -23.336 -4.229 0.28
v -23.336 -4.229 0
v -23.924 -4.229 0.28
v -23.924 -4.229 0
v -23.924 -4.425 0.28
v -23.924 -4.425 0

f -12 -15 -14
f -14 -13 -12
f -10 -9 -8
f -8 -9 -7
f -8 -7 -6
f -6 -7 -5
f -6 -5 -4
f -4 -5 -3
f -4 -3 -2
f -2 -3 -1

o Default b3K42
usemtl 0x8FBDB9
v -25.524 -3.945 0.28
v -24.985 -3.945 0.28
v -24.985 -3.749 0.28
v -25.524 -3.749 0.28
v -25.524 -3.945 0.28
v -25.524 -3.945 0.28
v -25.524 -3.945 0
v -24.985 -3.945 0.28
v -24.985 -3.945 0
v -24.985 -3.749 0.28
v -24.985 -3.749 0
v -25.524 -3.749 0.28
v -25.524 -3.749 0
v -25.524 -3.945 0.28
v -25.524 -3.945 0

f -12 -15 -14
f -14 -13 -12
f -10 -9 -8
f -8 -9 -7
f -8 -7 -6
f -6 -7 -5
f -6 -5 -4
f -4 -5 -3
f -4 -3 -2
f -2 -3 -1

o Default b3L45
usemtl 0x9AADAD
v -24.976 -3.945 0.28
v -24.584 -3.945 0.28
v -24.584 -3.749 0.28
v -24.976 -3.749 0.28
v -24.976 -3.945 0.28
v -24.976 -3.945 0.28
v -24.976 -3.945 0
v -24.584 -3.945 0.28
v -24.584 -3.945 0
v -24.584 -3.749 0.28
v -24.584 -3.749 0
v -24.976 -3.749 0.28
v -24.976 -3.749 0
v -24.976 -3.945 0.28
v -24.976 -3.945 0

f -12 -15 -14
f -14 -13 -12
f -10 -9 -8
f -8 -9 -7
f -8 -7 -6
f -6 -7 -5
f -6 -5 -4
f -4 -5 -3
f -4 -3 -2
f -2 -3 -1

o Default b3K40
usemtl 0x8FBDB9
v -25.525 -3.743 0.28
v -25.084 -3.743 0.28
v -25.084 -3.351 0.28
v -25.525 -3.351 0.28
v -25.525 -3.743 0.28
v -25.525 -3.743 0.28
v -25.525 -3.743 0
v -25.084 -3.743 0.28
v -25.084 -3.743 0
v -25.084 -3.351 0.28
v -25.084 -3.351 0
v -25.525 -3.351 0.28
v -25.525 -3.351 0
v -25.525 -3.743 0.28
v -25.525 -3.743 0

f -12 -15 -14
f -14 -13 -12
f -10 -9 -8
f -8 -9 -7
f -8 -7 -6
f -6 -7 -5
f -6 -5 -4
f -4 -5 -3
f -4 -3 -2
f -2 -3 -1

o Default b3L41
usemtl 0x8FBDB9
v -25.075 -3.743 0.28
v -24.585 -3.743 0.28
v -24.585 -3.351 0.28
v -25.075 -3.351 0.28
v -25.075 -3.743 0.28
v -25.075 -3.743 0.28
v -25.075 -3.743 0
v -24.585 -3.743 0.28
v -24.585 -3.743 0
v -24.585 -3.351 0.28
v -24.585 -3.351 0
v -25.075 -3.351 0.28
v -25.075 -3.351 0
v -25.075 -3.743 0.28
v -25.075 -3.743 0

f -12 -15 -14
f -14 -13 -12
f -10 -9 -8
f -8 -9 -7
f -8 -7 -6
f -6 -7 -5
f -6 -5 -4
f -4 -5 -3
f -4 -3 -2
f -2 -3 -1

o Default b3K34-L35
usemtl 0x8FBDB9
v -25.521 -3.041 0.28
v -24.639 -3.041 0.28
v -24.639 -2.453 0.28
v -25.521 -2.453 0.28
v -25.521 -3.041 0.28
v -25.521 -3.041 0.28
v -25.521 -3.041 0
v -24.639 -3.041 0.28
v -24.639 -3.041 0
v -24.639 -2.453 0.28
v -24.639 -2.453 0
v -25.521 -2.453 0.28
v -25.521 -2.453 0
v -25.521 -3.041 0.28
v -25.521 -3.041 0

f -12 -15 -14
f -14 -13 -12
f -10 -9 -8
f -8 -9 -7
f -8 -7 -6
f -6 -7 -5
f -6 -5 -4
f -4 -5 -3
f -4 -3 -2
f -2 -3 -1

o Default b3L31
usemtl 0x8FBDB9
v -25.174 -2.441 0.28
v -24.635 -2.441 0.28
v -24.635 -1.853 0.28
v -25.174 -1.853 0.28
v -25.174 -2.441 0.28
v -25.174 -2.441 0.28
v -25.174 -2.441 0
v -24.635 -2.441 0.28
v -24.635 -2.441 0
v -24.635 -1.853 0.28
v -24.635 -1.853 0
v -25.174 -1.853 0.28
v -25.174 -1.853 0
v -25.174 -2.441 0.28
v -25.174 -2.441 0

f -12 -15 -14
f -14 -13 -12
f -10 -9 -8
f -8 -9 -7
f -8 -7 -6
f -6 -7 -5
f -6 -5 -4
f -4 -5 -3
f -4 -3 -2
f -2 -3 -1

o Default b3K24
usemtl 0x8FBDB9
v -25.527 -1.442 0.28
v -25.233 -1.442 0.28
v -25.233 -0.952 0.28
v -25.527 -0.952 0.28
v -25.527 -1.442 0.28
v -25.527 -1.442 0.28
v -25.527 -1.442 0
v -25.233 -1.442 0.28
v -25.233 -1.442 0
v -25.233 -0.952 0.28
v -25.233 -0.952 0
v -25.527 -0.952 0.28
v -25.527 -0.952 0
v -25.527 -1.442 0.28
v -25.527 -1.442 0

f -12 -15 -14
f -14 -13 -12
f -10 -9 -8
f -8 -9 -7
f -8 -7 -6
f -6 -7 -5
f -6 -5 -4
f -4 -5 -3
f -4 -3 -2
f -2 -3 -1

o Default b3L25
usemtl 0x8FBDB9
v -25.224 -1.444 0.28
v -24.636 -1.444 0.28
v -24.636 -1.101 0.28
v -25.224 -1.101 0.28
v -25.224 -1.444 0.28
v -25.224 -1.444 0.28
v -25.224 -1.444 0
v -24.636 -1.444 0.28
v -24.636 -1.444 0
v -24.636 -1.101 0.28
v -24.636 -1.101 0
v -25.224 -1.101 0.28
v -25.224 -1.101 0
v -25.224 -1.444 0.28
v -25.224 -1.444 0

f -12 -15 -14
f -14 -13 -12
f -10 -9 -8
f -8 -9 -7
f -8 -7 -6
f -6 -7 -5
f -6 -5 -4
f -4 -5 -3
f -4 -3 -2
f -2 -3 -1

o Default b3K20
usemtl 0x8FBDB9
v -25.527 -0.941 0.28
v -25.233 -0.941 0.28
v -25.233 -0.353 0.28
v -25.527 -0.353 0.28
v -25.527 -0.941 0.28
v -25.527 -0.941 0.28
v -25.527 -0.941 0
v -25.233 -0.941 0.28
v -25.233 -0.941 0
v -25.233 -0.353 0.28
v -25.233 -0.353 0
v -25.527 -0.353 0.28
v -25.527 -0.353 0
v -25.527 -0.941 0.28
v -25.527 -0.941 0

f -12 -15 -14
f -14 -13 -12
f -10 -9 -8
f -8 -9 -7
f -8 -7 -6
f -6 -7 -5
f -6 -5 -4
f -4 -5 -3
f -4 -3 -2
f -2 -3 -1

o Default b3L21
usemtl 0x8FBDB9
v -25.224 -1.09 0.28
v -24.636 -1.09 0.28
v -24.636 -0.355 0.28
v -25.224 -0.355 0.28
v -25.224 -1.09 0.28
v -25.224 -1.09 0.28
v -25.224 -1.09 0
v -24.636 -1.09 0.28
v -24.636 -1.09 0
v -24.636 -0.355 0.28
v -24.636 -0.355 0
v -25.224 -0.355 0.28
v -25.224 -0.355 0
v -25.224 -1.09 0.28
v -25.224 -1.09 0

f -12 -15 -14
f -14 -13 -12
f -10 -9 -8
f -8 -9 -7
f -8 -7 -6
f -6 -7 -5
f -6 -5 -4
f -4 -5 -3
f -4 -3 -2
f -2 -3 -1

o Default b3K10-L11
usemtl 0x8FBDB9
v -25.511 -0.029 0.28
v -24.629 -0.029 0.28
v -24.629 1.735 0.28
v -25.511 1.735 0.28
v -25.511 -0.029 0.28
v -25.511 -0.029 0.28
v -25.511 -0.029 0
v -24.629 -0.029 0.28
v -24.629 -0.029 0
v -24.629 1.735 0.28
v -24.629 1.735 0
v -25.511 1.735 0.28
v -25.511 1.735 0
v -25.511 -0.029 0.28
v -25.511 -0.029 0

f -12 -15 -14
f -14 -13 -12
f -10 -9 -8
f -8 -9 -7
f -8 -7 -6
f -6 -7 -5
f -6 -5 -4
f -4 -5 -3
f -4 -3 -2
f -2 -3 -1

o Default b3L10-M11
usemtl 0x8FBDB9
v -24.311 -0.029 0.28
v -23.478 -0.029 0.28
v -23.478 1.735 0.28
v -24.311 1.735 0.28
v -24.311 -0.029 0.28
v -24.311 -0.029 0.28
v -24.311 -0.029 0
v -23.478 -0.029 0.28
v -23.478 -0.029 0
v -23.478 1.735 0.28
v -23.478 1.735 0
v -24.311 1.735 0.28
v -24.311 1.735 0
v -24.311 -0.029 0.28
v -24.311 -0.029 0

f -12 -15 -14
f -14 -13 -12
f -10 -9 -8
f -8 -9 -7
f -8 -7 -6
f -6 -7 -5
f -6 -5 -4
f -4 -5 -3
f -4 -3 -2
f -2 -3 -1

o Default b3L20-M21
usemtl 0x8FBDB9
v -24.321 -1.436 0.28
v -23.488 -1.436 0.28
v -23.488 -0.358 0.28
v -24.321 -0.358 0.28
v -24.321 -1.436 0.28
v -24.321 -1.436 0.28
v -24.321 -1.436 0
v -23.488 -1.436 0.28
v -23.488 -1.436 0
v -23.488 -0.358 0.28
v -23.488 -0.358 0
v -24.321 -0.358 0.28
v -24.321 -0.358 0
v -24.321 -1.436 0.28
v -24.321 -1.436 0

f -12 -15 -14
f -14 -13 -12
f -10 -9 -8
f -8 -9 -7
f -8 -7 -6
f -6 -7 -5
f -6 -5 -4
f -4 -5 -3
f -4 -3 -2
f -2 -3 -1

o Default b3L30-M31
usemtl 0x8FBDB9
v -24.321 -3.035 0.28
v -23.488 -3.035 0.28
v -23.488 -1.859 0.28
v -24.321 -1.859 0.28
v -24.321 -3.035 0.28
v -24.321 -3.035 0.28
v -24.321 -3.035 0
v -23.488 -3.035 0.28
v -23.488 -3.035 0
v -23.488 -1.859 0.28
v -23.488 -1.859 0
v -24.321 -1.859 0.28
v -24.321 -1.859 0
v -24.321 -3.035 0.28
v -24.321 -3.035 0

f -12 -15 -14
f -14 -13 -12
f -10 -9 -8
f -8 -9 -7
f -8 -7 -6
f -6 -7 -5
f -6 -5 -4
f -4 -5 -3
f -4 -3 -2
f -2 -3 -1

o Default b3L44
usemtl 0x8FBDB9
v -24.275 -3.945 0.28
v -23.785 -3.945 0.28
v -23.785 -3.7 0.28
v -24.275 -3.7 0.28
v -24.275 -3.945 0.28
v -24.275 -3.945 0.28
v -24.275 -3.945 0
v -23.785 -3.945 0.28
v -23.785 -3.945 0
v -23.785 -3.7 0.28
v -23.785 -3.7 0
v -24.275 -3.7 0.28
v -24.275 -3.7 0
v -24.275 -3.945 0.28
v -24.275 -3.945 0

f -12 -15 -14
f -14 -13 -12
f -10 -9 -8
f -8 -9 -7
f -8 -7 -6
f -6 -7 -5
f -6 -5 -4
f -4 -5 -3
f -4 -3 -2
f -2 -3 -1

o Default b3L40-M41
usemtl 0x8FBDB9
v -24.271 -3.694 0.28
v -23.438 -3.694 0.28
v -23.438 -3.351 0.28
v -24.271 -3.351 0.28
v -24.271 -3.694 0.28
v -24.271 -3.694 0.28
v -24.271 -3.694 0
v -23.438 -3.694 0.28
v -23.438 -3.694 0
v -23.438 -3.351 0.28
v -23.438 -3.351 0
v -24.271 -3.351 0.28
v -24.271 -3.351 0
v -24.271 -3.694 0.28
v -24.271 -3.694 0

f -12 -15 -14
f -14 -13 -12
f -10 -9 -8
f -8 -9 -7
f -8 -7 -6
f -6 -7 -5
f -6 -5 -4
f -4 -5 -3
f -4 -3 -2
f -2 -3 -1

o Default b3M54
usemtl 0x8FBDB9
v -23.078 -3.944 0.28
v -22.882 -3.944 0.28
v -22.882 -3.65 0.28
v -23.078 -3.65 0.28
v -23.078 -3.944 0.28
v -23.078 -3.944 0.28
v -23.078 -3.944 0
v -22.882 -3.944 0.28
v -22.882 -3.944 0
v -22.882 -3.65 0.28
v -22.882 -3.65 0
v -23.078 -3.65 0.28
v -23.078 -3.65 0
v -23.078 -3.944 0.28
v -23.078 -3.944 0

f -12 -15 -14
f -14 -13 -12
f -10 -9 -8
f -8 -9 -7
f -8 -7 -6
f -6 -7 -5
f -6 -5 -4
f -4 -5 -3
f -4 -3 -2
f -2 -3 -1

o Default b3M40
usemtl 0x8FBDB9
v -23.072 -3.644 0.28
v -22.337 -3.644 0.28
v -22.337 -3.35 0.28
v -23.072 -3.35 0.28
v -23.072 -3.644 0.28
v -23.072 -3.644 0.28
v -23.072 -3.644 0
v -22.337 -3.644 0.28
v -22.337 -3.644 0
v -22.337 -3.35 0.28
v -22.337 -3.35 0
v -23.072 -3.35 0.28
v -23.072 -3.35 0
v -23.072 -3.644 0.28
v -23.072 -3.644 0

f -12 -15 -14
f -14 -13 -12
f -10 -9 -8
f -8 -9 -7
f -8 -7 -6
f -6 -7 -5
f -6 -5 -4
f -4 -5 -3
f -4 -3 -2
f -2 -3 -1

o Default b3M50
usemtl 0x8FBDB9
v -23.026 -4.425 0.28
v -22.634 -4.425 0.28
v -22.634 -4.229 0.28
v -23.026 -4.229 0.28
v -23.026 -4.425 0.28
v -23.026 -4.425 0.28
v -23.026 -4.425 0
v -22.634 -4.425 0.28
v -22.634 -4.425 0
v -22.634 -4.229 0.28
v -22.634 -4.229 0
v -23.026 -4.229 0.28
v -23.026 -4.229 0
v -23.026 -4.425 0.28
v -23.026 -4.425 0

f -12 -15 -14
f -14 -13 -12
f -10 -9 -8
f -8 -9 -7
f -8 -7 -6
f -6 -7 -5
f -6 -5 -4
f -4 -5 -3
f -4 -3 -2
f -2 -3 -1

o Default b3M52
usemtl 0x8FBDB9
v -22.622 -4.425 0.28
v -21.838 -4.425 0.28
v -21.838 -4.229 0.28
v -22.622 -4.229 0.28
v -22.622 -4.425 0.28
v -22.622 -4.425 0.28
v -22.622 -4.425 0
v -21.838 -4.425 0.28
v -21.838 -4.425 0
v -21.838 -4.229 0.28
v -21.838 -4.229 0
v -22.622 -4.229 0.28
v -22.622 -4.229 0
v -22.622 -4.425 0.28
v -22.622 -4.425 0

f -12 -15 -14
f -14 -13 -12
f -10 -9 -8
f -8 -9 -7
f -8 -7 -6
f -6 -7 -5
f -6 -5 -4
f -4 -5 -3
f -4 -3 -2
f -2 -3 -1

o Default b3N50
usemtl 0x8FBDB9
v -21.826 -4.425 0.28
v -21.434 -4.425 0.28
v -21.434 -4.229 0.28
v -21.826 -4.229 0.28
v -21.826 -4.425 0.28
v -21.826 -4.425 0.28
v -21.826 -4.425 0
v -21.434 -4.425 0.28
v -21.434 -4.425 0
v -21.434 -4.229 0.28
v -21.434 -4.229 0
v -21.826 -4.229 0.28
v -21.826 -4.229 0
v -21.826 -4.425 0.28
v -21.826 -4.425 0

f -12 -15 -14
f -14 -13 -12
f -10 -9 -8
f -8 -9 -7
f -8 -7 -6
f -6 -7 -5
f -6 -5 -4
f -4 -5 -3
f -4 -3 -2
f -2 -3 -1

o Default b3N54
usemtl 0x8FBDB9
v -21.428 -4.425 0.28
v -21.232 -4.425 0.28
v -21.232 -4.229 0.28
v -21.428 -4.229 0.28
v -21.428 -4.425 0.28
v -21.428 -4.425 0.28
v -21.428 -4.425 0
v -21.232 -4.425 0.28
v -21.232 -4.425 0
v -21.232 -4.229 0.28
v -21.232 -4.229 0
v -21.428 -4.229 0.28
v -21.428 -4.229 0
v -21.428 -4.425 0.28
v -21.428 -4.425 0

f -12 -15 -14
f -14 -13 -12
f -10 -9 -8
f -8 -9 -7
f -8 -7 -6
f -6 -7 -5
f -6 -5 -4
f -4 -5 -3
f -4 -3 -2
f -2 -3 -1

o Default b3P53
usemtl 0x8FBDB9
v -21.228 -4.425 0.28
v -21.032 -4.425 0.28
v -21.032 -4.229 0.28
v -21.228 -4.229 0.28
v -21.228 -4.425 0.28
v -21.228 -4.425 0.28
v -21.228 -4.425 0
v -21.032 -4.425 0.28
v -21.032 -4.425 0
v -21.032 -4.229 0.28
v -21.032 -4.229 0
v -21.228 -4.229 0.28
v -21.228 -4.229 0
v -21.228 -4.425 0.28
v -21.228 -4.425 0

f -12 -15 -14
f -14 -13 -12
f -10 -9 -8
f -8 -9 -7
f -8 -7 -6
f -6 -7 -5
f -6 -5 -4
f -4 -5 -3
f -4 -3 -2
f -2 -3 -1

o Default b3P51
usemtl 0x8FBDB9
v -21.028 -4.425 0.28
v -20.832 -4.425 0.28
v -20.832 -4.229 0.28
v -21.028 -4.229 0.28
v -21.028 -4.425 0.28
v -21.028 -4.425 0.28
v -21.028 -4.425 0
v -20.832 -4.425 0.28
v -20.832 -4.425 0
v -20.832 -4.229 0.28
v -20.832 -4.229 0
v -21.028 -4.229 0.28
v -21.028 -4.229 0
v -21.028 -4.425 0.28
v -21.028 -4.425 0

f -12 -15 -14
f -14 -13 -12
f -10 -9 -8
f -8 -9 -7
f -8 -7 -6
f -6 -7 -5
f -6 -5 -4
f -4 -5 -3
f -4 -3 -2
f -2 -3 -1

o Default b3P54
usemtl 0x8FBDB9
v -20.828 -4.425 0.28
v -20.632 -4.425 0.28
v -20.632 -4.229 0.28
v -20.828 -4.229 0.28
v -20.828 -4.425 0.28
v -20.828 -4.425 0.28
v -20.828 -4.425 0
v -20.632 -4.425 0.28
v -20.632 -4.425 0
v -20.632 -4.229 0.28
v -20.632 -4.229 0
v -20.828 -4.229 0.28
v -20.828 -4.229 0
v -20.828 -4.425 0.28
v -20.828 -4.425 0

f -12 -15 -14
f -14 -13 -12
f -10 -9 -8
f -8 -9 -7
f -8 -7 -6
f -6 -7 -5
f -6 -5 -4
f -4 -5 -3
f -4 -3 -2
f -2 -3 -1

o Default b3Q55
usemtl 0x8FBDB9
v -20.628 -4.425 0.28
v -20.432 -4.425 0.28
v -20.432 -4.229 0.28
v -20.628 -4.229 0.28
v -20.628 -4.425 0.28
v -20.628 -4.425 0.28
v -20.628 -4.425 0
v -20.432 -4.425 0.28
v -20.432 -4.425 0
v -20.432 -4.229 0.28
v -20.432 -4.229 0
v -20.628 -4.229 0.28
v -20.628 -4.229 0
v -20.628 -4.425 0.28
v -20.628 -4.425 0

f -12 -15 -14
f -14 -13 -12
f -10 -9 -8
f -8 -9 -7
f -8 -7 -6
f -6 -7 -5
f -6 -5 -4
f -4 -5 -3
f -4 -3 -2
f -2 -3 -1

o Default b3Q53
usemtl 0x8FBDB9
v -20.428 -4.425 0.28
v -20.232 -4.425 0.28
v -20.232 -4.229 0.28
v -20.428 -4.229 0.28
v -20.428 -4.425 0.28
v -20.428 -4.425 0.28
v -20.428 -4.425 0
v -20.232 -4.425 0.28
v -20.232 -4.425 0
v -20.232 -4.229 0.28
v -20.232 -4.229 0
v -20.428 -4.229 0.28
v -20.428 -4.229 0
v -20.428 -4.425 0.28
v -20.428 -4.425 0

f -12 -15 -14
f -14 -13 -12
f -10 -9 -8
f -8 -9 -7
f -8 -7 -6
f -6 -7 -5
f -6 -5 -4
f -4 -5 -3
f -4 -3 -2
f -2 -3 -1

o Default b3Q50
usemtl 0x8FBDB9
v -20.228 -4.425 0.28
v -20.032 -4.425 0.28
v -20.032 -4.229 0.28
v -20.228 -4.229 0.28
v -20.228 -4.425 0.28
v -20.228 -4.425 0.28
v -20.228 -4.425 0
v -20.032 -4.425 0.28
v -20.032 -4.425 0
v -20.032 -4.229 0.28
v -20.032 -4.229 0
v -20.228 -4.229 0.28
v -20.228 -4.229 0
v -20.228 -4.425 0.28
v -20.228 -4.425 0

f -12 -15 -14
f -14 -13 -12
f -10 -9 -8
f -8 -9 -7
f -8 -7 -6
f -6 -7 -5
f -6 -5 -4
f -4 -5 -3
f -4 -3 -2
f -2 -3 -1

o Default b3Q52
usemtl 0x8FBDB9
v -20.028 -4.425 0.28
v -19.832 -4.425 0.28
v -19.832 -4.229 0.28
v -20.028 -4.229 0.28
v -20.028 -4.425 0.28
v -20.028 -4.425 0.28
v -20.028 -4.425 0
v -19.832 -4.425 0.28
v -19.832 -4.425 0
v -19.832 -4.229 0.28
v -19.832 -4.229 0
v -20.028 -4.229 0.28
v -20.028 -4.229 0
v -20.028 -4.425 0.28
v -20.028 -4.425 0

f -12 -15 -14
f -14 -13 -12
f -10 -9 -8
f -8 -9 -7
f -8 -7 -6
f -6 -7 -5
f -6 -5 -4
f -4 -5 -3
f -4 -3 -2
f -2 -3 -1

o Default b3Q54
usemtl 0x8FBDB9
v -19.828 -4.425 0.28
v -19.632 -4.425 0.28
v -19.632 -4.229 0.28
v -19.828 -4.229 0.28
v -19.828 -4.425 0.28
v -19.828 -4.425 0.28
v -19.828 -4.425 0
v -19.632 -4.425 0.28
v -19.632 -4.425 0
v -19.632 -4.229 0.28
v -19.632 -4.229 0
v -19.828 -4.229 0.28
v -19.828 -4.229 0
v -19.828 -4.425 0.28
v -19.828 -4.425 0

f -12 -15 -14
f -14 -13 -12
f -10 -9 -8
f -8 -9 -7
f -8 -7 -6
f -6 -7 -5
f -6 -5 -4
f -4 -5 -3
f -4 -3 -2
f -2 -3 -1

o Default b3R53
usemtl 0x8FBDB9
v -19.628 -4.425 0.28
v -19.432 -4.425 0.28
v -19.432 -4.229 0.28
v -19.628 -4.229 0.28
v -19.628 -4.425 0.28
v -19.628 -4.425 0.28
v -19.628 -4.425 0
v -19.432 -4.425 0.28
v -19.432 -4.425 0
v -19.432 -4.229 0.28
v -19.432 -4.229 0
v -19.628 -4.229 0.28
v -19.628 -4.229 0
v -19.628 -4.425 0.28
v -19.628 -4.425 0

f -12 -15 -14
f -14 -13 -12
f -10 -9 -8
f -8 -9 -7
f -8 -7 -6
f -6 -7 -5
f -6 -5 -4
f -4 -5 -3
f -4 -3 -2
f -2 -3 -1

o Default b3R51
usemtl 0x8FBDB9
v -19.428 -4.425 0.28
v -19.232 -4.425 0.28
v -19.232 -4.229 0.28
v -19.428 -4.229 0.28
v -19.428 -4.425 0.28
v -19.428 -4.425 0.28
v -19.428 -4.425 0
v -19.232 -4.425 0.28
v -19.232 -4.425 0
v -19.232 -4.229 0.28
v -19.232 -4.229 0
v -19.428 -4.229 0.28
v -19.428 -4.229 0
v -19.428 -4.425 0.28
v -19.428 -4.425 0

f -12 -15 -14
f -14 -13 -12
f -10 -9 -8
f -8 -9 -7
f -8 -7 -6
f -6 -7 -5
f -6 -5 -4
f -4 -5 -3
f -4 -3 -2
f -2 -3 -1

o Default b3R50
usemtl 0x8FBDB9
v -19.228 -4.425 0.28
v -19.032 -4.425 0.28
v -19.032 -4.229 0.28
v -19.228 -4.229 0.28
v -19.228 -4.425 0.28
v -19.228 -4.425 0.28
v -19.228 -4.425 0
v -19.032 -4.425 0.28
v -19.032 -4.425 0
v -19.032 -4.229 0.28
v -19.032 -4.229 0
v -19.228 -4.229 0.28
v -19.228 -4.229 0
v -19.228 -4.425 0.28
v -19.228 -4.425 0

f -12 -15 -14
f -14 -13 -12
f -10 -9 -8
f -8 -9 -7
f -8 -7 -6
f -6 -7 -5
f -6 -5 -4
f -4 -5 -3
f -4 -3 -2
f -2 -3 -1

o Default b3R52
usemtl 0x8FBDB9
v -19.028 -4.425 0.28
v -18.832 -4.425 0.28
v -18.832 -4.229 0.28
v -19.028 -4.229 0.28
v -19.028 -4.425 0.28
v -19.028 -4.425 0.28
v -19.028 -4.425 0
v -18.832 -4.425 0.28
v -18.832 -4.425 0
v -18.832 -4.229 0.28
v -18.832 -4.229 0
v -19.028 -4.229 0.28
v -19.028 -4.229 0
v -19.028 -4.425 0.28
v -19.028 -4.425 0

f -12 -15 -14
f -14 -13 -12
f -10 -9 -8
f -8 -9 -7
f -8 -7 -6
f -6 -7 -5
f -6 -5 -4
f -4 -5 -3
f -4 -3 -2
f -2 -3 -1

o Default b3S51
usemtl 0x8FBDB9
v -18.824 -4.425 0.28
v -18.236 -4.425 0.28
v -18.236 -4.229 0.28
v -18.824 -4.229 0.28
v -18.824 -4.425 0.28
v -18.824 -4.425 0.28
v -18.824 -4.425 0
v -18.236 -4.425 0.28
v -18.236 -4.425 0
v -18.236 -4.229 0.28
v -18.236 -4.229 0
v -18.824 -4.229 0.28
v -18.824 -4.229 0
v -18.824 -4.425 0.28
v -18.824 -4.425 0

f -12 -15 -14
f -14 -13 -12
f -10 -9 -8
f -8 -9 -7
f -8 -7 -6
f -6 -7 -5
f -6 -5 -4
f -4 -5 -3
f -4 -3 -2
f -2 -3 -1

o Default b3M30
usemtl 0x8FBDB9
v -23.125 -3.035 0.28
v -22.635 -3.035 0.28
v -22.635 -1.859 0.28
v -23.125 -1.859 0.28
v -23.125 -3.035 0.28
v -23.125 -3.035 0.28
v -23.125 -3.035 0
v -22.635 -3.035 0.28
v -22.635 -3.035 0
v -22.635 -1.859 0.28
v -22.635 -1.859 0
v -23.125 -1.859 0.28
v -23.125 -1.859 0
v -23.125 -3.035 0.28
v -23.125 -3.035 0

f -12 -15 -14
f -14 -13 -12
f -10 -9 -8
f -8 -9 -7
f -8 -7 -6
f -6 -7 -5
f -6 -5 -4
f -4 -5 -3
f -4 -3 -2
f -2 -3 -1

o Default b3N35
usemtl 0x8FBDB9
v -22.627 -3.035 0.28
v -22.333 -3.035 0.28
v -22.333 -1.859 0.28
v -22.627 -1.859 0.28
v -22.627 -3.035 0.28
v -22.627 -3.035 0.28
v -22.627 -3.035 0
v -22.333 -3.035 0.28
v -22.333 -3.035 0
v -22.333 -1.859 0.28
v -22.333 -1.859 0
v -22.627 -1.859 0.28
v -22.627 -1.859 0
v -22.627 -3.035 0.28
v -22.627 -3.035 0

f -12 -15 -14
f -14 -13 -12
f -10 -9 -8
f -8 -9 -7
f -8 -7 -6
f -6 -7 -5
f -6 -5 -4
f -4 -5 -3
f -4 -3 -2
f -2 -3 -1

o Default b3M02
usemtl 0x8FBDB9
v -23.125 2.106 0.28
v -22.635 2.106 0.28
v -22.635 2.449 0.28
v -23.125 2.449 0.28
v -23.125 2.106 0.28
v -23.125 2.106 0.28
v -23.125 2.106 0
v -22.635 2.106 0.28
v -22.635 2.106 0
v -22.635 2.449 0.28
v -22.635 2.449 0
v -23.125 2.449 0.28
v -23.125 2.449 0
v -23.125 2.106 0.28
v -23.125 2.106 0

f -12 -15 -14
f -14 -13 -12
f -10 -9 -8
f -8 -9 -7
f -8 -7 -6
f -6 -7 -5
f -6 -5 -4
f -4 -5 -3
f -4 -3 -2
f -2 -3 -1

o Default b3N44
usemtl 0x8FBDB9
v -22.076 -3.944 0.28
v -21.733 -3.944 0.28
v -21.733 -3.65 0.28
v -22.076 -3.65 0.28
v -22.076 -3.944 0.28
v -22.076 -3.944 0.28
v -22.076 -3.944 0
v -21.733 -3.944 0.28
v -21.733 -3.944 0
v -21.733 -3.65 0.28
v -21.733 -3.65 0
v -22.076 -3.65 0.28
v -22.076 -3.65 0
v -22.076 -3.944 0.28
v -22.076 -3.944 0

f -12 -15 -14
f -14 -13 -12
f -10 -9 -8
f -8 -9 -7
f -8 -7 -6
f -6 -7 -5
f -6 -5 -4
f -4 -5 -3
f -4 -3 -2
f -2 -3 -1

o Default b3P45
usemtl 0x8FBDB9
v -21.725 -3.944 0.28
v -21.284 -3.944 0.28
v -21.284 -3.65 0.28
v -21.725 -3.65 0.28
v -21.725 -3.944 0.28
v -21.725 -3.944 0.28
v -21.725 -3.944 0
v -21.284 -3.944 0.28
v -21.284 -3.944 0
v -21.284 -3.65 0.28
v -21.284 -3.65 0
v -21.725 -3.65 0.28
v -21.725 -3.65 0
v -21.725 -3.944 0.28
v -21.725 -3.944 0

f -12 -15 -14
f -14 -13 -12
f -10 -9 -8
f -8 -9 -7
f -8 -7 -6
f -6 -7 -5
f -6 -5 -4
f -4 -5 -3
f -4 -3 -2
f -2 -3 -1

o Default b3N40-P41
usemtl 0x8FBDB9
v -22.072 -3.644 0.28
v -21.288 -3.644 0.28
v -21.288 -3.35 0.28
v -22.072 -3.35 0.28
v -22.072 -3.644 0.28
v -22.072 -3.644 0.28
v -22.072 -3.644 0
v -21.288 -3.644 0.28
v -21.288 -3.644 0
v -21.288 -3.35 0.28
v -21.288 -3.35 0
v -22.072 -3.35 0.28
v -22.072 -3.35 0
v -22.072 -3.644 0.28
v -22.072 -3.644 0

f -12 -15 -14
f -14 -13 -12
f -10 -9 -8
f -8 -9 -7
f -8 -7 -6
f -6 -7 -5
f -6 -5 -4
f -4 -5 -3
f -4 -3 -2
f -2 -3 -1

o Default b3P48
usemtl 0x8FBDB9
v -21.078 -3.944 0.28
v -20.882 -3.944 0.28
v -20.882 -3.65 0.28
v -21.078 -3.65 0.28
v -21.078 -3.944 0.28
v -21.078 -3.944 0.28
v -21.078 -3.944 0
v -20.882 -3.944 0.28
v -20.882 -3.944 0
v -20.882 -3.65 0.28
v -20.882 -3.65 0
v -21.078 -3.65 0.28
v -21.078 -3.65 0
v -21.078 -3.944 0.28
v -21.078 -3.944 0

f -12 -15 -14
f -14 -13 -12
f -10 -9 -8
f -8 -9 -7
f -8 -7 -6
f -6 -7 -5
f -6 -5 -4
f -4 -5 -3
f -4 -3 -2
f -2 -3 -1

o Default b3P44
usemtl 0x8FBDB9
v -21.078 -3.644 0.28
v -20.882 -3.644 0.28
v -20.882 -3.35 0.28
v -21.078 -3.35 0.28
v -21.078 -3.644 0.28
v -21.078 -3.644 0.28
v -21.078 -3.644 0
v -20.882 -3.644 0.28
v -20.882 -3.644 0
v -20.882 -3.35 0.28
v -20.882 -3.35 0
v -21.078 -3.35 0.28
v -21.078 -3.35 0
v -21.078 -3.644 0.28
v -21.078 -3.644 0

f -12 -15 -14
f -14 -13 -12
f -10 -9 -8
f -8 -9 -7
f -8 -7 -6
f -6 -7 -5
f -6 -5 -4
f -4 -5 -3
f -4 -3 -2
f -2 -3 -1

o Default b3P50
usemtl 0x8FBDB9
v -20.877 -3.945 0.28
v -20.632 -3.945 0.28
v -20.632 -3.749 0.28
v -20.877 -3.749 0.28
v -20.877 -3.945 0.28
v -20.877 -3.945 0.28
v -20.877 -3.945 0
v -20.632 -3.945 0.28
v -20.632 -3.945 0
v -20.632 -3.749 0.28
v -20.632 -3.749 0
v -20.877 -3.749 0.28
v -20.877 -3.749 0
v -20.877 -3.945 0.28
v -20.877 -3.945 0

f -12 -15 -14
f -14 -13 -12
f -10 -9 -8
f -8 -9 -7
f -8 -7 -6
f -6 -7 -5
f -6 -5 -4
f -4 -5 -3
f -4 -3 -2
f -2 -3 -1

o Default b3P46
usemtl 0x8FBDB9
v -20.877 -3.743 0.28
v -20.632 -3.743 0.28
v -20.632 -3.351 0.28
v -20.877 -3.351 0.28
v -20.877 -3.743 0.28
v -20.877 -3.743 0.28
v -20.877 -3.743 0
v -20.632 -3.743 0.28
v -20.632 -3.743 0
v -20.632 -3.351 0.28
v -20.632 -3.351 0
v -20.877 -3.351 0.28
v -20.877 -3.351 0
v -20.877 -3.743 0.28
v -20.877 -3.743 0

f -12 -15 -14
f -14 -13 -12
f -10 -9 -8
f -8 -9 -7
f -8 -7 -6
f -6 -7 -5
f -6 -5 -4
f -4 -5 -3
f -4 -3 -2
f -2 -3 -1

o Default b3N30
usemtl 0x8FBDB9
v -22.125 -3.035 0.28
v -21.635 -3.035 0.28
v -21.635 -1.859 0.28
v -22.125 -1.859 0.28
v -22.125 -3.035 0.28
v -22.125 -3.035 0.28
v -22.125 -3.035 0
v -21.635 -3.035 0.28
v -21.635 -3.035 0
v -21.635 -1.859 0.28
v -21.635 -1.859 0
v -22.125 -1.859 0.28
v -22.125 -1.859 0
v -22.125 -3.035 0.28
v -22.125 -3.035 0

f -12 -15 -14
f -14 -13 -12
f -10 -9 -8
f -8 -9 -7
f -8 -7 -6
f -6 -7 -5
f -6 -5 -4
f -4 -5 -3
f -4 -3 -2
f -2 -3 -1

o Default b3P31
usemtl 0x8FBDB9
v -21.626 -3.035 0.28
v -21.234 -3.035 0.28
v -21.234 -1.859 0.28
v -21.626 -1.859 0.28
v -21.626 -3.035 0.28
v -21.626 -3.035 0.28
v -21.626 -3.035 0
v -21.234 -3.035 0.28
v -21.234 -3.035 0
v -21.234 -1.859 0.28
v -21.234 -1.859 0
v -21.626 -1.859 0.28
v -21.626 -1.859 0
v -21.626 -3.035 0.28
v -21.626 -3.035 0

f -12 -15 -14
f -14 -13 -12
f -10 -9 -8
f -8 -9 -7
f -8 -7 -6
f -6 -7 -5
f -6 -5 -4
f -4 -5 -3
f -4 -3 -2
f -2 -3 -1

o Default b3P38
usemtl 0x8FBDB9
v -21.028 -3.043 0.28
v -20.832 -3.043 0.28
v -20.832 -2.651 0.28
v -21.028 -2.651 0.28
v -21.028 -3.043 0.28
v -21.028 -3.043 0.28
v -21.028 -3.043 0
v -20.832 -3.043 0.28
v -20.832 -3.043 0
v -20.832 -2.651 0.28
v -20.832 -2.651 0
v -21.028 -2.651 0.28
v -21.028 -2.651 0
v -21.028 -3.043 0.28
v -21.028 -3.043 0

f -12 -15 -14
f -14 -13 -12
f -10 -9 -8
f -8 -9 -7
f -8 -7 -6
f -6 -7 -5
f -6 -5 -4
f -4 -5 -3
f -4 -3 -2
f -2 -3 -1

o Default b3P34
usemtl 0x8FBDB9
v -21.028 -2.645 0.28
v -20.832 -2.645 0.28
v -20.832 -2.449 0.28
v -21.028 -2.449 0.28
v -21.028 -2.645 0.28
v -21.028 -2.645 0.28
v -21.028 -2.645 0
v -20.832 -2.645 0.28
v -20.832 -2.645 0
v -20.832 -2.449 0.28
v -20.832 -2.449 0
v -21.028 -2.449 0.28
v -21.028 -2.449 0
v -21.028 -2.645 0.28
v -21.028 -2.645 0

f -12 -15 -14
f -14 -13 -12
f -10 -9 -8
f -8 -9 -7
f -8 -7 -6
f -6 -7 -5
f -6 -5 -4
f -4 -5 -3
f -4 -3 -2
f -2 -3 -1

o Default b3P30
usemtl 0x8FBDB9
v -21.028 -2.441 0.28
v -20.832 -2.441 0.28
v -20.832 -1.853 0.28
v -21.028 -1.853 0.28
v -21.028 -2.441 0.28
v -21.028 -2.441 0.28
v -21.028 -2.441 0
v -20.832 -2.441 0.28
v -20.832 -2.441 0
v -20.832 -1.853 0.28
v -20.832 -1.853 0
v -21.028 -1.853 0.28
v -21.028 -1.853 0
v -21.028 -2.441 0.28
v -21.028 -2.441 0

f -12 -15 -14
f -14 -13 -12
f -10 -9 -8
f -8 -9 -7
f -8 -7 -6
f -6 -7 -5
f -6 -5 -4
f -4 -5 -3
f -4 -3 -2
f -2 -3 -1

o Default b3P40
usemtl 0x8FBDB9
v -20.828 -3.043 0.28
v -20.632 -3.043 0.28
v -20.632 -2.651 0.28
v -20.828 -2.651 0.28
v -20.828 -3.043 0.28
v -20.828 -3.043 0.28
v -20.828 -3.043 0
v -20.632 -3.043 0.28
v -20.632 -3.043 0
v -20.632 -2.651 0.28
v -20.632 -2.651 0
v -20.828 -2.651 0.28
v -20.828 -2.651 0
v -20.828 -3.043 0.28
v -20.828 -3.043 0

f -12 -15 -14
f -14 -13 -12
f -10 -9 -8
f -8 -9 -7
f -8 -7 -6
f -6 -7 -5
f -6 -5 -4
f -4 -5 -3
f -4 -3 -2
f -2 -3 -1

o Default b3P36
usemtl 0x8FBDB9
v -20.828 -2.644 0.28
v -20.632 -2.644 0.28
v -20.632 -2.35 0.28
v -20.828 -2.35 0.28
v -20.828 -2.644 0.28
v -20.828 -2.644 0.28
v -20.828 -2.644 0
v -20.632 -2.644 0.28
v -20.632 -2.644 0
v -20.632 -2.35 0.28
v -20.632 -2.35 0
v -20.828 -2.35 0.28
v -20.828 -2.35 0
v -20.828 -2.644 0.28
v -20.828 -2.644 0

f -12 -15 -14
f -14 -13 -12
f -10 -9 -8
f -8 -9 -7
f -8 -7 -6
f -6 -7 -5
f -6 -5 -4
f -4 -5 -3
f -4 -3 -2
f -2 -3 -1

o Default b3P32
usemtl 0x8FBDB9
v -20.828 -2.342 0.28
v -20.632 -2.342 0.28
v -20.632 -1.852 0.28
v -20.828 -1.852 0.28
v -20.828 -2.342 0.28
v -20.828 -2.342 0.28
v -20.828 -2.342 0
v -20.632 -2.342 0.28
v -20.632 -2.342 0
v -20.632 -1.852 0.28
v -20.632 -1.852 0
v -20.828 -1.852 0.28
v -20.828 -1.852 0
v -20.828 -2.342 0.28
v -20.828 -2.342 0

f -12 -15 -14
f -14 -13 -12
f -10 -9 -8
f -8 -9 -7
f -8 -7 -6
f -6 -7 -5
f -6 -5 -4
f -4 -5 -3
f -4 -3 -2
f -2 -3 -1

o Default b3Q49
usemtl 0x8FBDB9
v -20.428 -3.944 0.28
v -20.232 -3.944 0.28
v -20.232 -3.65 0.28
v -20.428 -3.65 0.28
v -20.428 -3.944 0.28
v -20.428 -3.944 0.28
v -20.428 -3.944 0
v -20.232 -3.944 0.28
v -20.232 -3.944 0
v -20.232 -3.65 0.28
v -20.232 -3.65 0
v -20.428 -3.65 0.28
v -20.428 -3.65 0
v -20.428 -3.944 0.28
v -20.428 -3.944 0

f -12 -15 -14
f -14 -13 -12
f -10 -9 -8
f -8 -9 -7
f -8 -7 -6
f -6 -7 -5
f -6 -5 -4
f -4 -5 -3
f -4 -3 -2
f -2 -3 -1

o Default b3Q45
usemtl 0x8FBDB9
v -20.428 -3.644 0.28
v -20.232 -3.644 0.28
v -20.232 -3.35 0.28
v -20.428 -3.35 0.28
v -20.428 -3.644 0.28
v -20.428 -3.644 0.28
v -20.428 -3.644 0
v -20.232 -3.644 0.28
v -20.232 -3.644 0
v -20.232 -3.35 0.28
v -20.232 -3.35 0
v -20.428 -3.35 0.28
v -20.428 -3.35 0
v -20.428 -3.644 0.28
v -20.428 -3.644 0

f -12 -15 -14
f -14 -13 -12
f -10 -9 -8
f -8 -9 -7
f -8 -7 -6
f -6 -7 -5
f -6 -5 -4
f -4 -5 -3
f -4 -3 -2
f -2 -3 -1

o Default b3Q51
usemtl 0x8FBDB9
v -20.228 -3.945 0.28
v -20.032 -3.945 0.28
v -20.032 -3.749 0.28
v -20.228 -3.749 0.28
v -20.228 -3.945 0.28
v -20.228 -3.945 0.28
v -20.228 -3.945 0
v -20.032 -3.945 0.28
v -20.032 -3.945 0
v -20.032 -3.749 0.28
v -20.032 -3.749 0
v -20.228 -3.749 0.28
v -20.228 -3.749 0
v -20.228 -3.945 0.28
v -20.228 -3.945 0

f -12 -15 -14
f -14 -13 -12
f -10 -9 -8
f -8 -9 -7
f -8 -7 -6
f -6 -7 -5
f -6 -5 -4
f -4 -5 -3
f -4 -3 -2
f -2 -3 -1

o Default b3Q47
usemtl 0x8FBDB9
v -20.228 -3.745 0.28
v -20.032 -3.745 0.28
v -20.032 -3.549 0.28
v -20.228 -3.549 0.28
v -20.228 -3.745 0.28
v -20.228 -3.745 0.28
v -20.228 -3.745 0
v -20.032 -3.745 0.28
v -20.032 -3.745 0
v -20.032 -3.549 0.28
v -20.032 -3.549 0
v -20.228 -3.549 0.28
v -20.228 -3.549 0
v -20.228 -3.745 0.28
v -20.228 -3.745 0

f -12 -15 -14
f -14 -13 -12
f -10 -9 -8
f -8 -9 -7
f -8 -7 -6
f -6 -7 -5
f -6 -5 -4
f -4 -5 -3
f -4 -3 -2
f -2 -3 -1

o Default b3Q43
usemtl 0x8FBDB9
v -20.228 -3.545 0.28
v -20.032 -3.545 0.28
v -20.032 -3.349 0.28
v -20.228 -3.349 0.28
v -20.228 -3.545 0.28
v -20.228 -3.545 0.28
v -20.228 -3.545 0
v -20.032 -3.545 0.28
v -20.032 -3.545 0
v -20.032 -3.349 0.28
v -20.032 -3.349 0
v -20.228 -3.349 0.28
v -20.228 -3.349 0
v -20.228 -3.545 0.28
v -20.228 -3.545 0

f -12 -15 -14
f -14 -13 -12
f -10 -9 -8
f -8 -9 -7
f -8 -7 -6
f -6 -7 -5
f -6 -5 -4
f -4 -5 -3
f -4 -3 -2
f -2 -3 -1

o Default b3Q41
usemtl 0x8FBDB9
v -20.428 -3.043 0.28
v -20.232 -3.043 0.28
v -20.232 -2.651 0.28
v -20.428 -2.651 0.28
v -20.428 -3.043 0.28
v -20.428 -3.043 0.28
v -20.428 -3.043 0
v -20.232 -3.043 0.28
v -20.232 -3.043 0
v -20.232 -2.651 0.28
v -20.232 -2.651 0
v -20.428 -2.651 0.28
v -20.428 -2.651 0
v -20.428 -3.043 0.28
v -20.428 -3.043 0

f -12 -15 -14
f -14 -13 -12
f -10 -9 -8
f -8 -9 -7
f -8 -7 -6
f -6 -7 -5
f -6 -5 -4
f -4 -5 -3
f -4 -3 -2
f -2 -3 -1

o Default b3Q37
usemtl 0x8FBDB9
v -20.428 -2.643 0.28
v -20.232 -2.643 0.28
v -20.232 -2.251 0.28
v -20.428 -2.251 0.28
v -20.428 -2.643 0.28
v -20.428 -2.643 0.28
v -20.428 -2.643 0
v -20.232 -2.643 0.28
v -20.232 -2.643 0
v -20.232 -2.251 0.28
v -20.232 -2.251 0
v -20.428 -2.251 0.28
v -20.428 -2.251 0
v -20.428 -2.643 0.28
v -20.428 -2.643 0

f -12 -15 -14
f -14 -13 -12
f -10 -9 -8
f -8 -9 -7
f -8 -7 -6
f -6 -7 -5
f -6 -5 -4
f -4 -5 -3
f -4 -3 -2
f -2 -3 -1

o Default b3Q33
usemtl 0x8FBDB9
v -20.428 -2.243 0.28
v -20.232 -2.243 0.28
v -20.232 -1.851 0.28
v -20.428 -1.851 0.28
v -20.428 -2.243 0.28
v -20.428 -2.243 0.28
v -20.428 -2.243 0
v -20.232 -2.243 0.28
v -20.232 -2.243 0
v -20.232 -1.851 0.28
v -20.232 -1.851 0
v -20.428 -1.851 0.28
v -20.428 -1.851 0
v -20.428 -2.243 0.28
v -20.428 -2.243 0

f -12 -15 -14
f -14 -13 -12
f -10 -9 -8
f -8 -9 -7
f -8 -7 -6
f -6 -7 -5
f -6 -5 -4
f -4 -5 -3
f -4 -3 -2
f -2 -3 -1

o Default b3Q39
usemtl 0x8FBDB9
v -20.228 -3.04 0.28
v -20.032 -3.04 0.28
v -20.032 -2.354 0.28
v -20.228 -2.354 0.28
v -20.228 -3.04 0.28
v -20.228 -3.04 0.28
v -20.228 -3.04 0
v -20.032 -3.04 0.28
v -20.032 -3.04 0
v -20.032 -2.354 0.28
v -20.032 -2.354 0
v -20.228 -2.354 0.28
v -20.228 -2.354 0
v -20.228 -3.04 0.28
v -20.228 -3.04 0

f -12 -15 -14
f -14 -13 -12
f -10 -9 -8
f -8 -9 -7
f -8 -7 -6
f -6 -7 -5
f -6 -5 -4
f -4 -5 -3
f -4 -3 -2
f -2 -3 -1

o Default b3Q35
usemtl 0x8FBDB9
v -20.228 -2.345 0.28
v -20.032 -2.345 0.28
v -20.032 -2.149 0.28
v -20.228 -2.149 0.28
v -20.228 -2.345 0.28
v -20.228 -2.345 0.28
v -20.228 -2.345 0
v -20.032 -2.345 0.28
v -20.032 -2.345 0
v -20.032 -2.149 0.28
v -20.032 -2.149 0
v -20.228 -2.149 0.28
v -20.228 -2.149 0
v -20.228 -2.345 0.28
v -20.228 -2.345 0

f -12 -15 -14
f -14 -13 -12
f -10 -9 -8
f -8 -9 -7
f -8 -7 -6
f -6 -7 -5
f -6 -5 -4
f -4 -5 -3
f -4 -3 -2
f -2 -3 -1

o Default b3Q31
usemtl 0x8FBDB9
v -20.228 -2.144 0.28
v -20.032 -2.144 0.28
v -20.032 -1.85 0.28
v -20.228 -1.85 0.28
v -20.228 -2.144 0.28
v -20.228 -2.144 0.28
v -20.228 -2.144 0
v -20.032 -2.144 0.28
v -20.032 -2.144 0
v -20.032 -1.85 0.28
v -20.032 -1.85 0
v -20.228 -1.85 0.28
v -20.228 -1.85 0
v -20.228 -2.144 0.28
v -20.228 -2.144 0

f -12 -15 -14
f -14 -13 -12
f -10 -9 -8
f -8 -9 -7
f -8 -7 -6
f -6 -7 -5
f -6 -5 -4
f -4 -5 -3
f -4 -3 -2
f -2 -3 -1

o Default b3Q46
usemtl 0x8FBDB9
v -19.827 -3.945 0.28
v -19.533 -3.945 0.28
v -19.533 -3.749 0.28
v -19.827 -3.749 0.28
v -19.827 -3.945 0.28
v -19.827 -3.945 0.28
v -19.827 -3.945 0
v -19.533 -3.945 0.28
v -19.533 -3.945 0
v -19.533 -3.749 0.28
v -19.533 -3.749 0
v -19.827 -3.749 0.28
v -19.827 -3.749 0
v -19.827 -3.945 0.28
v -19.827 -3.945 0

f -12 -15 -14
f -14 -13 -12
f -10 -9 -8
f -8 -9 -7
f -8 -7 -6
f -6 -7 -5
f -6 -5 -4
f -4 -5 -3
f -4 -3 -2
f -2 -3 -1

o Default b3R45
usemtl 0x8FBDB9
v -19.528 -3.944 0.28
v -19.332 -3.944 0.28
v -19.332 -3.65 0.28
v -19.528 -3.65 0.28
v -19.528 -3.944 0.28
v -19.528 -3.944 0.28
v -19.528 -3.944 0
v -19.332 -3.944 0.28
v -19.332 -3.944 0
v -19.332 -3.65 0.28
v -19.332 -3.65 0
v -19.528 -3.65 0.28
v -19.528 -3.65 0
v -19.528 -3.944 0.28
v -19.528 -3.944 0

f -12 -15 -14
f -14 -13 -12
f -10 -9 -8
f -8 -9 -7
f -8 -7 -6
f -6 -7 -5
f -6 -5 -4
f -4 -5 -3
f -4 -3 -2
f -2 -3 -1

o Default b3Q40
usemtl 0x8FBDB9
v -19.827 -3.743 0.28
v -19.533 -3.743 0.28
v -19.533 -3.351 0.28
v -19.827 -3.351 0.28
v -19.827 -3.743 0.28
v -19.827 -3.743 0.28
v -19.827 -3.743 0
v -19.533 -3.743 0.28
v -19.533 -3.743 0
v -19.533 -3.351 0.28
v -19.533 -3.351 0
v -19.827 -3.351 0.28
v -19.827 -3.351 0
v -19.827 -3.743 0.28
v -19.827 -3.743 0

f -12 -15 -14
f -14 -13 -12
f -10 -9 -8
f -8 -9 -7
f -8 -7 -6
f -6 -7 -5
f -6 -5 -4
f -4 -5 -3
f -4 -3 -2
f -2 -3 -1

o Default b3Q34
usemtl 0x8FBDB9
v -19.828 -3.043 0.28
v -19.632 -3.043 0.28
v -19.632 -2.651 0.28
v -19.828 -2.651 0.28
v -19.828 -3.043 0.28
v -19.828 -3.043 0.28
v -19.828 -3.043 0
v -19.632 -3.043 0.28
v -19.632 -3.043 0
v -19.632 -2.651 0.28
v -19.632 -2.651 0
v -19.828 -2.651 0.28
v -19.828 -2.651 0
v -19.828 -3.043 0.28
v -19.828 -3.043 0

f -12 -15 -14
f -14 -13 -12
f -10 -9 -8
f -8 -9 -7
f -8 -7 -6
f -6 -7 -5
f -6 -5 -4
f -4 -5 -3
f -4 -3 -2
f -2 -3 -1

o Default b3Q32
usemtl 0x8FBDB9
v -19.828 -2.643 0.28
v -19.632 -2.643 0.28
v -19.632 -2.251 0.28
v -19.828 -2.251 0.28
v -19.828 -2.643 0.28
v -19.828 -2.643 0.28
v -19.828 -2.643 0
v -19.632 -2.643 0.28
v -19.632 -2.643 0
v -19.632 -2.251 0.28
v -19.632 -2.251 0
v -19.828 -2.251 0.28
v -19.828 -2.251 0
v -19.828 -2.643 0.28
v -19.828 -2.643 0

f -12 -15 -14
f -14 -13 -12
f -10 -9 -8
f -8 -9 -7
f -8 -7 -6
f -6 -7 -5
f -6 -5 -4
f -4 -5 -3
f -4 -3 -2
f -2 -3 -1

o Default b3Q30
usemtl 0x8FBDB9
v -19.828 -2.243 0.28
v -19.632 -2.243 0.28
v -19.632 -1.851 0.28
v -19.828 -1.851 0.28
v -19.828 -2.243 0.28
v -19.828 -2.243 0.28
v -19.828 -2.243 0
v -19.632 -2.243 0.28
v -19.632 -2.243 0
v -19.632 -1.851 0.28
v -19.632 -1.851 0
v -19.828 -1.851 0.28
v -19.828 -1.851 0
v -19.828 -2.243 0.28
v -19.828 -2.243 0

f -12 -15 -14
f -14 -13 -12
f -10 -9 -8
f -8 -9 -7
f -8 -7 -6
f -6 -7 -5
f -6 -5 -4
f -4 -5 -3
f -4 -3 -2
f -2 -3 -1

o Default b3R37
usemtl 0x8FBDB9
v -19.628 -3.041 0.28
v -19.432 -3.041 0.28
v -19.432 -2.453 0.28
v -19.628 -2.453 0.28
v -19.628 -3.041 0.28
v -19.628 -3.041 0.28
v -19.628 -3.041 0
v -19.432 -3.041 0.28
v -19.432 -3.041 0
v -19.432 -2.453 0.28
v -19.432 -2.453 0
v -19.628 -2.453 0.28
v -19.628 -2.453 0
v -19.628 -3.041 0.28
v -19.628 -3.041 0

f -12 -15 -14
f -14 -13 -12
f -10 -9 -8
f -8 -9 -7
f -8 -7 -6
f -6 -7 -5
f -6 -5 -4
f -4 -5 -3
f -4 -3 -2
f -2 -3 -1

o Default b3R31
usemtl 0x8FBDB9
v -19.628 -2.441 0.28
v -19.432 -2.441 0.28
v -19.432 -1.853 0.28
v -19.628 -1.853 0.28
v -19.628 -2.441 0.28
v -19.628 -2.441 0.28
v -19.628 -2.441 0
v -19.432 -2.441 0.28
v -19.432 -2.441 0
v -19.432 -1.853 0.28
v -19.432 -1.853 0
v -19.628 -1.853 0.28
v -19.628 -1.853 0
v -19.628 -2.441 0.28
v -19.628 -2.441 0

f -12 -15 -14
f -14 -13 -12
f -10 -9 -8
f -8 -9 -7
f -8 -7 -6
f -6 -7 -5
f -6 -5 -4
f -4 -5 -3
f -4 -3 -2
f -2 -3 -1

o Default b3R43
usemtl 0xFF9E4E
v -19.129 -3.941 0.28
v -19.031 -3.941 0.28
v -19.031 -3.353 0.28
v -19.129 -3.353 0.28
v -19.129 -3.941 0.28
v -19.129 -3.941 0.28
v -19.129 -3.941 0
v -19.031 -3.941 0.28
v -19.031 -3.941 0
v -19.031 -3.353 0.28
v -19.031 -3.353 0
v -19.129 -3.353 0.28
v -19.129 -3.353 0
v -19.129 -3.941 0.28
v -19.129 -3.941 0

f -12 -15 -14
f -14 -13 -12
f -10 -9 -8
f -8 -9 -7
f -8 -7 -6
f -6 -7 -5
f -6 -5 -4
f -4 -5 -3
f -4 -3 -2
f -2 -3 -1

o Default b3R46
usemtl 0x8FBDB9
v -19.028 -3.944 0.28
v -18.832 -3.944 0.28
v -18.832 -3.65 0.28
v -19.028 -3.65 0.28
v -19.028 -3.944 0.28
v -19.028 -3.944 0.28
v -19.028 -3.944 0
v -18.832 -3.944 0.28
v -18.832 -3.944 0
v -18.832 -3.65 0.28
v -18.832 -3.65 0
v -19.028 -3.65 0.28
v -19.028 -3.65 0
v -19.028 -3.944 0.28
v -19.028 -3.944 0

f -12 -15 -14
f -14 -13 -12
f -10 -9 -8
f -8 -9 -7
f -8 -7 -6
f -6 -7 -5
f -6 -5 -4
f -4 -5 -3
f -4 -3 -2
f -2 -3 -1

o Default b3R40
usemtl 0x8FBDB9
v -19.028 -3.644 0.28
v -18.832 -3.644 0.28
v -18.832 -3.35 0.28
v -19.028 -3.35 0.28
v -19.028 -3.644 0.28
v -19.028 -3.644 0.28
v -19.028 -3.644 0
v -18.832 -3.644 0.28
v -18.832 -3.644 0
v -18.832 -3.35 0.28
v -18.832 -3.35 0
v -19.028 -3.35 0.28
v -19.028 -3.35 0
v -19.028 -3.644 0.28
v -19.028 -3.644 0

f -12 -15 -14
f -14 -13 -12
f -10 -9 -8
f -8 -9 -7
f -8 -7 -6
f -6 -7 -5
f -6 -5 -4
f -4 -5 -3
f -4 -3 -2
f -2 -3 -1

o Default b3R39
usemtl 0x8FBDB9
v -19.228 -3.042 0.28
v -19.032 -3.042 0.28
v -19.032 -2.552 0.28
v -19.228 -2.552 0.28
v -19.228 -3.042 0.28
v -19.228 -3.042 0.28
v -19.228 -3.042 0
v -19.032 -3.042 0.28
v -19.032 -3.042 0
v -19.032 -2.552 0.28
v -19.032 -2.552 0
v -19.228 -2.552 0.28
v -19.228 -2.552 0
v -19.228 -3.042 0.28
v -19.228 -3.042 0

f -12 -15 -14
f -14 -13 -12
f -10 -9 -8
f -8 -9 -7
f -8 -7 -6
f -6 -7 -5
f -6 -5 -4
f -4 -5 -3
f -4 -3 -2
f -2 -3 -1

o Default b3R33
usemtl 0x8FBDB9
v -19.228 -2.54 0.28
v -19.032 -2.54 0.28
v -19.032 -1.854 0.28
v -19.228 -1.854 0.28
v -19.228 -2.54 0.28
v -19.228 -2.54 0.28
v -19.228 -2.54 0
v -19.032 -2.54 0.28
v -19.032 -2.54 0
v -19.032 -1.854 0.28
v -19.032 -1.854 0
v -19.228 -1.854 0.28
v -19.228 -1.854 0
v -19.228 -2.54 0.28
v -19.228 -2.54 0

f -12 -15 -14
f -14 -13 -12
f -10 -9 -8
f -8 -9 -7
f -8 -7 -6
f -6 -7 -5
f -6 -5 -4
f -4 -5 -3
f -4 -3 -2
f -2 -3 -1

o Default b3R36
usemtl 0x8FBDB9
v -19.028 -3.041 0.28
v -18.832 -3.041 0.28
v -18.832 -2.453 0.28
v -19.028 -2.453 0.28
v -19.028 -3.041 0.28
v -19.028 -3.041 0.28
v -19.028 -3.041 0
v -18.832 -3.041 0.28
v -18.832 -3.041 0
v -18.832 -2.453 0.28
v -18.832 -2.453 0
v -19.028 -2.453 0.28
v -19.028 -2.453 0
v -19.028 -3.041 0.28
v -19.028 -3.041 0

f -12 -15 -14
f -14 -13 -12
f -10 -9 -8
f -8 -9 -7
f -8 -7 -6
f -6 -7 -5
f -6 -5 -4
f -4 -5 -3
f -4 -3 -2
f -2 -3 -1

o Default b3R30
usemtl 0x8FBDB9
v -19.028 -2.441 0.28
v -18.832 -2.441 0.28
v -18.832 -1.853 0.28
v -19.028 -1.853 0.28
v -19.028 -2.441 0.28
v -19.028 -2.441 0.28
v -19.028 -2.441 0
v -18.832 -2.441 0.28
v -18.832 -2.441 0
v -18.832 -1.853 0.28
v -18.832 -1.853 0
v -19.028 -1.853 0.28
v -19.028 -1.853 0
v -19.028 -2.441 0.28
v -19.028 -2.441 0

f -12 -15 -14
f -14 -13 -12
f -10 -9 -8
f -8 -9 -7
f -8 -7 -6
f -6 -7 -5
f -6 -5 -4
f -4 -5 -3
f -4 -3 -2
f -2 -3 -1

o Default b3R44
usemtl 0x8FBDB9
v -18.628 -3.944 0.28
v -18.432 -3.944 0.28
v -18.432 -3.65 0.28
v -18.628 -3.65 0.28
v -18.628 -3.944 0.28
v -18.628 -3.944 0.28
v -18.628 -3.944 0
v -18.432 -3.944 0.28
v -18.432 -3.944 0
v -18.432 -3.65 0.28
v -18.432 -3.65 0
v -18.628 -3.65 0.28
v -18.628 -3.65 0
v -18.628 -3.944 0.28
v -18.628 -3.944 0

f -12 -15 -14
f -14 -13 -12
f -10 -9 -8
f -8 -9 -7
f -8 -7 -6
f -6 -7 -5
f -6 -5 -4
f -4 -5 -3
f -4 -3 -2
f -2 -3 -1

o Default b3S45
usemtl 0x8FBDB9
v -18.428 -3.944 0.28
v -18.232 -3.944 0.28
v -18.232 -3.65 0.28
v -18.428 -3.65 0.28
v -18.428 -3.944 0.28
v -18.428 -3.944 0.28
v -18.428 -3.944 0
v -18.232 -3.944 0.28
v -18.232 -3.944 0
v -18.232 -3.65 0.28
v -18.232 -3.65 0
v -18.428 -3.65 0.28
v -18.428 -3.65 0
v -18.428 -3.944 0.28
v -18.428 -3.944 0

f -12 -15 -14
f -14 -13 -12
f -10 -9 -8
f -8 -9 -7
f -8 -7 -6
f -6 -7 -5
f -6 -5 -4
f -4 -5 -3
f -4 -3 -2
f -2 -3 -1

o Default b3R42
usemtl 0x8FBDB9
v -18.628 -3.644 0.28
v -18.432 -3.644 0.28
v -18.432 -3.35 0.28
v -18.628 -3.35 0.28
v -18.628 -3.644 0.28
v -18.628 -3.644 0.28
v -18.628 -3.644 0
v -18.432 -3.644 0.28
v -18.432 -3.644 0
v -18.432 -3.35 0.28
v -18.432 -3.35 0
v -18.628 -3.35 0.28
v -18.628 -3.35 0
v -18.628 -3.644 0.28
v -18.628 -3.644 0

f -12 -15 -14
f -14 -13 -12
f -10 -9 -8
f -8 -9 -7
f -8 -7 -6
f -6 -7 -5
f -6 -5 -4
f -4 -5 -3
f -4 -3 -2
f -2 -3 -1

o Default b3S41
usemtl 0x8FBDB9
v -18.428 -3.644 0.28
v -18.232 -3.644 0.28
v -18.232 -3.35 0.28
v -18.428 -3.35 0.28
v -18.428 -3.644 0.28
v -18.428 -3.644 0.28
v -18.428 -3.644 0
v -18.232 -3.644 0.28
v -18.232 -3.644 0
v -18.232 -3.35 0.28
v -18.232 -3.35 0
v -18.428 -3.35 0.28
v -18.428 -3.35 0
v -18.428 -3.644 0.28
v -18.428 -3.644 0

f -12 -15 -14
f -14 -13 -12
f -10 -9 -8
f -8 -9 -7
f -8 -7 -6
f -6 -7 -5
f -6 -5 -4
f -4 -5 -3
f -4 -3 -2
f -2 -3 -1

o Default b3R38
usemtl 0x8FBDB9
v -18.628 -3.041 0.28
v -18.432 -3.041 0.28
v -18.432 -2.453 0.28
v -18.628 -2.453 0.28
v -18.628 -3.041 0.28
v -18.628 -3.041 0.28
v -18.628 -3.041 0
v -18.432 -3.041 0.28
v -18.432 -3.041 0
v -18.432 -2.453 0.28
v -18.432 -2.453 0
v -18.628 -2.453 0.28
v -18.628 -2.453 0
v -18.628 -3.041 0.28
v -18.628 -3.041 0

f -12 -15 -14
f -14 -13 -12
f -10 -9 -8
f -8 -9 -7
f -8 -7 -6
f -6 -7 -5
f -6 -5 -4
f -4 -5 -3
f -4 -3 -2
f -2 -3 -1

o Default b3S37
usemtl 0x8FBDB9
v -18.428 -3.042 0.28
v -18.232 -3.042 0.28
v -18.232 -2.552 0.28
v -18.428 -2.552 0.28
v -18.428 -3.042 0.28
v -18.428 -3.042 0.28
v -18.428 -3.042 0
v -18.232 -3.042 0.28
v -18.232 -3.042 0
v -18.232 -2.552 0.28
v -18.232 -2.552 0
v -18.428 -2.552 0.28
v -18.428 -2.552 0
v -18.428 -3.042 0.28
v -18.428 -3.042 0

f -12 -15 -14
f -14 -13 -12
f -10 -9 -8
f -8 -9 -7
f -8 -7 -6
f -6 -7 -5
f -6 -5 -4
f -4 -5 -3
f -4 -3 -2
f -2 -3 -1

o Default b3S31
usemtl 0x8FBDB9
v -18.428 -2.54 0.28
v -18.232 -2.54 0.28
v -18.232 -1.854 0.28
v -18.428 -1.854 0.28
v -18.428 -2.54 0.28
v -18.428 -2.54 0.28
v -18.428 -2.54 0
v -18.232 -2.54 0.28
v -18.232 -2.54 0
v -18.232 -1.854 0.28
v -18.232 -1.854 0
v -18.428 -1.854 0.28
v -18.428 -1.854 0
v -18.428 -2.54 0.28
v -18.428 -2.54 0

f -12 -15 -14
f -14 -13 -12
f -10 -9 -8
f -8 -9 -7
f -8 -7 -6
f -6 -7 -5
f -6 -5 -4
f -4 -5 -3
f -4 -3 -2
f -2 -3 -1

o Default b3R34
usemtl 0x8FBDB9
v -18.628 -2.441 0.28
v -18.432 -2.441 0.28
v -18.432 -1.853 0.28
v -18.628 -1.853 0.28
v -18.628 -2.441 0.28
v -18.628 -2.441 0.28
v -18.628 -2.441 0
v -18.432 -2.441 0.28
v -18.432 -2.441 0
v -18.432 -1.853 0.28
v -18.432 -1.853 0
v -18.628 -1.853 0.28
v -18.628 -1.853 0
v -18.628 -2.441 0.28
v -18.628 -2.441 0

f -12 -15 -14
f -14 -13 -12
f -10 -9 -8
f -8 -9 -7
f -8 -7 -6
f -6 -7 -5
f -6 -5 -4
f -4 -5 -3
f -4 -3 -2
f -2 -3 -1

o Default b3S50
usemtl 0x8FBDB9
v -17.878 -4.425 0.28
v -17.682 -4.425 0.28
v -17.682 -4.229 0.28
v -17.878 -4.229 0.28
v -17.878 -4.425 0.28
v -17.878 -4.425 0.28
v -17.878 -4.425 0
v -17.682 -4.425 0.28
v -17.682 -4.425 0
v -17.682 -4.229 0.28
v -17.682 -4.229 0
v -17.878 -4.229 0.28
v -17.878 -4.229 0
v -17.878 -4.425 0.28
v -17.878 -4.425 0

f -12 -15 -14
f -14 -13 -12
f -10 -9 -8
f -8 -9 -7
f -8 -7 -6
f -6 -7 -5
f -6 -5 -4
f -4 -5 -3
f -4 -3 -2
f -2 -3 -1

o Default b3T51
usemtl 0x8FBDB9
v -17.678 -4.425 0.28
v -17.482 -4.425 0.28
v -17.482 -4.229 0.28
v -17.678 -4.229 0.28
v -17.678 -4.425 0.28
v -17.678 -4.425 0.28
v -17.678 -4.425 0
v -17.482 -4.425 0.28
v -17.482 -4.425 0
v -17.482 -4.229 0.28
v -17.482 -4.229 0
v -17.678 -4.229 0.28
v -17.678 -4.229 0
v -17.678 -4.425 0.28
v -17.678 -4.425 0

f -12 -15 -14
f -14 -13 -12
f -10 -9 -8
f -8 -9 -7
f -8 -7 -6
f -6 -7 -5
f -6 -5 -4
f -4 -5 -3
f -4 -3 -2
f -2 -3 -1

o Default b3T53
usemtl 0x8FBDB9
v -17.478 -4.425 0.28
v -17.282 -4.425 0.28
v -17.282 -4.229 0.28
v -17.478 -4.229 0.28
v -17.478 -4.425 0.28
v -17.478 -4.425 0.28
v -17.478 -4.425 0
v -17.282 -4.425 0.28
v -17.282 -4.425 0
v -17.282 -4.229 0.28
v -17.282 -4.229 0
v -17.478 -4.229 0.28
v -17.478 -4.229 0
v -17.478 -4.425 0.28
v -17.478 -4.425 0

f -12 -15 -14
f -14 -13 -12
f -10 -9 -8
f -8 -9 -7
f -8 -7 -6
f -6 -7 -5
f -6 -5 -4
f -4 -5 -3
f -4 -3 -2
f -2 -3 -1

o Default b3T52
usemtl 0x8FBDB9
v -17.278 -4.425 0.28
v -17.082 -4.425 0.28
v -17.082 -4.229 0.28
v -17.278 -4.229 0.28
v -17.278 -4.425 0.28
v -17.278 -4.425 0.28
v -17.278 -4.425 0
v -17.082 -4.425 0.28
v -17.082 -4.425 0
v -17.082 -4.229 0.28
v -17.082 -4.229 0
v -17.278 -4.229 0.28
v -17.278 -4.229 0
v -17.278 -4.425 0.28
v -17.278 -4.425 0

f -12 -15 -14
f -14 -13 -12
f -10 -9 -8
f -8 -9 -7
f -8 -7 -6
f -6 -7 -5
f -6 -5 -4
f -4 -5 -3
f -4 -3 -2
f -2 -3 -1

o Default b3T54
usemtl 0x8FBDB9
v -17.078 -4.425 0.28
v -16.882 -4.425 0.28
v -16.882 -4.229 0.28
v -17.078 -4.229 0.28
v -17.078 -4.425 0.28
v -17.078 -4.425 0.28
v -17.078 -4.425 0
v -16.882 -4.425 0.28
v -16.882 -4.425 0
v -16.882 -4.229 0.28
v -16.882 -4.229 0
v -17.078 -4.229 0.28
v -17.078 -4.229 0
v -17.078 -4.425 0.28
v -17.078 -4.425 0

f -12 -15 -14
f -14 -13 -12
f -10 -9 -8
f -8 -9 -7
f -8 -7 -6
f -6 -7 -5
f -6 -5 -4
f -4 -5 -3
f -4 -3 -2
f -2 -3 -1

o Default b3S42
usemtl 0x8FBDB9
v -17.928 -3.965 0.28
v -17.732 -3.965 0.28
v -17.732 -3.769 0.28
v -17.928 -3.769 0.28
v -17.928 -3.965 0.28
v -17.928 -3.965 0.28
v -17.928 -3.965 0
v -17.732 -3.965 0.28
v -17.732 -3.965 0
v -17.732 -3.769 0.28
v -17.732 -3.769 0
v -17.928 -3.769 0.28
v -17.928 -3.769 0
v -17.928 -3.965 0.28
v -17.928 -3.965 0

f -12 -15 -14
f -14 -13 -12
f -10 -9 -8
f -8 -9 -7
f -8 -7 -6
f -6 -7 -5
f -6 -5 -4
f -4 -5 -3
f -4 -3 -2
f -2 -3 -1

o Default b3S40
usemtl 0x8FBDB9
v -17.928 -3.763 0.28
v -17.732 -3.763 0.28
v -17.732 -3.371 0.28
v -17.928 -3.371 0.28
v -17.928 -3.763 0.28
v -17.928 -3.763 0.28
v -17.928 -3.763 0
v -17.732 -3.763 0.28
v -17.732 -3.763 0
v -17.732 -3.371 0.28
v -17.732 -3.371 0
v -17.928 -3.371 0.28
v -17.928 -3.371 0
v -17.928 -3.763 0.28
v -17.928 -3.763 0

f -12 -15 -14
f -14 -13 -12
f -10 -9 -8
f -8 -9 -7
f -8 -7 -6
f -6 -7 -5
f -6 -5 -4
f -4 -5 -3
f -4 -3 -2
f -2 -3 -1

o Default b3T43
usemtl 0x8FBDB9
v -17.728 -3.964 0.28
v -17.532 -3.964 0.28
v -17.532 -3.67 0.28
v -17.728 -3.67 0.28
v -17.728 -3.964 0.28
v -17.728 -3.964 0.28
v -17.728 -3.964 0
v -17.532 -3.964 0.28
v -17.532 -3.964 0
v -17.532 -3.67 0.28
v -17.532 -3.67 0
v -17.728 -3.67 0.28
v -17.728 -3.67 0
v -17.728 -3.964 0.28
v -17.728 -3.964 0

f -12 -15 -14
f -14 -13 -12
f -10 -9 -8
f -8 -9 -7
f -8 -7 -6
f -6 -7 -5
f -6 -5 -4
f -4 -5 -3
f -4 -3 -2
f -2 -3 -1

o Default b3T41
usemtl 0x8FBDB9
v -17.728 -3.664 0.28
v -17.532 -3.664 0.28
v -17.532 -3.37 0.28
v -17.728 -3.37 0.28
v -17.728 -3.664 0.28
v -17.728 -3.664 0.28
v -17.728 -3.664 0
v -17.532 -3.664 0.28
v -17.532 -3.664 0
v -17.532 -3.37 0.28
v -17.532 -3.37 0
v -17.728 -3.37 0.28
v -17.728 -3.37 0
v -17.728 -3.664 0.28
v -17.728 -3.664 0

f -12 -15 -14
f -14 -13 -12
f -10 -9 -8
f -8 -9 -7
f -8 -7 -6
f -6 -7 -5
f -6 -5 -4
f -4 -5 -3
f -4 -3 -2
f -2 -3 -1

o Default b3S34
usemtl 0x8FBDB9
v -17.928 -3.04 0.28
v -17.732 -3.04 0.28
v -17.732 -2.354 0.28
v -17.928 -2.354 0.28
v -17.928 -3.04 0.28
v -17.928 -3.04 0.28
v -17.928 -3.04 0
v -17.732 -3.04 0.28
v -17.732 -3.04 0
v -17.732 -2.354 0.28
v -17.732 -2.354 0
v -17.928 -2.354 0.28
v -17.928 -2.354 0
v -17.928 -3.04 0.28
v -17.928 -3.04 0

f -12 -15 -14
f -14 -13 -12
f -10 -9 -8
f -8 -9 -7
f -8 -7 -6
f -6 -7 -5
f -6 -5 -4
f -4 -5 -3
f -4 -3 -2
f -2 -3 -1

o Default b3S30
usemtl 0x8FBDB9
v -17.928 -2.342 0.28
v -17.732 -2.342 0.28
v -17.732 -1.852 0.28
v -17.928 -1.852 0.28
v -17.928 -2.342 0.28
v -17.928 -2.342 0.28
v -17.928 -2.342 0
v -17.732 -2.342 0.28
v -17.732 -2.342 0
v -17.732 -1.852 0.28
v -17.732 -1.852 0
v -17.928 -1.852 0.28
v -17.928 -1.852 0
v -17.928 -2.342 0.28
v -17.928 -2.342 0

f -12 -15 -14
f -14 -13 -12
f -10 -9 -8
f -8 -9 -7
f -8 -7 -6
f -6 -7 -5
f -6 -5 -4
f -4 -5 -3
f -4 -3 -2
f -2 -3 -1

o Default b3T37
usemtl 0x8FBDB9
v -17.728 -3.044 0.28
v -17.532 -3.044 0.28
v -17.532 -2.75 0.28
v -17.728 -2.75 0.28
v -17.728 -3.044 0.28
v -17.728 -3.044 0.28
v -17.728 -3.044 0
v -17.532 -3.044 0.28
v -17.532 -3.044 0
v -17.532 -2.75 0.28
v -17.532 -2.75 0
v -17.728 -2.75 0.28
v -17.728 -2.75 0
v -17.728 -3.044 0.28
v -17.728 -3.044 0

f -12 -15 -14
f -14 -13 -12
f -10 -9 -8
f -8 -9 -7
f -8 -7 -6
f -6 -7 -5
f -6 -5 -4
f -4 -5 -3
f -4 -3 -2
f -2 -3 -1

o Default b3T35
usemtl 0x8FBDB9
v -17.728 -2.744 0.28
v -17.532 -2.744 0.28
v -17.532 -2.45 0.28
v -17.728 -2.45 0.28
v -17.728 -2.744 0.28
v -17.728 -2.744 0.28
v -17.728 -2.744 0
v -17.532 -2.744 0.28
v -17.532 -2.744 0
v -17.532 -2.45 0.28
v -17.532 -2.45 0
v -17.728 -2.45 0.28
v -17.728 -2.45 0
v -17.728 -2.744 0.28
v -17.728 -2.744 0

f -12 -15 -14
f -14 -13 -12
f -10 -9 -8
f -8 -9 -7
f -8 -7 -6
f -6 -7 -5
f -6 -5 -4
f -4 -5 -3
f -4 -3 -2
f -2 -3 -1

o Default b3T31
usemtl 0x8FBDB9
v -17.728 -2.441 0.28
v -17.532 -2.441 0.28
v -17.532 -1.853 0.28
v -17.728 -1.853 0.28
v -17.728 -2.441 0.28
v -17.728 -2.441 0.28
v -17.728 -2.441 0
v -17.532 -2.441 0.28
v -17.532 -2.441 0
v -17.532 -1.853 0.28
v -17.532 -1.853 0
v -17.728 -1.853 0.28
v -17.728 -1.853 0
v -17.728 -2.441 0.28
v -17.728 -2.441 0

f -12 -15 -14
f -14 -13 -12
f -10 -9 -8
f -8 -9 -7
f -8 -7 -6
f -6 -7 -5
f -6 -5 -4
f -4 -5 -3
f -4 -3 -2
f -2 -3 -1

o Default b3T40
usemtl 0x8FBDB9
v -17.126 -3.941 0.28
v -16.734 -3.941 0.28
v -16.734 -3.353 0.28
v -17.126 -3.353 0.28
v -17.126 -3.941 0.28
v -17.126 -3.941 0.28
v -17.126 -3.941 0
v -16.734 -3.941 0.28
v -16.734 -3.941 0
v -16.734 -3.353 0.28
v -16.734 -3.353 0
v -17.126 -3.353 0.28
v -17.126 -3.353 0
v -17.126 -3.941 0.28
v -17.126 -3.941 0

f -12 -15 -14
f -14 -13 -12
f -10 -9 -8
f -8 -9 -7
f -8 -7 -6
f -6 -7 -5
f -6 -5 -4
f -4 -5 -3
f -4 -3 -2
f -2 -3 -1

o Default b3T34
usemtl 0x8FBDB9
v -17.126 -3.044 0.28
v -16.734 -3.044 0.28
v -16.734 -2.75 0.28
v -17.126 -2.75 0.28
v -17.126 -3.044 0.28
v -17.126 -3.044 0.28
v -17.126 -3.044 0
v -16.734 -3.044 0.28
v -16.734 -3.044 0
v -16.734 -2.75 0.28
v -16.734 -2.75 0
v -17.126 -2.75 0.28
v -17.126 -2.75 0
v -17.126 -3.044 0.28
v -17.126 -3.044 0

f -12 -15 -14
f -14 -13 -12
f -10 -9 -8
f -8 -9 -7
f -8 -7 -6
f -6 -7 -5
f -6 -5 -4
f -4 -5 -3
f -4 -3 -2
f -2 -3 -1

o Default b3U35
usemtl 0x8FBDB9
v -16.726 -3.044 0.28
v -16.334 -3.044 0.28
v -16.334 -2.75 0.28
v -16.726 -2.75 0.28
v -16.726 -3.044 0.28
v -16.726 -3.044 0.28
v -16.726 -3.044 0
v -16.334 -3.044 0.28
v -16.334 -3.044 0
v -16.334 -2.75 0.28
v -16.334 -2.75 0
v -16.726 -2.75 0.28
v -16.726 -2.75 0
v -16.726 -3.044 0.28
v -16.726 -3.044 0

f -12 -15 -14
f -14 -13 -12
f -10 -9 -8
f -8 -9 -7
f -8 -7 -6
f -6 -7 -5
f -6 -5 -4
f -4 -5 -3
f -4 -3 -2
f -2 -3 -1

o Default b3T30-U31
usemtl 0x8FBDB9
v -17.122 -2.738 0.28
v -16.338 -2.738 0.28
v -16.338 -1.856 0.28
v -17.122 -1.856 0.28
v -17.122 -2.738 0.28
v -17.122 -2.738 0.28
v -17.122 -2.738 0
v -16.338 -2.738 0.28
v -16.338 -2.738 0
v -16.338 -1.856 0.28
v -16.338 -1.856 0
v -17.122 -1.856 0.28
v -17.122 -1.856 0
v -17.122 -2.738 0.28
v -17.122 -2.738 0

f -12 -15 -14
f -14 -13 -12
f -10 -9 -8
f -8 -9 -7
f -8 -7 -6
f -6 -7 -5
f -6 -5 -4
f -4 -5 -3
f -4 -3 -2
f -2 -3 -1

o Default b3T56
usemtl 0x8FBDB9
v -16.727 -4.425 0.28
v -16.433 -4.425 0.28
v -16.433 -4.229 0.28
v -16.727 -4.229 0.28
v -16.727 -4.425 0.28
v -16.727 -4.425 0.28
v -16.727 -4.425 0
v -16.433 -4.425 0.28
v -16.433 -4.425 0
v -16.433 -4.229 0.28
v -16.433 -4.229 0
v -16.727 -4.229 0.28
v -16.727 -4.229 0
v -16.727 -4.425 0.28
v -16.727 -4.425 0

f -12 -15 -14
f -14 -13 -12
f -10 -9 -8
f -8 -9 -7
f -8 -7 -6
f -6 -7 -5
f -6 -5 -4
f -4 -5 -3
f -4 -3 -2
f -2 -3 -1

o Default b3U51
usemtl 0x8FBDB9
v -16.426 -4.425 0.28
v -16.034 -4.425 0.28
v -16.034 -4.229 0.28
v -16.426 -4.229 0.28
v -16.426 -4.425 0.28
v -16.426 -4.425 0.28
v -16.426 -4.425 0
v -16.034 -4.425 0.28
v -16.034 -4.425 0
v -16.034 -4.229 0.28
v -16.034 -4.229 0
v -16.426 -4.229 0.28
v -16.426 -4.229 0
v -16.426 -4.425 0.28
v -16.426 -4.425 0

f -12 -15 -14
f -14 -13 -12
f -10 -9 -8
f -8 -9 -7
f -8 -7 -6
f -6 -7 -5
f -6 -5 -4
f -4 -5 -3
f -4 -3 -2
f -2 -3 -1

o Default b3V51
usemtl 0x8FBDB9
v -16.024 -4.425 0.28
v -15.485 -4.425 0.28
v -15.485 -4.229 0.28
v -16.024 -4.229 0.28
v -16.024 -4.425 0.28
v -16.024 -4.425 0.28
v -16.024 -4.425 0
v -15.485 -4.425 0.28
v -15.485 -4.425 0
v -15.485 -4.229 0.28
v -15.485 -4.229 0
v -16.024 -4.229 0.28
v -16.024 -4.229 0
v -16.024 -4.425 0.28
v -16.024 -4.425 0

f -12 -15 -14
f -14 -13 -12
f -10 -9 -8
f -8 -9 -7
f -8 -7 -6
f -6 -7 -5
f -6 -5 -4
f -4 -5 -3
f -4 -3 -2
f -2 -3 -1

o Default b3W47
usemtl 0x8FBDB9
v -15.477 -4.425 0.28
v -15.183 -4.425 0.28
v -15.183 -4.229 0.28
v -15.477 -4.229 0.28
v -15.477 -4.425 0.28
v -15.477 -4.425 0.28
v -15.477 -4.425 0
v -15.183 -4.425 0.28
v -15.183 -4.425 0
v -15.183 -4.229 0.28
v -15.183 -4.229 0
v -15.477 -4.229 0.28
v -15.477 -4.229 0
v -15.477 -4.425 0.28
v -15.477 -4.425 0

f -12 -15 -14
f -14 -13 -12
f -10 -9 -8
f -8 -9 -7
f -8 -7 -6
f -6 -7 -5
f -6 -5 -4
f -4 -5 -3
f -4 -3 -2
f -2 -3 -1

o Default b3U42
usemtl 0x8FBDB9
v -16.027 -3.944 0.28
v -15.782 -3.944 0.28
v -15.782 -3.65 0.28
v -16.027 -3.65 0.28
v -16.027 -3.944 0.28
v -16.027 -3.944 0.28
v -16.027 -3.944 0
v -15.782 -3.944 0.28
v -15.782 -3.944 0
v -15.782 -3.65 0.28
v -15.782 -3.65 0
v -16.027 -3.65 0.28
v -16.027 -3.65 0
v -16.027 -3.944 0.28
v -16.027 -3.944 0

f -12 -15 -14
f -14 -13 -12
f -10 -9 -8
f -8 -9 -7
f -8 -7 -6
f -6 -7 -5
f -6 -5 -4
f -4 -5 -3
f -4 -3 -2
f -2 -3 -1

o Default b3U40
usemtl 0x8FBDB9
v -16.027 -3.644 0.28
v -15.782 -3.644 0.28
v -15.782 -3.35 0.28
v -16.027 -3.35 0.28
v -16.027 -3.644 0.28
v -16.027 -3.644 0.28
v -16.027 -3.644 0
v -15.782 -3.644 0.28
v -15.782 -3.644 0
v -15.782 -3.35 0.28
v -15.782 -3.35 0
v -16.027 -3.35 0.28
v -16.027 -3.35 0
v -16.027 -3.644 0.28
v -16.027 -3.644 0

f -12 -15 -14
f -14 -13 -12
f -10 -9 -8
f -8 -9 -7
f -8 -7 -6
f -6 -7 -5
f -6 -5 -4
f -4 -5 -3
f -4 -3 -2
f -2 -3 -1

o Default b3V43
usemtl 0x8FBDB9
v -15.777 -3.944 0.28
v -15.483 -3.944 0.28
v -15.483 -3.65 0.28
v -15.777 -3.65 0.28
v -15.777 -3.944 0.28
v -15.777 -3.944 0.28
v -15.777 -3.944 0
v -15.483 -3.944 0.28
v -15.483 -3.944 0
v -15.483 -3.65 0.28
v -15.483 -3.65 0
v -15.777 -3.65 0.28
v -15.777 -3.65 0
v -15.777 -3.944 0.28
v -15.777 -3.944 0

f -12 -15 -14
f -14 -13 -12
f -10 -9 -8
f -8 -9 -7
f -8 -7 -6
f -6 -7 -5
f -6 -5 -4
f -4 -5 -3
f -4 -3 -2
f -2 -3 -1

o Default b3V41
usemtl 0x8FBDB9
v -15.777 -3.644 0.28
v -15.483 -3.644 0.28
v -15.483 -3.35 0.28
v -15.777 -3.35 0.28
v -15.777 -3.644 0.28
v -15.777 -3.644 0.28
v -15.777 -3.644 0
v -15.483 -3.644 0.28
v -15.483 -3.644 0
v -15.483 -3.35 0.28
v -15.483 -3.35 0
v -15.777 -3.35 0.28
v -15.777 -3.35 0
v -15.777 -3.644 0.28
v -15.777 -3.644 0

f -12 -15 -14
f -14 -13 -12
f -10 -9 -8
f -8 -9 -7
f -8 -7 -6
f -6 -7 -5
f -6 -5 -4
f -4 -5 -3
f -4 -3 -2
f -2 -3 -1

o Default b3U34
usemtl 0x8FBDB9
v -16.027 -3.042 0.28
v -15.733 -3.042 0.28
v -15.733 -2.552 0.28
v -16.027 -2.552 0.28
v -16.027 -3.042 0.28
v -16.027 -3.042 0.28
v -16.027 -3.042 0
v -15.733 -3.042 0.28
v -15.733 -3.042 0
v -15.733 -2.552 0.28
v -15.733 -2.552 0
v -16.027 -2.552 0.28
v -16.027 -2.552 0
v -16.027 -3.042 0.28
v -16.027 -3.042 0

f -12 -15 -14
f -14 -13 -12
f -10 -9 -8
f -8 -9 -7
f -8 -7 -6
f -6 -7 -5
f -6 -5 -4
f -4 -5 -3
f -4 -3 -2
f -2 -3 -1

o Default b3U30
usemtl 0x8FBDB9
v -16.027 -2.54 0.28
v -15.733 -2.54 0.28
v -15.733 -1.854 0.28
v -16.027 -1.854 0.28
v -16.027 -2.54 0.28
v -16.027 -2.54 0.28
v -16.027 -2.54 0
v -15.733 -2.54 0.28
v -15.733 -2.54 0
v -15.733 -1.854 0.28
v -15.733 -1.854 0
v -16.027 -1.854 0.28
v -16.027 -1.854 0
v -16.027 -2.54 0.28
v -16.027 -2.54 0

f -12 -15 -14
f -14 -13 -12
f -10 -9 -8
f -8 -9 -7
f -8 -7 -6
f -6 -7 -5
f -6 -5 -4
f -4 -5 -3
f -4 -3 -2
f -2 -3 -1

o Default b3V35
usemtl 0x8FBDB9
v -15.727 -3.041 0.28
v -15.433 -3.041 0.28
v -15.433 -2.453 0.28
v -15.727 -2.453 0.28
v -15.727 -3.041 0.28
v -15.727 -3.041 0.28
v -15.727 -3.041 0
v -15.433 -3.041 0.28
v -15.433 -3.041 0
v -15.433 -2.453 0.28
v -15.433 -2.453 0
v -15.727 -2.453 0.28
v -15.727 -2.453 0
v -15.727 -3.041 0.28
v -15.727 -3.041 0

f -12 -15 -14
f -14 -13 -12
f -10 -9 -8
f -8 -9 -7
f -8 -7 -6
f -6 -7 -5
f -6 -5 -4
f -4 -5 -3
f -4 -3 -2
f -2 -3 -1

o Default b3V31
usemtl 0x8FBDB9
v -15.727 -2.441 0.28
v -15.433 -2.441 0.28
v -15.433 -1.853 0.28
v -15.727 -1.853 0.28
v -15.727 -2.441 0.28
v -15.727 -2.441 0.28
v -15.727 -2.441 0
v -15.433 -2.441 0.28
v -15.433 -2.441 0
v -15.433 -1.853 0.28
v -15.433 -1.853 0
v -15.727 -1.853 0.28
v -15.727 -1.853 0
v -15.727 -2.441 0.28
v -15.727 -2.441 0

f -12 -15 -14
f -14 -13 -12
f -10 -9 -8
f -8 -9 -7
f -8 -7 -6
f -6 -7 -5
f -6 -5 -4
f -4 -5 -3
f -4 -3 -2
f -2 -3 -1

o Default b3N24
usemtl 0x8FBDB9
v -22.126 -1.441 0.28
v -21.734 -1.441 0.28
v -21.734 -0.853 0.28
v -22.126 -0.853 0.28
v -22.126 -1.441 0.28
v -22.126 -1.441 0.28
v -22.126 -1.441 0
v -21.734 -1.441 0.28
v -21.734 -1.441 0
v -21.734 -0.853 0.28
v -21.734 -0.853 0
v -22.126 -0.853 0.28
v -22.126 -0.853 0
v -22.126 -1.441 0.28
v -22.126 -1.441 0

f -12 -15 -14
f -14 -13 -12
f -10 -9 -8
f -8 -9 -7
f -8 -7 -6
f -6 -7 -5
f -6 -5 -4
f -4 -5 -3
f -4 -3 -2
f -2 -3 -1

o Default b3P25
usemtl 0x8FBDB9
v -21.725 -1.441 0.28
v -21.235 -1.441 0.28
v -21.235 -0.853 0.28
v -21.725 -0.853 0.28
v -21.725 -1.441 0.28
v -21.725 -1.441 0.28
v -21.725 -1.441 0
v -21.235 -1.441 0.28
v -21.235 -1.441 0
v -21.235 -0.853 0.28
v -21.235 -0.853 0
v -21.725 -0.853 0.28
v -21.725 -0.853 0
v -21.725 -1.441 0.28
v -21.725 -1.441 0

f -12 -15 -14
f -14 -13 -12
f -10 -9 -8
f -8 -9 -7
f -8 -7 -6
f -6 -7 -5
f -6 -5 -4
f -4 -5 -3
f -4 -3 -2
f -2 -3 -1

o Default b3N20-P21
usemtl 0x8FBDB9
v -22.121 -0.842 0.28
v -21.239 -0.842 0.28
v -21.239 -0.352 0.28
v -22.121 -0.352 0.28
v -22.121 -0.842 0.28
v -22.121 -0.842 0.28
v -22.121 -0.842 0
v -21.239 -0.842 0.28
v -21.239 -0.842 0
v -21.239 -0.352 0.28
v -21.239 -0.352 0
v -22.121 -0.352 0.28
v -22.121 -0.352 0
v -22.121 -0.842 0.28
v -22.121 -0.842 0

f -12 -15 -14
f -14 -13 -12
f -10 -9 -8
f -8 -9 -7
f -8 -7 -6
f -6 -7 -5
f -6 -5 -4
f -4 -5 -3
f -4 -3 -2
f -2 -3 -1

o Default b3N10
usemtl 0x8FBDB9
v -22.076 -0.029 0.28
v -21.733 -0.029 0.28
v -21.733 1.735 0.28
v -22.076 1.735 0.28
v -22.076 -0.029 0.28
v -22.076 -0.029 0.28
v -22.076 -0.029 0
v -21.733 -0.029 0.28
v -21.733 -0.029 0
v -21.733 1.735 0.28
v -21.733 1.735 0
v -22.076 1.735 0.28
v -22.076 1.735 0
v -22.076 -0.029 0.28
v -22.076 -0.029 0

f -12 -15 -14
f -14 -13 -12
f -10 -9 -8
f -8 -9 -7
f -8 -7 -6
f -6 -7 -5
f -6 -5 -4
f -4 -5 -3
f -4 -3 -2
f -2 -3 -1

o Default b3P15
usemtl 0x8FBDB9
v -21.725 -0.043 0.28
v -21.235 -0.043 0.28
v -21.235 0.349 0.28
v -21.725 0.349 0.28
v -21.725 -0.043 0.28
v -21.725 -0.043 0.28
v -21.725 -0.043 0
v -21.235 -0.043 0.28
v -21.235 -0.043 0
v -21.235 0.349 0.28
v -21.235 0.349 0
v -21.725 0.349 0.28
v -21.725 0.349 0
v -21.725 -0.043 0.28
v -21.725 -0.043 0

f -12 -15 -14
f -14 -13 -12
f -10 -9 -8
f -8 -9 -7
f -8 -7 -6
f -6 -7 -5
f -6 -5 -4
f -4 -5 -3
f -4 -3 -2
f -2 -3 -1

o Default b3P11
usemtl 0x8FBDB9
v -21.725 0.367 0.28
v -21.235 0.367 0.28
v -21.235 1.739 0.28
v -21.725 1.739 0.28
v -21.725 0.367 0.28
v -21.725 0.367 0.28
v -21.725 0.367 0
v -21.235 0.367 0.28
v -21.235 0.367 0
v -21.235 1.739 0.28
v -21.235 1.739 0
v -21.725 1.739 0.28
v -21.725 1.739 0
v -21.725 0.367 0.28
v -21.725 0.367 0

f -12 -15 -14
f -14 -13 -12
f -10 -9 -8
f -8 -9 -7
f -8 -7 -6
f -6 -7 -5
f -6 -5 -4
f -4 -5 -3
f -4 -3 -2
f -2 -3 -1

o Default b3P20-Q21
usemtl 0x8FBDB9
v -20.922 -1.436 0.28
v -20.187 -1.436 0.28
v -20.187 -0.358 0.28
v -20.922 -0.358 0.28
v -20.922 -1.436 0.28
v -20.922 -1.436 0.28
v -20.922 -1.436 0
v -20.187 -1.436 0.28
v -20.187 -1.436 0
v -20.187 -0.358 0.28
v -20.187 -0.358 0
v -20.922 -0.358 0.28
v -20.922 -0.358 0
v -20.922 -1.436 0.28
v -20.922 -1.436 0

f -12 -15 -14
f -14 -13 -12
f -10 -9 -8
f -8 -9 -7
f -8 -7 -6
f -6 -7 -5
f -6 -5 -4
f -4 -5 -3
f -4 -3 -2
f -2 -3 -1

o Default b3P14
usemtl 0x8FBDB9
v -20.926 -0.037 0.28
v -20.583 -0.037 0.28
v -20.583 0.943 0.28
v -20.926 0.943 0.28
v -20.926 -0.037 0.28
v -20.926 -0.037 0.28
v -20.926 -0.037 0
v -20.583 -0.037 0.28
v -20.583 -0.037 0
v -20.583 0.943 0.28
v -20.583 0.943 0
v -20.926 0.943 0.28
v -20.926 0.943 0
v -20.926 -0.037 0.28
v -20.926 -0.037 0

f -12 -15 -14
f -14 -13 -12
f -10 -9 -8
f -8 -9 -7
f -8 -7 -6
f -6 -7 -5
f -6 -5 -4
f -4 -5 -3
f -4 -3 -2
f -2 -3 -1

o Default b3Q15
usemtl 0x8FBDB9
v -20.576 -0.037 0.28
v -20.184 -0.037 0.28
v -20.184 0.943 0.28
v -20.576 0.943 0.28
v -20.576 -0.037 0.28
v -20.576 -0.037 0.28
v -20.576 -0.037 0
v -20.184 -0.037 0.28
v -20.184 -0.037 0
v -20.184 0.943 0.28
v -20.184 0.943 0
v -20.576 0.943 0.28
v -20.576 0.943 0
v -20.576 -0.037 0.28
v -20.576 -0.037 0

f -12 -15 -14
f -14 -13 -12
f -10 -9 -8
f -8 -9 -7
f -8 -7 -6
f -6 -7 -5
f -6 -5 -4
f -4 -5 -3
f -4 -3 -2
f -2 -3 -1

o Default b3P10-Q11
usemtl 0x8FBDB9
v -20.922 0.961 0.28
v -20.187 0.961 0.28
v -20.187 1.745 0.28
v -20.922 1.745 0.28
v -20.922 0.961 0.28
v -20.922 0.961 0.28
v -20.922 0.961 0
v -20.187 0.961 0.28
v -20.187 0.961 0
v -20.187 1.745 0.28
v -20.187 1.745 0
v -20.922 1.745 0.28
v -20.922 1.745 0
v -20.922 0.961 0.28
v -20.922 0.961 0

f -12 -15 -14
f -14 -13 -12
f -10 -9 -8
f -8 -9 -7
f -8 -7 -6
f -6 -7 -5
f -6 -5 -4
f -4 -5 -3
f -4 -3 -2
f -2 -3 -1

o Default b3Q20
usemtl 0x8FBDB9
v -19.927 -1.436 0.28
v -19.682 -1.436 0.28
v -19.682 -0.358 0.28
v -19.927 -0.358 0.28
v -19.927 -1.436 0.28
v -19.927 -1.436 0.28
v -19.927 -1.436 0
v -19.682 -1.436 0.28
v -19.682 -1.436 0
v -19.682 -0.358 0.28
v -19.682 -0.358 0
v -19.927 -0.358 0.28
v -19.927 -0.358 0
v -19.927 -1.436 0.28
v -19.927 -1.436 0

f -12 -15 -14
f -14 -13 -12
f -10 -9 -8
f -8 -9 -7
f -8 -7 -6
f -6 -7 -5
f -6 -5 -4
f -4 -5 -3
f -4 -3 -2
f -2 -3 -1

o Default b3R25
usemtl 0x8FBDB9
v -19.676 -1.444 0.28
v -19.284 -1.444 0.28
v -19.284 -1.101 0.28
v -19.676 -1.101 0.28
v -19.676 -1.444 0.28
v -19.676 -1.444 0.28
v -19.676 -1.444 0
v -19.284 -1.444 0.28
v -19.284 -1.444 0
v -19.284 -1.101 0.28
v -19.284 -1.101 0
v -19.676 -1.101 0.28
v -19.676 -1.101 0
v -19.676 -1.444 0.28
v -19.676 -1.444 0

f -12 -15 -14
f -14 -13 -12
f -10 -9 -8
f -8 -9 -7
f -8 -7 -6
f -6 -7 -5
f -6 -5 -4
f -4 -5 -3
f -4 -3 -2
f -2 -3 -1

o Default b3R23
usemtl 0x8FBDB9
v -19.676 -1.09 0.28
v -19.284 -1.09 0.28
v -19.284 -0.355 0.28
v -19.676 -0.355 0.28
v -19.676 -1.09 0.28
v -19.676 -1.09 0.28
v -19.676 -1.09 0
v -19.284 -1.09 0.28
v -19.284 -1.09 0
v -19.284 -0.355 0.28
v -19.284 -0.355 0
v -19.676 -0.355 0.28
v -19.676 -0.355 0
v -19.676 -1.09 0.28
v -19.676 -1.09 0

f -12 -15 -14
f -14 -13 -12
f -10 -9 -8
f -8 -9 -7
f -8 -7 -6
f -6 -7 -5
f -6 -5 -4
f -4 -5 -3
f -4 -3 -2
f -2 -3 -1

o Default b3Q14
usemtl 0x8FBDB9
v -19.926 -0.036 0.28
v -19.583 -0.036 0.28
v -19.583 1.042 0.28
v -19.926 1.042 0.28
v -19.926 -0.036 0.28
v -19.926 -0.036 0.28
v -19.926 -0.036 0
v -19.583 -0.036 0.28
v -19.583 -0.036 0
v -19.583 1.042 0.28
v -19.583 1.042 0
v -19.926 1.042 0.28
v -19.926 1.042 0
v -19.926 -0.036 0.28
v -19.926 -0.036 0

f -12 -15 -14
f -14 -13 -12
f -10 -9 -8
f -8 -9 -7
f -8 -7 -6
f -6 -7 -5
f -6 -5 -4
f -4 -5 -3
f -4 -3 -2
f -2 -3 -1

o Default b3Q10-R11
usemtl 0x8FBDB9
v -19.923 1.06 0.28
v -19.237 1.06 0.28
v -19.237 1.746 0.28
v -19.923 1.746 0.28
v -19.923 1.06 0.28
v -19.923 1.06 0.28
v -19.923 1.06 0
v -19.237 1.06 0.28
v -19.237 1.06 0
v -19.237 1.746 0.28
v -19.237 1.746 0
v -19.923 1.746 0.28
v -19.923 1.746 0
v -19.923 1.06 0.28
v -19.923 1.06 0

f -12 -15 -14
f -14 -13 -12
f -10 -9 -8
f -8 -9 -7
f -8 -7 -6
f -6 -7 -5
f -6 -5 -4
f -4 -5 -3
f -4 -3 -2
f -2 -3 -1

o Default b3R15
usemtl 0x8FBDB9
v -19.576 -0.036 0.28
v -19.233 -0.036 0.28
v -19.233 1.042 0.28
v -19.576 1.042 0.28
v -19.576 -0.036 0.28
v -19.576 -0.036 0.28
v -19.576 -0.036 0
v -19.233 -0.036 0.28
v -19.233 -0.036 0
v -19.233 1.042 0.28
v -19.233 1.042 0
v -19.576 1.042 0.28
v -19.576 1.042 0
v -19.576 -0.036 0.28
v -19.576 -0.036 0

f -12 -15 -14
f -14 -13 -12
f -10 -9 -8
f -8 -9 -7
f -8 -7 -6
f -6 -7 -5
f -6 -5 -4
f -4 -5 -3
f -4 -3 -2
f -2 -3 -1

o Default b3Q02
usemtl 0x8FBDB9
v -20.126 2.106 0.28
v -19.734 2.106 0.28
v -19.734 2.4 0.28
v -20.126 2.4 0.28
v -20.126 2.106 0.28
v -20.126 2.106 0.28
v -20.126 2.106 0
v -19.734 2.106 0.28
v -19.734 2.106 0
v -19.734 2.4 0.28
v -19.734 2.4 0
v -20.126 2.4 0.28
v -20.126 2.4 0
v -20.126 2.106 0.28
v -20.126 2.106 0

f -12 -15 -14
f -14 -13 -12
f -10 -9 -8
f -8 -9 -7
f -8 -7 -6
f -6 -7 -5
f -6 -5 -4
f -4 -5 -3
f -4 -3 -2
f -2 -3 -1

o Default b3R02
usemtl 0x8FBDB9
v -19.421 2.106 0.28
v -18.539 2.106 0.28
v -18.539 2.4 0.28
v -19.323 2.4 0.28
v -19.323 2.351 0.28
v -19.421 2.351 0.28
v -19.421 2.106 0.28
v -19.421 2.106 0.28
v -19.421 2.106 0
v -18.539 2.106 0.28
v -18.539 2.106 0
v -18.539 2.4 0.28
v -18.539 2.4 0
v -19.323 2.4 0.28
v -19.323 2.4 0
v -19.323 2.351 0.28
v -19.323 2.351 0
v -19.421 2.351 0.28
v -19.421 2.351 0
v -19.421 2.106 0.28
v -19.421 2.106 0

f -16 -21 -20
f -20 -19 -18
f -17 -16 -20
f -20 -18 -17
f -14 -13 -12
f -12 -13 -11
f -12 -11 -10
f -10 -11 -9
f -10 -9 -8
f -8 -9 -7
f -8 -7 -6
f -6 -7 -5
f -6 -5 -4
f -4 -5 -3
f -4 -3 -2
f -2 -3 -1

o Default b3S02
usemtl 0x8FBDB9
v -18.52 2.106 0.28
v -17.54 2.106 0.28
v -17.54 2.351 0.28
v -18.226 2.351 0.28
v -18.226 2.4 0.28
v -18.52 2.4 0.28
v -18.52 2.106 0.28
v -18.52 2.106 0.28
v -18.52 2.106 0
v -17.54 2.106 0.28
v -17.54 2.106 0
v -17.54 2.351 0.28
v -17.54 2.351 0
v -18.226 2.351 0.28
v -18.226 2.351 0
v -18.226 2.4 0.28
v -18.226 2.4 0
v -18.52 2.4 0.28
v -18.52 2.4 0
v -18.52 2.106 0.28
v -18.52 2.106 0

f -16 -21 -20
f -20 -19 -18
f -18 -17 -16
f -16 -20 -18
f -14 -13 -12
f -12 -13 -11
f -12 -11 -10
f -10 -11 -9
f -10 -9 -8
f -8 -9 -7
f -8 -7 -6
f -6 -7 -5
f -6 -5 -4
f -4 -5 -3
f -4 -3 -2
f -2 -3 -1

o Default b3R24
usemtl 0x8FBDB9
v -18.926 -1.439 0.28
v -18.534 -1.439 0.28
v -18.534 -0.655 0.28
v -18.926 -0.655 0.28
v -18.926 -1.439 0.28
v -18.926 -1.439 0.28
v -18.926 -1.439 0
v -18.534 -1.439 0.28
v -18.534 -1.439 0
v -18.534 -0.655 0.28
v -18.534 -0.655 0
v -18.926 -0.655 0.28
v -18.926 -0.655 0
v -18.926 -1.439 0.28
v -18.926 -1.439 0

f -12 -15 -14
f -14 -13 -12
f -10 -9 -8
f -8 -9 -7
f -8 -7 -6
f -6 -7 -5
f -6 -5 -4
f -4 -5 -3
f -4 -3 -2
f -2 -3 -1

o Default b3S25
usemtl 0x8FBDB9
v -18.527 -1.439 0.28
v -18.233 -1.439 0.28
v -18.233 -0.655 0.28
v -18.527 -0.655 0.28
v -18.527 -1.439 0.28
v -18.527 -1.439 0.28
v -18.527 -1.439 0
v -18.233 -1.439 0.28
v -18.233 -1.439 0
v -18.233 -0.655 0.28
v -18.233 -0.655 0
v -18.527 -0.655 0.28
v -18.527 -0.655 0
v -18.527 -1.439 0.28
v -18.527 -1.439 0

f -12 -15 -14
f -14 -13 -12
f -10 -9 -8
f -8 -9 -7
f -8 -7 -6
f -6 -7 -5
f -6 -5 -4
f -4 -5 -3
f -4 -3 -2
f -2 -3 -1

o Default b3R20-S21
usemtl 0x8FBDB9
v -18.923 -0.645 0.28
v -18.237 -0.645 0.28
v -18.237 -0.4 0.28
v -18.923 -0.4 0.28
v -18.923 -0.645 0.28
v -18.923 -0.645 0.28
v -18.923 -0.645 0
v -18.237 -0.645 0.28
v -18.237 -0.645 0
v -18.237 -0.4 0.28
v -18.237 -0.4 0
v -18.923 -0.4 0.28
v -18.923 -0.4 0
v -18.923 -0.645 0.28
v -18.923 -0.645 0

f -12 -15 -14
f -14 -13 -12
f -10 -9 -8
f -8 -9 -7
f -8 -7 -6
f -6 -7 -5
f -6 -5 -4
f -4 -5 -3
f -4 -3 -2
f -2 -3 -1

o Default b3R14
usemtl 0x8FBDB9
v -18.926 -0.19 0.28
v -18.583 -0.19 0.28
v -18.583 0.496 0.28
v -18.926 0.496 0.28
v -18.926 -0.19 0.28
v -18.926 -0.19 0.28
v -18.926 -0.19 0
v -18.583 -0.19 0.28
v -18.583 -0.19 0
v -18.583 0.496 0.28
v -18.583 0.496 0
v -18.926 0.496 0.28
v -18.926 0.496 0
v -18.926 -0.19 0.28
v -18.926 -0.19 0

f -12 -15 -14
f -14 -13 -12
f -10 -9 -8
f -8 -9 -7
f -8 -7 -6
f -6 -7 -5
f -6 -5 -4
f -4 -5 -3
f -4 -3 -2
f -2 -3 -1

o Default b3R10
usemtl 0x8FBDB9
v -18.926 0.515 0.28
v -18.583 0.515 0.28
v -18.583 1.74 0.28
v -18.926 1.74 0.28
v -18.926 0.515 0.28
v -18.926 0.515 0.28
v -18.926 0.515 0
v -18.583 0.515 0.28
v -18.583 0.515 0
v -18.583 1.74 0.28
v -18.583 1.74 0
v -18.926 1.74 0.28
v -18.926 1.74 0
v -18.926 0.515 0.28
v -18.926 0.515 0

f -12 -15 -14
f -14 -13 -12
f -10 -9 -8
f -8 -9 -7
f -8 -7 -6
f -6 -7 -5
f -6 -5 -4
f -4 -5 -3
f -4 -3 -2
f -2 -3 -1

o Default b3S15
usemtl 0x8FBDB9
v -18.576 -0.187 0.28
v -18.233 -0.187 0.28
v -18.233 0.793 0.28
v -18.576 0.793 0.28
v -18.576 -0.187 0.28
v -18.576 -0.187 0.28
v -18.576 -0.187 0
v -18.233 -0.187 0.28
v -18.233 -0.187 0
v -18.233 0.793 0.28
v -18.233 0.793 0
v -18.576 0.793 0.28
v -18.576 0.793 0
v -18.576 -0.187 0.28
v -18.576 -0.187 0

f -12 -15 -14
f -14 -13 -12
f -10 -9 -8
f -8 -9 -7
f -8 -7 -6
f -6 -7 -5
f -6 -5 -4
f -4 -5 -3
f -4 -3 -2
f -2 -3 -1

o Default b3S11
usemtl 0x8FBDB9
v -18.576 0.812 0.28
v -18.233 0.812 0.28
v -18.233 1.743 0.28
v -18.576 1.743 0.28
v -18.576 0.812 0.28
v -18.576 0.812 0.28
v -18.576 0.812 0
v -18.233 0.812 0.28
v -18.233 0.812 0
v -18.233 1.743 0.28
v -18.233 1.743 0
v -18.576 1.743 0.28
v -18.576 1.743 0
v -18.576 0.812 0.28
v -18.576 0.812 0

f -12 -15 -14
f -14 -13 -12
f -10 -9 -8
f -8 -9 -7
f -8 -7 -6
f -6 -7 -5
f -6 -5 -4
f -4 -5 -3
f -4 -3 -2
f -2 -3 -1

o Default b3S26
usemtl 0x8FBDB9
v -17.928 -1.442 0.28
v -17.732 -1.442 0.28
v -17.732 -0.952 0.28
v -17.928 -0.952 0.28
v -17.928 -1.442 0.28
v -17.928 -1.442 0.28
v -17.928 -1.442 0
v -17.732 -1.442 0.28
v -17.732 -1.442 0
v -17.732 -0.952 0.28
v -17.732 -0.952 0
v -17.928 -0.952 0.28
v -17.928 -0.952 0
v -17.928 -1.442 0.28
v -17.928 -1.442 0

f -12 -15 -14
f -14 -13 -12
f -10 -9 -8
f -8 -9 -7
f -8 -7 -6
f -6 -7 -5
f -6 -5 -4
f -4 -5 -3
f -4 -3 -2
f -2 -3 -1

o Default b3T25
usemtl 0x8FBDB9
v -17.728 -1.442 0.28
v -17.532 -1.442 0.28
v -17.532 -0.952 0.28
v -17.728 -0.952 0.28
v -17.728 -1.442 0.28
v -17.728 -1.442 0.28
v -17.728 -1.442 0
v -17.532 -1.442 0.28
v -17.532 -1.442 0
v -17.532 -0.952 0.28
v -17.532 -0.952 0
v -17.728 -0.952 0.28
v -17.728 -0.952 0
v -17.728 -1.442 0.28
v -17.728 -1.442 0

f -12 -15 -14
f -14 -13 -12
f -10 -9 -8
f -8 -9 -7
f -8 -7 -6
f -6 -7 -5
f -6 -5 -4
f -4 -5 -3
f -4 -3 -2
f -2 -3 -1

o Default b3S24
usemtl 0x8FBDB9
v -17.928 -0.941 0.28
v -17.732 -0.941 0.28
v -17.732 -0.353 0.28
v -17.928 -0.353 0.28
v -17.928 -0.941 0.28
v -17.928 -0.941 0.28
v -17.928 -0.941 0
v -17.732 -0.941 0.28
v -17.732 -0.941 0
v -17.732 -0.353 0.28
v -17.732 -0.353 0
v -17.928 -0.353 0.28
v -17.928 -0.353 0
v -17.928 -0.941 0.28
v -17.928 -0.941 0

f -12 -15 -14
f -14 -13 -12
f -10 -9 -8
f -8 -9 -7
f -8 -7 -6
f -6 -7 -5
f -6 -5 -4
f -4 -5 -3
f -4 -3 -2
f -2 -3 -1

o Default b3T23
usemtl 0x8FBDB9
v -17.728 -0.944 0.28
v -17.532 -0.944 0.28
v -17.532 -0.601 0.28
v -17.728 -0.601 0.28
v -17.728 -0.944 0.28
v -17.728 -0.944 0.28
v -17.728 -0.944 0
v -17.532 -0.944 0.28
v -17.532 -0.944 0
v -17.532 -0.601 0.28
v -17.532 -0.601 0
v -17.728 -0.601 0.28
v -17.728 -0.601 0
v -17.728 -0.944 0.28
v -17.728 -0.944 0

f -12 -15 -14
f -14 -13 -12
f -10 -9 -8
f -8 -9 -7
f -8 -7 -6
f -6 -7 -5
f -6 -5 -4
f -4 -5 -3
f -4 -3 -2
f -2 -3 -1

o Default b3S20
usemtl 0x8FBDB9
v -17.928 -0.341 0.28
v -17.732 -0.341 0.28
v -17.732 0.247 0.28
v -17.928 0.247 0.28
v -17.928 -0.341 0.28
v -17.928 -0.341 0.28
v -17.928 -0.341 0
v -17.732 -0.341 0.28
v -17.732 -0.341 0
v -17.732 0.247 0.28
v -17.732 0.247 0
v -17.928 0.247 0.28
v -17.928 0.247 0
v -17.928 -0.341 0.28
v -17.928 -0.341 0

f -12 -15 -14
f -14 -13 -12
f -10 -9 -8
f -8 -9 -7
f -8 -7 -6
f -6 -7 -5
f -6 -5 -4
f -4 -5 -3
f -4 -3 -2
f -2 -3 -1

o Default b3T19
usemtl 0x8FBDB9
v -17.728 -0.589 0.28
v -17.532 -0.589 0.28
v -17.532 0.244 0.28
v -17.728 0.244 0.28
v -17.728 -0.589 0.28
v -17.728 -0.589 0.28
v -17.728 -0.589 0
v -17.532 -0.589 0.28
v -17.532 -0.589 0
v -17.532 0.244 0.28
v -17.532 0.244 0
v -17.728 0.244 0.28
v -17.728 0.244 0
v -17.728 -0.589 0.28
v -17.728 -0.589 0

f -12 -15 -14
f -14 -13 -12
f -10 -9 -8
f -8 -9 -7
f -8 -7 -6
f -6 -7 -5
f -6 -5 -4
f -4 -5 -3
f -4 -3 -2
f -2 -3 -1

o Default b3S10-T11
usemtl 0x8FBDB9
v -17.926 0.565 0.28
v -17.534 0.565 0.28
v -17.534 1.741 0.28
v -17.926 1.741 0.28
v -17.926 0.565 0.28
v -17.926 0.565 0.28
v -17.926 0.565 0
v -17.534 0.565 0.28
v -17.534 0.565 0
v -17.534 1.741 0.28
v -17.534 1.741 0
v -17.926 1.741 0.28
v -17.926 1.741 0
v -17.926 0.565 0.28
v -17.926 0.565 0

f -12 -15 -14
f -14 -13 -12
f -10 -9 -8
f -8 -9 -7
f -8 -7 -6
f -6 -7 -5
f -6 -5 -4
f -4 -5 -3
f -4 -3 -2
f -2 -3 -1

o Default b3T24
usemtl 0x8FBDB9
v -17.127 -1.444 0.28
v -16.833 -1.444 0.28
v -16.833 -1.15 0.28
v -17.127 -1.15 0.28
v -17.127 -1.444 0.28
v -17.127 -1.444 0.28
v -17.127 -1.444 0
v -16.833 -1.444 0.28
v -16.833 -1.444 0
v -16.833 -1.15 0.28
v -16.833 -1.15 0
v -17.127 -1.15 0.28
v -17.127 -1.15 0
v -17.127 -1.444 0.28
v -17.127 -1.444 0

f -12 -15 -14
f -14 -13 -12
f -10 -9 -8
f -8 -9 -7
f -8 -7 -6
f -6 -7 -5
f -6 -5 -4
f -4 -5 -3
f -4 -3 -2
f -2 -3 -1

o Default b3U27
usemtl 0x8FBDB9
v -16.825 -1.444 0.28
v -16.335 -1.444 0.28
v -16.335 -1.15 0.28
v -16.825 -1.15 0.28
v -16.825 -1.444 0.28
v -16.825 -1.444 0.28
v -16.825 -1.444 0
v -16.335 -1.444 0.28
v -16.335 -1.444 0
v -16.335 -1.15 0.28
v -16.335 -1.15 0
v -16.825 -1.15 0.28
v -16.825 -1.15 0
v -16.825 -1.444 0.28
v -16.825 -1.444 0

f -12 -15 -14
f -14 -13 -12
f -10 -9 -8
f -8 -9 -7
f -8 -7 -6
f -6 -7 -5
f -6 -5 -4
f -4 -5 -3
f -4 -3 -2
f -2 -3 -1

o Default b3T14
usemtl 0x8FBDB9
v -17.126 0.058 0.28
v -16.734 0.058 0.28
v -16.734 0.548 0.28
v -17.126 0.548 0.28
v -17.126 0.058 0.28
v -17.126 0.058 0.28
v -17.126 0.058 0
v -16.734 0.058 0.28
v -16.734 0.058 0
v -16.734 0.548 0.28
v -16.734 0.548 0
v -17.126 0.548 0.28
v -17.126 0.548 0
v -17.126 0.058 0.28
v -17.126 0.058 0

f -12 -15 -14
f -14 -13 -12
f -10 -9 -8
f -8 -9 -7
f -8 -7 -6
f -6 -7 -5
f -6 -5 -4
f -4 -5 -3
f -4 -3 -2
f -2 -3 -1

o Default b3U15
usemtl 0x8FBDB9
v -16.726 0.058 0.28
v -16.334 0.058 0.28
v -16.334 0.548 0.28
v -16.726 0.548 0.28
v -16.726 0.058 0.28
v -16.726 0.058 0.28
v -16.726 0.058 0
v -16.334 0.058 0.28
v -16.334 0.058 0
v -16.334 0.548 0.28
v -16.334 0.548 0
v -16.726 0.548 0.28
v -16.726 0.548 0
v -16.726 0.058 0.28
v -16.726 0.058 0

f -12 -15 -14
f -14 -13 -12
f -10 -9 -8
f -8 -9 -7
f -8 -7 -6
f -6 -7 -5
f -6 -5 -4
f -4 -5 -3
f -4 -3 -2
f -2 -3 -1

o Default b3T10-U11
usemtl 0x8FBDB9
v -17.122 0.565 0.28
v -16.338 0.565 0.28
v -16.338 1.741 0.28
v -17.122 1.741 0.28
v -17.122 0.565 0.28
v -17.122 0.565 0.28
v -17.122 0.565 0
v -16.338 0.565 0.28
v -16.338 0.565 0
v -16.338 1.741 0.28
v -16.338 1.741 0
v -17.122 1.741 0.28
v -17.122 1.741 0
v -17.122 0.565 0.28
v -17.122 0.565 0

f -12 -15 -14
f -14 -13 -12
f -10 -9 -8
f -8 -9 -7
f -8 -7 -6
f -6 -7 -5
f -6 -5 -4
f -4 -5 -3
f -4 -3 -2
f -2 -3 -1

o Default b3U24
usemtl 0x8FBDB9
v -16.026 -1.444 0.28
v -15.634 -1.444 0.28
v -15.634 -1.15 0.28
v -16.026 -1.15 0.28
v -16.026 -1.444 0.28
v -16.026 -1.444 0.28
v -16.026 -1.444 0
v -15.634 -1.444 0.28
v -15.634 -1.444 0
v -15.634 -1.15 0.28
v -15.634 -1.15 0
v -16.026 -1.15 0.28
v -16.026 -1.15 0
v -16.026 -1.444 0.28
v -16.026 -1.444 0

f -12 -15 -14
f -14 -13 -12
f -10 -9 -8
f -8 -9 -7
f -8 -7 -6
f -6 -7 -5
f -6 -5 -4
f -4 -5 -3
f -4 -3 -2
f -2 -3 -1

o Default b3V25
usemtl 0x8FBDB9
v -15.628 -1.444 0.28
v -15.432 -1.444 0.28
v -15.432 -1.15 0.28
v -15.628 -1.15 0.28
v -15.628 -1.444 0.28
v -15.628 -1.444 0.28
v -15.628 -1.444 0
v -15.432 -1.444 0.28
v -15.432 -1.444 0
v -15.432 -1.15 0.28
v -15.432 -1.15 0
v -15.628 -1.15 0.28
v -15.628 -1.15 0
v -15.628 -1.444 0.28
v -15.628 -1.444 0

f -12 -15 -14
f -14 -13 -12
f -10 -9 -8
f -8 -9 -7
f -8 -7 -6
f -6 -7 -5
f -6 -5 -4
f -4 -5 -3
f -4 -3 -2
f -2 -3 -1

o Default b3U20
usemtl 0x8FBDB9
v -16.027 -1.138 0.28
v -15.733 -1.138 0.28
v -15.733 -0.256 0.28
v -16.027 -0.256 0.28
v -16.027 -1.138 0.28
v -16.027 -1.138 0.28
v -16.027 -1.138 0
v -15.733 -1.138 0.28
v -15.733 -1.138 0
v -15.733 -0.256 0.28
v -15.733 -0.256 0
v -16.027 -0.256 0.28
v -16.027 -0.256 0
v -16.027 -1.138 0.28
v -16.027 -1.138 0

f -12 -15 -14
f -14 -13 -12
f -10 -9 -8
f -8 -9 -7
f -8 -7 -6
f -6 -7 -5
f -6 -5 -4
f -4 -5 -3
f -4 -3 -2
f -2 -3 -1

o Default b3V21
usemtl 0x8FBDB9
v -15.727 -1.138 0.28
v -15.433 -1.138 0.28
v -15.433 -0.256 0.28
v -15.727 -0.256 0.28
v -15.727 -1.138 0.28
v -15.727 -1.138 0.28
v -15.727 -1.138 0
v -15.433 -1.138 0.28
v -15.433 -1.138 0
v -15.433 -0.256 0.28
v -15.433 -0.256 0
v -15.727 -0.256 0.28
v -15.727 -0.256 0
v -15.727 -1.138 0.28
v -15.727 -1.138 0

f -12 -15 -14
f -14 -13 -12
f -10 -9 -8
f -8 -9 -7
f -8 -7 -6
f -6 -7 -5
f -6 -5 -4
f -4 -5 -3
f -4 -3 -2
f -2 -3 -1

o Default b3U14
usemtl 0x8FBDB9
v -16.027 0.062 0.28
v -15.733 0.062 0.28
v -15.733 0.993 0.28
v -16.027 0.993 0.28
v -16.027 0.062 0.28
v -16.027 0.062 0.28
v -16.027 0.062 0
v -15.733 0.062 0.28
v -15.733 0.062 0
v -15.733 0.993 0.28
v -15.733 0.993 0
v -16.027 0.993 0.28
v -16.027 0.993 0
v -16.027 0.062 0.28
v -16.027 0.062 0

f -12 -15 -14
f -14 -13 -12
f -10 -9 -8
f -8 -9 -7
f -8 -7 -6
f -6 -7 -5
f -6 -5 -4
f -4 -5 -3
f -4 -3 -2
f -2 -3 -1

o Default b3U10-V11
usemtl 0x8FBDB9
v -16.024 1.01 0.28
v -15.436 1.01 0.28
v -15.436 1.745 0.28
v -16.024 1.745 0.28
v -16.024 1.01 0.28
v -16.024 1.01 0.28
v -16.024 1.01 0
v -15.436 1.01 0.28
v -15.436 1.01 0
v -15.436 1.745 0.28
v -15.436 1.745 0
v -16.024 1.745 0.28
v -16.024 1.745 0
v -16.024 1.01 0.28
v -16.024 1.01 0

f -12 -15 -14
f -14 -13 -12
f -10 -9 -8
f -8 -9 -7
f -8 -7 -6
f -6 -7 -5
f -6 -5 -4
f -4 -5 -3
f -4 -3 -2
f -2 -3 -1

o Default b3V15
usemtl 0x8FBDB9
v -15.727 0.062 0.28
v -15.433 0.062 0.28
v -15.433 0.993 0.28
v -15.727 0.993 0.28
v -15.727 0.062 0.28
v -15.727 0.062 0.28
v -15.727 0.062 0
v -15.433 0.062 0.28
v -15.433 0.062 0
v -15.433 0.993 0.28
v -15.433 0.993 0
v -15.727 0.993 0.28
v -15.727 0.993 0
v -15.727 0.062 0.28
v -15.727 0.062 0

f -12 -15 -14
f -14 -13 -12
f -10 -9 -8
f -8 -9 -7
f -8 -7 -6
f -6 -7 -5
f -6 -5 -4
f -4 -5 -3
f -4 -3 -2
f -2 -3 -1

o Default b1G10
usemtl 0x8FBDB9
v -29.313 14.478 0.28
v -27.647 14.478 0.28
v -27.647 14.968 0.28
v -29.313 14.968 0.28
v -29.313 14.478 0.28
v -29.313 14.478 0.28
v -29.313 14.478 0
v -27.647 14.478 0.28
v -27.647 14.478 0
v -27.647 14.968 0.28
v -27.647 14.968 0
v -29.313 14.968 0.28
v -29.313 14.968 0
v -29.313 14.478 0.28
v -29.313 14.478 0

f -12 -15 -14
f -14 -13 -12
f -10 -9 -8
f -8 -9 -7
f -8 -7 -6
f -6 -7 -5
f -6 -5 -4
f -4 -5 -3
f -4 -3 -2
f -2 -3 -1

o Default b1G20
usemtl 0x8FBDB9
v -31.711 14.477 0.28
v -29.898 14.477 0.28
v -29.898 14.869 0.28
v -31.711 14.869 0.28
v -31.711 14.477 0.28
v -31.711 14.477 0.28
v -31.711 14.477 0
v -29.898 14.477 0.28
v -29.898 14.477 0
v -29.898 14.869 0.28
v -29.898 14.869 0
v -31.711 14.869 0.28
v -31.711 14.869 0
v -31.711 14.477 0.28
v -31.711 14.477 0

f -12 -15 -14
f -14 -13 -12
f -10 -9 -8
f -8 -9 -7
f -8 -7 -6
f -6 -7 -5
f -6 -5 -4
f -4 -5 -3
f -4 -3 -2
f -2 -3 -1

o Default b1G30
usemtl 0x8FBDB9
v -33.273 14.576 0.28
v -32.587 14.576 0.28
v -32.587 14.87 0.28
v -33.273 14.87 0.28
v -33.273 14.576 0.28
v -33.273 14.576 0.28
v -33.273 14.576 0
v -32.587 14.576 0.28
v -32.587 14.576 0
v -32.587 14.87 0.28
v -32.587 14.87 0
v -33.273 14.87 0.28
v -33.273 14.87 0
v -33.273 14.576 0.28
v -33.273 14.576 0

f -12 -15 -14
f -14 -13 -12
f -10 -9 -8
f -8 -9 -7
f -8 -7 -6
f -6 -7 -5
f -6 -5 -4
f -4 -5 -3
f -4 -3 -2
f -2 -3 -1

o Default b1G40
usemtl 0x8FBDB9
v -35.062 14.477 0.28
v -33.298 14.477 0.28
v -33.298 14.869 0.28
v -35.062 14.869 0.28
v -35.062 14.477 0.28
v -35.062 14.477 0.28
v -35.062 14.477 0
v -33.298 14.477 0.28
v -33.298 14.477 0
v -33.298 14.869 0.28
v -33.298 14.869 0
v -35.062 14.869 0.28
v -35.062 14.869 0
v -35.062 14.477 0.28
v -35.062 14.477 0

f -12 -15 -14
f -14 -13 -12
f -10 -9 -8
f -8 -9 -7
f -8 -7 -6
f -6 -7 -5
f -6 -5 -4
f -4 -5 -3
f -4 -3 -2
f -2 -3 -1

o Default b1G46
usemtl 0x8FBDB9
v -36.268 14.576 0.28
v -35.092 14.576 0.28
v -35.092 14.87 0.28
v -36.268 14.87 0.28
v -36.268 14.576 0.28
v -36.268 14.576 0.28
v -36.268 14.576 0
v -35.092 14.576 0.28
v -35.092 14.576 0
v -35.092 14.87 0.28
v -35.092 14.87 0
v -36.268 14.87 0.28
v -36.268 14.87 0
v -36.268 14.576 0.28
v -36.268 14.576 0

f -12 -15 -14
f -14 -13 -12
f -10 -9 -8
f -8 -9 -7
f -8 -7 -6
f -6 -7 -5
f -6 -5 -4
f -4 -5 -3
f -4 -3 -2
f -2 -3 -1

o Default b1G48
usemtl 0x8FBDB9
v -37.127 14.976 0.28
v -36.833 14.976 0.28
v -36.833 15.27 0.28
v -37.127 15.27 0.28
v -37.127 14.976 0.28
v -37.127 14.976 0.28
v -37.127 14.976 0
v -36.833 14.976 0.28
v -36.833 14.976 0
v -36.833 15.27 0.28
v -36.833 15.27 0
v -37.127 15.27 0.28
v -37.127 15.27 0
v -37.127 14.976 0.28
v -37.127 14.976 0

f -12 -15 -14
f -14 -13 -12
f -10 -9 -8
f -8 -9 -7
f -8 -7 -6
f -6 -7 -5
f -6 -5 -4
f -4 -5 -3
f -4 -3 -2
f -2 -3 -1

o Default b1G50
usemtl 0x8FBDB9
v -37.127 15.276 0.28
v -36.833 15.276 0.28
v -36.833 15.57 0.28
v -37.127 15.57 0.28
v -37.127 15.276 0.28
v -37.127 15.276 0.28
v -37.127 15.276 0
v -36.833 15.276 0.28
v -36.833 15.276 0
v -36.833 15.57 0.28
v -36.833 15.57 0
v -37.127 15.57 0.28
v -37.127 15.57 0
v -37.127 15.276 0.28
v -37.127 15.276 0

f -12 -15 -14
f -14 -13 -12
f -10 -9 -8
f -8 -9 -7
f -8 -7 -6
f -6 -7 -5
f -6 -5 -4
f -4 -5 -3
f -4 -3 -2
f -2 -3 -1

o Default b1F50
usemtl 0x8FBDB9
v -37.028 15.778 0.28
v -36.832 15.778 0.28
v -36.832 16.268 0.28
v -37.028 16.268 0.28
v -37.028 15.778 0.28
v -37.028 15.778 0.28
v -37.028 15.778 0
v -36.832 15.778 0.28
v -36.832 15.778 0
v -36.832 16.268 0.28
v -36.832 16.268 0
v -37.028 16.268 0.28
v -37.028 16.268 0
v -37.028 15.778 0.28
v -37.028 15.778 0

f -12 -15 -14
f -14 -13 -12
f -10 -9 -8
f -8 -9 -7
f -8 -7 -6
f -6 -7 -5
f -6 -5 -4
f -4 -5 -3
f -4 -3 -2
f -2 -3 -1

o Default b1F49
usemtl 0x8FBDB9
v -37.028 16.278 0.28
v -36.832 16.278 0.28
v -36.832 16.719 0.28
v -37.028 16.719 0.28
v -37.028 16.278 0.28
v -37.028 16.278 0.28
v -37.028 16.278 0
v -36.832 16.278 0.28
v -36.832 16.278 0
v -36.832 16.719 0.28
v -36.832 16.719 0
v -37.028 16.719 0.28
v -37.028 16.719 0
v -37.028 16.278 0.28
v -37.028 16.278 0

f -12 -15 -14
f -14 -13 -12
f -10 -9 -8
f -8 -9 -7
f -8 -7 -6
f -6 -7 -5
f -6 -5 -4
f -4 -5 -3
f -4 -3 -2
f -2 -3 -1

o Default b1G45
usemtl 0x8FBDB9
v -36.522 15.175 0.28
v -35.738 15.175 0.28
v -35.738 15.371 0.28
v -36.522 15.371 0.28
v -36.522 15.175 0.28
v -36.522 15.175 0.28
v -36.522 15.175 0
v -35.738 15.175 0.28
v -35.738 15.175 0
v -35.738 15.371 0.28
v -35.738 15.371 0
v -36.522 15.371 0.28
v -36.522 15.371 0
v -36.522 15.175 0.28
v -36.522 15.175 0

f -12 -15 -14
f -14 -13 -12
f -10 -9 -8
f -8 -9 -7
f -8 -7 -6
f -6 -7 -5
f -6 -5 -4
f -4 -5 -3
f -4 -3 -2
f -2 -3 -1

o Default b1F44
usemtl 0x8FBDB9
v -36.522 15.378 0.28
v -35.738 15.378 0.28
v -35.738 15.868 0.28
v -36.522 15.868 0.28
v -36.522 15.378 0.28
v -36.522 15.378 0.28
v -36.522 15.378 0
v -35.738 15.378 0.28
v -35.738 15.378 0
v -35.738 15.868 0.28
v -35.738 15.868 0
v -36.522 15.868 0.28
v -36.522 15.868 0
v -36.522 15.378 0.28
v -36.522 15.378 0

f -12 -15 -14
f -14 -13 -12
f -10 -9 -8
f -8 -9 -7
f -8 -7 -6
f -6 -7 -5
f -6 -5 -4
f -4 -5 -3
f -4 -3 -2
f -2 -3 -1

o Default b1F40-G41
usemtl 0x8FBDB9
v -35.42 15.18 0.28
v -34.44 15.18 0.28
v -34.44 15.866 0.28
v -35.42 15.866 0.28
v -35.42 15.18 0.28
v -35.42 15.18 0.28
v -35.42 15.18 0
v -34.44 15.18 0.28
v -34.44 15.18 0
v -34.44 15.866 0.28
v -34.44 15.866 0
v -35.42 15.866 0.28
v -35.42 15.866 0
v -35.42 15.18 0.28
v -35.42 15.18 0

f -12 -15 -14
f -14 -13 -12
f -10 -9 -8
f -8 -9 -7
f -8 -7 -6
f -6 -7 -5
f -6 -5 -4
f -4 -5 -3
f -4 -3 -2
f -2 -3 -1

o Default b1F45
usemtl 0x8FBDB9
v -36.126 16.176 0.28
v -35.734 16.176 0.28
v -35.734 16.47 0.28
v -36.126 16.47 0.28
v -36.126 16.176 0.28
v -36.126 16.176 0.28
v -36.126 16.176 0
v -35.734 16.176 0.28
v -35.734 16.176 0
v -35.734 16.47 0.28
v -35.734 16.47 0
v -36.126 16.47 0.28
v -36.126 16.47 0
v -36.126 16.176 0.28
v -36.126 16.176 0

f -12 -15 -14
f -14 -13 -12
f -10 -9 -8
f -8 -9 -7
f -8 -7 -6
f -6 -7 -5
f -6 -5 -4
f -4 -5 -3
f -4 -3 -2
f -2 -3 -1

o Default b1F47
usemtl 0x8FBDB9
v -36.526 16.176 0.28
v -36.134 16.176 0.28
v -36.134 16.47 0.28
v -36.526 16.47 0.28
v -36.526 16.176 0.28
v -36.526 16.176 0.28
v -36.526 16.176 0
v -36.134 16.176 0.28
v -36.134 16.176 0
v -36.134 16.47 0.28
v -36.134 16.47 0
v -36.526 16.47 0.28
v -36.526 16.47 0
v -36.526 16.176 0.28
v -36.526 16.176 0

f -12 -15 -14
f -14 -13 -12
f -10 -9 -8
f -8 -9 -7
f -8 -7 -6
f -6 -7 -5
f -6 -5 -4
f -4 -5 -3
f -4 -3 -2
f -2 -3 -1

o Default b1E44
usemtl 0x8FBDB9
v -36.522 16.478 0.28
v -35.738 16.478 0.28
v -35.738 16.968 0.28
v -36.522 16.968 0.28
v -36.522 16.478 0.28
v -36.522 16.478 0.28
v -36.522 16.478 0
v -35.738 16.478 0.28
v -35.738 16.478 0
v -35.738 16.968 0.28
v -35.738 16.968 0
v -36.522 16.968 0.28
v -36.522 16.968 0
v -36.522 16.478 0.28
v -36.522 16.478 0

f -12 -15 -14
f -14 -13 -12
f -10 -9 -8
f -8 -9 -7
f -8 -7 -6
f -6 -7 -5
f -6 -5 -4
f -4 -5 -3
f -4 -3 -2
f -2 -3 -1

o Default b1E42-F43
usemtl 0x8FBDB9
v -35.428 16.181 0.28
v -35.232 16.181 0.28
v -35.232 16.965 0.28
v -35.428 16.965 0.28
v -35.428 16.181 0.28
v -35.428 16.181 0.28
v -35.428 16.181 0
v -35.232 16.181 0.28
v -35.232 16.181 0
v -35.232 16.965 0.28
v -35.232 16.965 0
v -35.428 16.965 0.28
v -35.428 16.965 0
v -35.428 16.181 0.28
v -35.428 16.181 0

f -12 -15 -14
f -14 -13 -12
f -10 -9 -8
f -8 -9 -7
f -8 -7 -6
f -6 -7 -5
f -6 -5 -4
f -4 -5 -3
f -4 -3 -2
f -2 -3 -1

o Default b1F41
usemtl 0x8FBDB9
v -35.222 16.177 0.28
v -34.438 16.177 0.28
v -34.438 16.569 0.28
v -35.222 16.569 0.28
v -35.222 16.177 0.28
v -35.222 16.177 0.28
v -35.222 16.177 0
v -34.438 16.177 0.28
v -34.438 16.177 0
v -34.438 16.569 0.28
v -34.438 16.569 0
v -35.222 16.569 0.28
v -35.222 16.569 0
v -35.222 16.177 0.28
v -35.222 16.177 0

f -12 -15 -14
f -14 -13 -12
f -10 -9 -8
f -8 -9 -7
f -8 -7 -6
f -6 -7 -5
f -6 -5 -4
f -4 -5 -3
f -4 -3 -2
f -2 -3 -1

o Default b1E40
usemtl 0x8FBDB9
v -35.222 16.577 0.28
v -34.438 16.577 0.28
v -34.438 16.969 0.28
v -35.222 16.969 0.28
v -35.222 16.577 0.28
v -35.222 16.577 0.28
v -35.222 16.577 0
v -34.438 16.577 0.28
v -34.438 16.577 0
v -34.438 16.969 0.28
v -34.438 16.969 0
v -35.222 16.969 0.28
v -35.222 16.969 0
v -35.222 16.577 0.28
v -35.222 16.577 0

f -12 -15 -14
f -14 -13 -12
f -10 -9 -8
f -8 -9 -7
f -8 -7 -6
f -6 -7 -5
f -6 -5 -4
f -4 -5 -3
f -4 -3 -2
f -2 -3 -1

o Default b1F32
usemtl 0x8FBDB9
v -34.124 15.378 0.28
v -33.536 15.378 0.28
v -33.536 15.868 0.28
v -34.124 15.868 0.28
v -34.124 15.378 0.28
v -34.124 15.378 0.28
v -34.124 15.378 0
v -33.536 15.378 0.28
v -33.536 15.378 0
v -33.536 15.868 0.28
v -33.536 15.868 0
v -34.124 15.868 0.28
v -34.124 15.868 0
v -34.124 15.378 0.28
v -34.124 15.378 0

f -12 -15 -14
f -14 -13 -12
f -10 -9 -8
f -8 -9 -7
f -8 -7 -6
f -6 -7 -5
f -6 -5 -4
f -4 -5 -3
f -4 -3 -2
f -2 -3 -1

o Default b1F30
usemtl 0x8FBDB9
v -33.521 15.378 0.28
v -32.688 15.378 0.28
v -32.688 15.868 0.28
v -33.521 15.868 0.28
v -33.521 15.378 0.28
v -33.521 15.378 0.28
v -33.521 15.378 0
v -32.688 15.378 0.28
v -32.688 15.378 0
v -32.688 15.868 0.28
v -32.688 15.868 0
v -33.521 15.868 0.28
v -33.521 15.868 0
v -33.521 15.378 0.28
v -33.521 15.378 0

f -12 -15 -14
f -14 -13 -12
f -10 -9 -8
f -8 -9 -7
f -8 -7 -6
f -6 -7 -5
f -6 -5 -4
f -4 -5 -3
f -4 -3 -2
f -2 -3 -1

o Default b1G35
usemtl 0x8FBDB9
v -34.125 15.175 0.28
v -33.635 15.175 0.28
v -33.635 15.371 0.28
v -34.125 15.371 0.28
v -34.125 15.175 0.28
v -34.125 15.175 0.28
v -34.125 15.175 0
v -33.635 15.175 0.28
v -33.635 15.175 0
v -33.635 15.371 0.28
v -33.635 15.371 0
v -34.125 15.371 0.28
v -34.125 15.371 0
v -34.125 15.175 0.28
v -34.125 15.175 0

f -12 -15 -14
f -14 -13 -12
f -10 -9 -8
f -8 -9 -7
f -8 -7 -6
f -6 -7 -5
f -6 -5 -4
f -4 -5 -3
f -4 -3 -2
f -2 -3 -1

o Default b1G33
usemtl 0x8FBDB9
v -33.625 15.175 0.28
v -33.184 15.175 0.28
v -33.184 15.371 0.28
v -33.625 15.371 0.28
v -33.625 15.175 0.28
v -33.625 15.175 0.28
v -33.625 15.175 0
v -33.184 15.175 0.28
v -33.184 15.175 0
v -33.184 15.371 0.28
v -33.184 15.371 0
v -33.625 15.371 0.28
v -33.625 15.371 0
v -33.625 15.175 0.28
v -33.625 15.175 0

f -12 -15 -14
f -14 -13 -12
f -10 -9 -8
f -8 -9 -7
f -8 -7 -6
f -6 -7 -5
f -6 -5 -4
f -4 -5 -3
f -4 -3 -2
f -2 -3 -1

o Default b1G31
usemtl 0x8FBDB9
v -33.175 15.175 0.28
v -32.685 15.175 0.28
v -32.685 15.371 0.28
v -33.175 15.371 0.28
v -33.175 15.175 0.28
v -33.175 15.175 0.28
v -33.175 15.175 0
v -32.685 15.175 0.28
v -32.685 15.175 0
v -32.685 15.371 0.28
v -32.685 15.371 0
v -33.175 15.371 0.28
v -33.175 15.371 0
v -33.175 15.175 0.28
v -33.175 15.175 0

f -12 -15 -14
f -14 -13 -12
f -10 -9 -8
f -8 -9 -7
f -8 -7 -6
f -6 -7 -5
f -6 -5 -4
f -4 -5 -3
f -4 -3 -2
f -2 -3 -1

o Default b1F33
usemtl 0x8FBDB9
v -34.124 16.177 0.28
v -33.536 16.177 0.28
v -33.536 16.569 0.28
v -34.124 16.569 0.28
v -34.124 16.177 0.28
v -34.124 16.177 0.28
v -34.124 16.177 0
v -33.536 16.177 0.28
v -33.536 16.177 0
v -33.536 16.569 0.28
v -33.536 16.569 0
v -34.124 16.569 0.28
v -34.124 16.569 0
v -34.124 16.177 0.28
v -34.124 16.177 0

f -12 -15 -14
f -14 -13 -12
f -10 -9 -8
f -8 -9 -7
f -8 -7 -6
f -6 -7 -5
f -6 -5 -4
f -4 -5 -3
f -4 -3 -2
f -2 -3 -1

o Default b1E32
usemtl 0x8FBDB9
v -34.124 16.577 0.28
v -33.536 16.577 0.28
v -33.536 16.969 0.28
v -34.124 16.969 0.28
v -34.124 16.577 0.28
v -34.124 16.577 0.28
v -34.124 16.577 0
v -33.536 16.577 0.28
v -33.536 16.577 0
v -33.536 16.969 0.28
v -33.536 16.969 0
v -34.124 16.969 0.28
v -34.124 16.969 0
v -34.124 16.577 0.28
v -34.124 16.577 0

f -12 -15 -14
f -14 -13 -12
f -10 -9 -8
f -8 -9 -7
f -8 -7 -6
f -6 -7 -5
f -6 -5 -4
f -4 -5 -3
f -4 -3 -2
f -2 -3 -1

o Default b1E30-F31
usemtl 0x8FBDB9
v -33.521 16.181 0.28
v -32.688 16.181 0.28
v -32.688 16.965 0.28
v -33.521 16.965 0.28
v -33.521 16.181 0.28
v -33.521 16.181 0.28
v -33.521 16.181 0
v -32.688 16.181 0.28
v -32.688 16.181 0
v -32.688 16.965 0.28
v -32.688 16.965 0
v -33.521 16.965 0.28
v -33.521 16.965 0
v -33.521 16.181 0.28
v -33.521 16.181 0

f -12 -15 -14
f -14 -13 -12
f -10 -9 -8
f -8 -9 -7
f -8 -7 -6
f -6 -7 -5
f -6 -5 -4
f -4 -5 -3
f -4 -3 -2
f -2 -3 -1

o Default b1F20-G21
usemtl 0x8FBDB9
v -30.1 15.18 0.28
v -32.305 15.18 0.28
v -32.305 15.866 0.28
v -29.757 15.866 0.28
v -29.757 15.523 0.28
v -30.1 15.18 0.28
v -30.1 15.18 0.28
v -30.1 15.18 0
v -32.305 15.18 0.28
v -32.305 15.18 0
v -32.305 15.866 0.28
v -32.305 15.866 0
v -29.757 15.866 0.28
v -29.757 15.866 0
v -29.757 15.523 0.28
v -29.757 15.523 0
v -30.1 15.18 0.28
v -30.1 15.18 0

f -17 -13 -14
f -14 -15 -16
f -16 -17 -14
f -12 -11 -10
f -10 -11 -9
f -10 -9 -8
f -8 -9 -7
f -8 -7 -6
f -6 -7 -5
f -6 -5 -4
f -4 -5 -3
f -4 -3 -2
f -2 -3 -1

o Default b1F25
usemtl 0x8FBDB9
v -32.324 16.176 0.28
v -31.736 16.176 0.28
v -31.736 16.47 0.28
v -32.324 16.47 0.28
v -32.324 16.176 0.28
v -32.324 16.176 0.28
v -32.324 16.176 0
v -31.736 16.176 0.28
v -31.736 16.176 0
v -31.736 16.47 0.28
v -31.736 16.47 0
v -32.324 16.47 0.28
v -32.324 16.47 0
v -32.324 16.176 0.28
v -32.324 16.176 0

f -12 -15 -14
f -14 -13 -12
f -10 -9 -8
f -8 -9 -7
f -8 -7 -6
f -6 -7 -5
f -6 -5 -4
f -4 -5 -3
f -4 -3 -2
f -2 -3 -1

o Default b1E24
usemtl 0x8FBDB9
v -32.324 16.478 0.28
v -31.736 16.478 0.28
v -31.736 16.968 0.28
v -32.324 16.968 0.28
v -32.324 16.478 0.28
v -32.324 16.478 0.28
v -32.324 16.478 0
v -31.736 16.478 0.28
v -31.736 16.478 0
v -31.736 16.968 0.28
v -31.736 16.968 0
v -32.324 16.968 0.28
v -32.324 16.968 0
v -32.324 16.478 0.28
v -32.324 16.478 0

f -12 -15 -14
f -14 -13 -12
f -10 -9 -8
f -8 -9 -7
f -8 -7 -6
f -6 -7 -5
f -6 -5 -4
f -4 -5 -3
f -4 -3 -2
f -2 -3 -1

o Default b1E20-F21
usemtl 0x8FBDB9
v -31.71 16.181 0.28
v -29.75 16.181 0.28
v -29.75 16.965 0.28
v -31.71 16.965 0.28
v -31.71 16.181 0.28
v -31.71 16.181 0.28
v -31.71 16.181 0
v -29.75 16.181 0.28
v -29.75 16.181 0
v -29.75 16.965 0.28
v -29.75 16.965 0
v -31.71 16.965 0.28
v -31.71 16.965 0
v -31.71 16.181 0.28
v -31.71 16.181 0

f -12 -15 -14
f -14 -13 -12
f -10 -9 -8
f -8 -9 -7
f -8 -7 -6
f -6 -7 -5
f -6 -5 -4
f -4 -5 -3
f -4 -3 -2
f -2 -3 -1

o Default b1F10-G11
usemtl 0x8FBDB9
v -29.362 15.867 0.28
v -29.362 15.524 0.28
v -29.019 15.279 0.28
v -27.941 15.279 0.28
v -27.598 15.524 0.28
v -27.588 15.867 0.28
v -29.362 15.867 0.28
v -29.362 15.867 0.28
v -29.362 15.867 0
v -29.362 15.524 0.28
v -29.362 15.524 0
v -29.019 15.279 0.28
v -29.019 15.279 0
v -27.941 15.279 0.28
v -27.941 15.279 0
v -27.598 15.524 0.28
v -27.598 15.524 0
v -27.588 15.867 0.28
v -27.588 15.867 0
v -29.362 15.867 0.28
v -29.362 15.867 0

f -16 -21 -20
f -20 -19 -18
f -18 -17 -16
f -16 -20 -18
f -14 -13 -12
f -12 -13 -11
f -12 -11 -10
f -10 -11 -9
f -10 -9 -8
f -8 -9 -7
f -8 -7 -6
f -6 -7 -5
f -6 -5 -4
f -4 -5 -3
f -4 -3 -2
f -2 -3 -1

o Default b1E10-F11
usemtl 0x8FBDB9
v -29.362 16.181 0.28
v -27.598 16.181 0.28
v -27.598 16.965 0.28
v -29.362 16.965 0.28
v -29.362 16.181 0.28
v -29.362 16.181 0.28
v -29.362 16.181 0
v -27.598 16.181 0.28
v -27.598 16.181 0
v -27.598 16.965 0.28
v -27.598 16.965 0
v -29.362 16.965 0.28
v -29.362 16.965 0
v -29.362 16.181 0.28
v -29.362 16.181 0

f -12 -15 -14
f -14 -13 -12
f -10 -9 -8
f -8 -9 -7
f -8 -7 -6
f -6 -7 -5
f -6 -5 -4
f -4 -5 -3
f -4 -3 -2
f -2 -3 -1

o Default b1E02
usemtl 0x8FBDB9
v -27.227 14.532 0.28
v -27.227 17.423 0.28
v -27.031 17.423 0.28
v -27.031 17.227 0.28
v -26.933 17.227 0.28
v -26.933 16.002 0.28
v -27.031 16.002 0.28
v -27.031 15.806 0.28
v -26.933 15.806 0.28
v -26.933 14.532 0.28
v -27.227 14.532 0.28
v -27.227 14.532 0.28
v -27.227 14.532 0
v -27.227 17.423 0.28
v -27.227 17.423 0
v -27.031 17.423 0.28
v -27.031 17.423 0
v -27.031 17.227 0.28
v -27.031 17.227 0
v -26.933 17.227 0.28
v -26.933 17.227 0
v -26.933 16.002 0.28
v -26.933 16.002 0
v -27.031 16.002 0.28
v -27.031 16.002 0
v -27.031 15.806 0.28
v -27.031 15.806 0
v -26.933 15.806 0.28
v -26.933 15.806 0
v -26.933 14.532 0.28
v -26.933 14.532 0
v -27.227 14.532 0.28
v -27.227 14.532 0

f -32 -23 -24
f -24 -25 -26
f -27 -28 -29
f -30 -31 -32
f -32 -24 -26
f -27 -29 -30
f -30 -32 -26
f -26 -27 -30
f -22 -21 -20
f -20 -21 -19
f -20 -19 -18
f -18 -19 -17
f -18 -17 -16
f -16 -17 -15
f -16 -15 -14
f -14 -15 -13
f -14 -13 -12
f -12 -13 -11
f -12 -11 -10
f -10 -11 -9
f -10 -9 -8
f -8 -9 -7
f -8 -7 -6
f -6 -7 -5
f -6 -5 -4
f -4 -5 -3
f -4 -3 -2
f -2 -3 -1

o Default b1E51
usemtl 0x8FBDB9
v -37.176 17.129 0.28
v -36.833 17.129 0.28
v -36.833 17.668 0.28
v -37.176 17.668 0.28
v -37.176 17.129 0.28
v -37.176 17.129 0.28
v -37.176 17.129 0
v -36.833 17.129 0.28
v -36.833 17.129 0
v -36.833 17.668 0.28
v -36.833 17.668 0
v -37.176 17.668 0.28
v -37.176 17.668 0
v -37.176 17.129 0.28
v -37.176 17.129 0

f -12 -15 -14
f -14 -13 -12
f -10 -9 -8
f -8 -9 -7
f -8 -7 -6
f -6 -7 -5
f -6 -5 -4
f -4 -5 -3
f -4 -3 -2
f -2 -3 -1

o Default b1D50
usemtl 0x8FBDB9
v -37.176 17.683 0.28
v -36.833 17.683 0.28
v -36.833 18.663 0.28
v -37.176 18.663 0.28
v -37.176 17.683 0.28
v -37.176 17.683 0.28
v -37.176 17.683 0
v -36.833 17.683 0.28
v -36.833 17.683 0
v -36.833 18.663 0.28
v -36.833 18.663 0
v -37.176 18.663 0.28
v -37.176 18.663 0
v -37.176 17.683 0.28
v -37.176 17.683 0

f -12 -15 -14
f -14 -13 -12
f -10 -9 -8
f -8 -9 -7
f -8 -7 -6
f -6 -7 -5
f -6 -5 -4
f -4 -5 -3
f -4 -3 -2
f -2 -3 -1

o Default b1C50
usemtl 0x8FBDB9
v -37.473 18.677 0.28
v -36.836 18.677 0.28
v -36.836 19.069 0.28
v -37.473 19.069 0.28
v -37.473 18.677 0.28
v -37.473 18.677 0.28
v -37.473 18.677 0
v -36.836 18.677 0.28
v -36.836 18.677 0
v -36.836 19.069 0.28
v -36.836 19.069 0
v -37.473 19.069 0.28
v -37.473 19.069 0
v -37.473 18.677 0.28
v -37.473 18.677 0

f -12 -15 -14
f -14 -13 -12
f -10 -9 -8
f -8 -9 -7
f -8 -7 -6
f -6 -7 -5
f -6 -5 -4
f -4 -5 -3
f -4 -3 -2
f -2 -3 -1

o Default b1C52
usemtl 0x8FBDB9
v -38.074 18.875 0.28
v -37.486 18.875 0.28
v -37.486 19.071 0.28
v -38.074 19.071 0.28
v -38.074 18.875 0.28
v -38.074 18.875 0.28
v -38.074 18.875 0
v -37.486 18.875 0.28
v -37.486 18.875 0
v -37.486 19.071 0.28
v -37.486 19.071 0
v -38.074 19.071 0.28
v -38.074 19.071 0
v -38.074 18.875 0.28
v -38.074 18.875 0

f -12 -15 -14
f -14 -13 -12
f -10 -9 -8
f -8 -9 -7
f -8 -7 -6
f -6 -7 -5
f -6 -5 -4
f -4 -5 -3
f -4 -3 -2
f -2 -3 -1

o Default b1D44
usemtl 0x8FBDB9
v -36.521 17.776 0.28
v -35.688 17.776 0.28
v -35.688 18.07 0.28
v -36.521 18.07 0.28
v -36.521 17.776 0.28
v -36.521 17.776 0.28
v -36.521 17.776 0
v -35.688 17.776 0.28
v -35.688 17.776 0
v -35.688 18.07 0.28
v -35.688 18.07 0
v -36.521 18.07 0.28
v -36.521 18.07 0
v -36.521 17.776 0.28
v -36.521 17.776 0

f -12 -15 -14
f -14 -13 -12
f -10 -9 -8
f -8 -9 -7
f -8 -7 -6
f -6 -7 -5
f -6 -5 -4
f -4 -5 -3
f -4 -3 -2
f -2 -3 -1

o Default b1E41
usemtl 0x8FBDB9
v -36.511 17.277 0.28
v -34.453 17.277 0.28
v -34.453 17.62 0.28
v -35.678 17.62 0.28
v -35.678 17.767 0.28
v -36.511 17.767 0.28
v -36.511 17.277 0.28
v -36.511 17.277 0.28
v -36.511 17.277 0
v -34.453 17.277 0.28
v -34.453 17.277 0
v -34.453 17.62 0.28
v -34.453 17.62 0
v -35.678 17.62 0.28
v -35.678 17.62 0
v -35.678 17.767 0.28
v -35.678 17.767 0
v -36.511 17.767 0.28
v -36.511 17.767 0
v -36.511 17.277 0.28
v -36.511 17.277 0

f -16 -21 -20
f -20 -19 -18
f -18 -17 -16
f -16 -20 -18
f -14 -13 -12
f -12 -13 -11
f -12 -11 -10
f -10 -11 -9
f -10 -9 -8
f -8 -9 -7
f -8 -7 -6
f -6 -7 -5
f -6 -5 -4
f -4 -5 -3
f -4 -3 -2
f -2 -3 -1

o Default b1D40
usemtl 0x8FBDB9
v -35.667 17.628 0.28
v -34.442 17.628 0.28
v -34.442 18.069 0.28
v -35.667 18.069 0.28
v -35.667 17.628 0.28
v -35.667 17.628 0.28
v -35.667 17.628 0
v -34.442 17.628 0.28
v -34.442 17.628 0
v -34.442 18.069 0.28
v -34.442 18.069 0
v -35.667 18.069 0.28
v -35.667 18.069 0
v -35.667 17.628 0.28
v -35.667 17.628 0

f -12 -15 -14
f -14 -13 -12
f -10 -9 -8
f -8 -9 -7
f -8 -7 -6
f -6 -7 -5
f -6 -5 -4
f -4 -5 -3
f -4 -3 -2
f -2 -3 -1

o Default b1E35
usemtl 0x8FBDB9
v -34.124 17.276 0.28
v -33.536 17.276 0.28
v -33.536 17.57 0.28
v -34.124 17.57 0.28
v -34.124 17.276 0.28
v -34.124 17.276 0.28
v -34.124 17.276 0
v -33.536 17.276 0.28
v -33.536 17.276 0
v -33.536 17.57 0.28
v -33.536 17.57 0
v -34.124 17.57 0.28
v -34.124 17.57 0
v -34.124 17.276 0.28
v -34.124 17.276 0

f -12 -15 -14
f -14 -13 -12
f -10 -9 -8
f -8 -9 -7
f -8 -7 -6
f -6 -7 -5
f -6 -5 -4
f -4 -5 -3
f -4 -3 -2
f -2 -3 -1

o Default b1D45
usemtl 0x8FBDB9
v -36.525 18.376 0.28
v -36.035 18.376 0.28
v -36.035 18.67 0.28
v -36.525 18.67 0.28
v -36.525 18.376 0.28
v -36.525 18.376 0.28
v -36.525 18.376 0
v -36.035 18.376 0.28
v -36.035 18.376 0
v -36.035 18.67 0.28
v -36.035 18.67 0
v -36.525 18.67 0.28
v -36.525 18.67 0
v -36.525 18.376 0.28
v -36.525 18.376 0

f -12 -15 -14
f -14 -13 -12
f -10 -9 -8
f -8 -9 -7
f -8 -7 -6
f -6 -7 -5
f -6 -5 -4
f -4 -5 -3
f -4 -3 -2
f -2 -3 -1

o Default b1C44
usemtl 0x8FBDB9
v -36.525 18.677 0.28
v -36.035 18.677 0.28
v -36.035 19.069 0.28
v -36.525 19.069 0.28
v -36.525 18.677 0.28
v -36.525 18.677 0.28
v -36.525 18.677 0
v -36.035 18.677 0.28
v -36.035 18.677 0
v -36.035 19.069 0.28
v -36.035 19.069 0
v -36.525 19.069 0.28
v -36.525 19.069 0
v -36.525 18.677 0.28
v -36.525 18.677 0

f -12 -15 -14
f -14 -13 -12
f -10 -9 -8
f -8 -9 -7
f -8 -7 -6
f -6 -7 -5
f -6 -5 -4
f -4 -5 -3
f -4 -3 -2
f -2 -3 -1

o Default b1C40-D41
usemtl 0x8FBDB9
v -36.014 18.38 0.28
v -34.446 18.38 0.28
v -34.446 19.066 0.28
v -36.014 19.066 0.28
v -36.014 18.38 0.28
v -36.014 18.38 0.28
v -36.014 18.38 0
v -34.446 18.38 0.28
v -34.446 18.38 0
v -34.446 19.066 0.28
v -34.446 19.066 0
v -36.014 19.066 0.28
v -36.014 19.066 0
v -36.014 18.38 0.28
v -36.014 18.38 0

f -12 -15 -14
f -14 -13 -12
f -10 -9 -8
f -8 -9 -7
f -8 -7 -6
f -6 -7 -5
f -6 -5 -4
f -4 -5 -3
f -4 -3 -2
f -2 -3 -1

o Default b1D34
usemtl 0x8FBDB9
v -34.124 17.578 0.28
v -33.536 17.578 0.28
v -33.536 18.068 0.28
v -34.124 18.068 0.28
v -34.124 17.578 0.28
v -34.124 17.578 0.28
v -34.124 17.578 0
v -33.536 17.578 0.28
v -33.536 17.578 0
v -33.536 18.068 0.28
v -33.536 18.068 0
v -34.124 18.068 0.28
v -34.124 18.068 0
v -34.124 17.578 0.28
v -34.124 17.578 0

f -12 -15 -14
f -14 -13 -12
f -10 -9 -8
f -8 -9 -7
f -8 -7 -6
f -6 -7 -5
f -6 -5 -4
f -4 -5 -3
f -4 -3 -2
f -2 -3 -1

o Default b1D30-E31
usemtl 0x8FBDB9
v -33.521 17.281 0.28
v -32.688 17.281 0.28
v -32.688 18.065 0.28
v -33.521 18.065 0.28
v -33.521 17.281 0.28
v -33.521 17.281 0.28
v -33.521 17.281 0
v -32.688 17.281 0.28
v -32.688 17.281 0
v -32.688 18.065 0.28
v -32.688 18.065 0
v -33.521 18.065 0.28
v -33.521 18.065 0
v -33.521 17.281 0.28
v -33.521 17.281 0

f -12 -15 -14
f -14 -13 -12
f -10 -9 -8
f -8 -9 -7
f -8 -7 -6
f -6 -7 -5
f -6 -5 -4
f -4 -5 -3
f -4 -3 -2
f -2 -3 -1

o Default b1C34-D35
usemtl 0x8FBDB9
v -34.115 18.38 0.28
v -32.694 18.38 0.28
v -32.694 19.066 0.28
v -34.115 19.066 0.28
v -34.115 18.38 0.28
v -34.115 18.38 0.28
v -34.115 18.38 0
v -32.694 18.38 0.28
v -32.694 18.38 0
v -32.694 19.066 0.28
v -32.694 19.066 0
v -34.115 19.066 0.28
v -34.115 19.066 0
v -34.115 18.38 0.28
v -34.115 18.38 0

f -12 -15 -14
f -14 -13 -12
f -10 -9 -8
f -8 -9 -7
f -8 -7 -6
f -6 -7 -5
f -6 -5 -4
f -4 -5 -3
f -4 -3 -2
f -2 -3 -1

o Default b1D20-E21
usemtl 0x8FBDB9
v -32.304 17.281 0.28
v -29.756 17.281 0.28
v -29.756 18.065 0.28
v -32.304 18.065 0.28
v -32.304 17.281 0.28
v -32.304 17.281 0.28
v -32.304 17.281 0
v -29.756 17.281 0.28
v -29.756 17.281 0
v -29.756 18.065 0.28
v -29.756 18.065 0
v -32.304 18.065 0.28
v -32.304 18.065 0
v -32.304 17.281 0.28
v -32.304 17.281 0

f -12 -15 -14
f -14 -13 -12
f -10 -9 -8
f -8 -9 -7
f -8 -7 -6
f -6 -7 -5
f -6 -5 -4
f -4 -5 -3
f -4 -3 -2
f -2 -3 -1

o Default b1C24-D25
usemtl 0x8FBDB9
v -32.317 18.38 0.28
v -31.043 18.38 0.28
v -31.043 19.066 0.28
v -32.317 19.066 0.28
v -32.317 18.38 0.28
v -32.317 18.38 0.28
v -32.317 18.38 0
v -31.043 18.38 0.28
v -31.043 18.38 0
v -31.043 19.066 0.28
v -31.043 19.066 0
v -32.317 19.066 0.28
v -32.317 19.066 0
v -32.317 18.38 0.28
v -32.317 18.38 0

f -12 -15 -14
f -14 -13 -12
f -10 -9 -8
f -8 -9 -7
f -8 -7 -6
f -6 -7 -5
f -6 -5 -4
f -4 -5 -3
f -4 -3 -2
f -2 -3 -1

o Default b1C20-D21
usemtl 0x8FBDB9
v -31.017 18.38 0.28
v -29.743 18.38 0.28
v -29.743 19.066 0.28
v -31.017 19.066 0.28
v -31.017 18.38 0.28
v -31.017 18.38 0.28
v -31.017 18.38 0
v -29.743 18.38 0.28
v -29.743 18.38 0
v -29.743 19.066 0.28
v -29.743 19.066 0
v -31.017 19.066 0.28
v -31.017 19.066 0
v -31.017 18.38 0.28
v -31.017 18.38 0

f -12 -15 -14
f -14 -13 -12
f -10 -9 -8
f -8 -9 -7
f -8 -7 -6
f -6 -7 -5
f -6 -5 -4
f -4 -5 -3
f -4 -3 -2
f -2 -3 -1

o Default b1D10-E11
usemtl 0x8FBDB9
v -29.362 17.281 0.28
v -27.598 17.281 0.28
v -27.598 18.065 0.28
v -29.362 18.065 0.28
v -29.362 17.281 0.28
v -29.362 17.281 0.28
v -29.362 17.281 0
v -27.598 17.281 0.28
v -27.598 17.281 0
v -27.598 18.065 0.28
v -27.598 18.065 0
v -29.362 18.065 0.28
v -29.362 18.065 0
v -29.362 17.281 0.28
v -29.362 17.281 0

f -12 -15 -14
f -14 -13 -12
f -10 -9 -8
f -8 -9 -7
f -8 -7 -6
f -6 -7 -5
f -6 -5 -4
f -4 -5 -3
f -4 -3 -2
f -2 -3 -1

o Default b1C10-D11
usemtl 0x8FBDB9
v -29.362 18.38 0.28
v -27.598 18.38 0.28
v -27.598 19.066 0.28
v -29.362 19.066 0.28
v -29.362 18.38 0.28
v -29.362 18.38 0.28
v -29.362 18.38 0
v -27.598 18.38 0.28
v -27.598 18.38 0
v -27.598 19.066 0.28
v -27.598 19.066 0
v -29.362 19.066 0.28
v -29.362 19.066 0
v -29.362 18.38 0.28
v -29.362 18.38 0

f -12 -15 -14
f -14 -13 -12
f -10 -9 -8
f -8 -9 -7
f -8 -7 -6
f -6 -7 -5
f -6 -5 -4
f -4 -5 -3
f -4 -3 -2
f -2 -3 -1

o Default b1C02
usemtl 0x8FBDB9
v -27.227 18.896 0.28
v -27.227 20.121 0.28
v -26.933 20.121 0.28
v -26.933 18.994 0.28
v -27.031 18.994 0.28
v -27.031 18.896 0.28
v -27.227 18.896 0.28
v -27.227 18.896 0.28
v -27.227 18.896 0
v -27.227 20.121 0.28
v -27.227 20.121 0
v -26.933 20.121 0.28
v -26.933 20.121 0
v -26.933 18.994 0.28
v -26.933 18.994 0
v -27.031 18.994 0.28
v -27.031 18.994 0
v -27.031 18.896 0.28
v -27.031 18.896 0
v -27.227 18.896 0.28
v -27.227 18.896 0

f -20 -15 -16
f -17 -18 -19
f -20 -16 -17
f -17 -19 -20
f -14 -13 -12
f -12 -13 -11
f -12 -11 -10
f -10 -11 -9
f -10 -9 -8
f -8 -9 -7
f -8 -7 -6
f -6 -7 -5
f -6 -5 -4
f -4 -5 -3
f -4 -3 -2
f -2 -3 -1

o Default b1B02
usemtl 0x8FBDB9
v -27.227 20.143 0.28
v -27.227 21.074 0.28
v -26.884 21.074 0.28
v -26.884 20.486 0.28
v -27.031 20.486 0.28
v -27.031 20.339 0.28
v -26.933 20.339 0.28
v -26.933 20.143 0.28
v -27.227 20.143 0.28
v -27.227 20.143 0.28
v -27.227 20.143 0
v -27.227 21.074 0.28
v -27.227 21.074 0
v -26.884 21.074 0.28
v -26.884 21.074 0
v -26.884 20.486 0.28
v -26.884 20.486 0
v -27.031 20.486 0.28
v -27.031 20.486 0
v -27.031 20.339 0.28
v -27.031 20.339 0
v -26.933 20.339 0.28
v -26.933 20.339 0
v -26.933 20.143 0.28
v -26.933 20.143 0
v -27.227 20.143 0.28
v -27.227 20.143 0

f -19 -20 -21
f -23 -24 -25
f -25 -26 -19
f -19 -21 -22
f -23 -25 -19
f -19 -22 -23
f -18 -17 -16
f -16 -17 -15
f -16 -15 -14
f -14 -15 -13
f -14 -13 -12
f -12 -13 -11
f -12 -11 -10
f -10 -11 -9
f -10 -9 -8
f -8 -9 -7
f -8 -7 -6
f -6 -7 -5
f -6 -5 -4
f -4 -5 -3
f -4 -3 -2
f -2 -3 -1

o Default b1A11
usemtl 0x8FBDB9
v -26.894 21.092 0.28
v -26.894 21.778 0.28
v -28.462 21.778 0.28
v -28.462 21.386 0.28
v -27.237 21.386 0.28
v -27.237 21.092 0.28
v -26.894 21.092 0.28
v -26.894 21.092 0.28
v -26.894 21.092 0
v -26.894 21.778 0.28
v -26.894 21.778 0
v -28.462 21.778 0.28
v -28.462 21.778 0
v -28.462 21.386 0.28
v -28.462 21.386 0
v -27.237 21.386 0.28
v -27.237 21.386 0
v -27.237 21.092 0.28
v -27.237 21.092 0
v -26.894 21.092 0.28
v -26.894 21.092 0

f -16 -21 -20
f -20 -19 -18
f -17 -16 -20
f -20 -18 -17
f -14 -13 -12
f -12 -13 -11
f -12 -11 -10
f -10 -11 -9
f -10 -9 -8
f -8 -9 -7
f -8 -7 -6
f -6 -7 -5
f -6 -5 -4
f -4 -5 -3
f -4 -3 -2
f -2 -3 -1

o Default b1B10-C11
usemtl 0x8FBDB9
v -29.362 19.38 0.28
v -27.598 19.38 0.28
v -27.598 20.017 0.28
v -29.362 20.017 0.28
v -29.362 19.38 0.28
v -29.362 19.38 0.28
v -29.362 19.38 0
v -27.598 19.38 0.28
v -27.598 19.38 0
v -27.598 20.017 0.28
v -27.598 20.017 0
v -29.362 20.017 0.28
v -29.362 20.017 0
v -29.362 19.38 0.28
v -29.362 19.38 0

f -12 -15 -14
f -14 -13 -12
f -10 -9 -8
f -8 -9 -7
f -8 -7 -6
f -6 -7 -5
f -6 -5 -4
f -4 -5 -3
f -4 -3 -2
f -2 -3 -1

o Default b1A10-B11
usemtl 0x8FBDB9
v -29.362 20.331 0.28
v -27.598 20.331 0.28
v -27.598 21.066 0.28
v -29.362 21.066 0.28
v -29.362 20.331 0.28
v -29.362 20.331 0.28
v -29.362 20.331 0
v -27.598 20.331 0.28
v -27.598 20.331 0
v -27.598 21.066 0.28
v -27.598 21.066 0
v -29.362 21.066 0.28
v -29.362 21.066 0
v -29.362 20.331 0.28
v -29.362 20.331 0

f -12 -15 -14
f -14 -13 -12
f -10 -9 -8
f -8 -9 -7
f -8 -7 -6
f -6 -7 -5
f -6 -5 -4
f -4 -5 -3
f -4 -3 -2
f -2 -3 -1

o Default b1B20-C21
usemtl 0x8FBDB9
v -31.66 19.38 0.28
v -29.749 19.38 0.28
v -29.749 20.017 0.28
v -31.66 20.017 0.28
v -31.66 19.38 0.28
v -31.66 19.38 0.28
v -31.66 19.38 0
v -29.749 19.38 0.28
v -29.749 19.38 0
v -29.749 20.017 0.28
v -29.749 20.017 0
v -31.66 20.017 0.28
v -31.66 20.017 0
v -31.66 19.38 0.28
v -31.66 19.38 0

f -12 -15 -14
f -14 -13 -12
f -10 -9 -8
f -8 -9 -7
f -8 -7 -6
f -6 -7 -5
f -6 -5 -4
f -4 -5 -3
f -4 -3 -2
f -2 -3 -1

o Default b1C25
usemtl 0x8FBDB9
v -32.323 19.376 0.28
v -31.686 19.376 0.28
v -31.686 19.67 0.28
v -32.323 19.67 0.28
v -32.323 19.376 0.28
v -32.323 19.376 0.28
v -32.323 19.376 0
v -31.686 19.376 0.28
v -31.686 19.376 0
v -31.686 19.67 0.28
v -31.686 19.67 0
v -32.323 19.67 0.28
v -32.323 19.67 0
v -32.323 19.376 0.28
v -32.323 19.376 0

f -12 -15 -14
f -14 -13 -12
f -10 -9 -8
f -8 -9 -7
f -8 -7 -6
f -6 -7 -5
f -6 -5 -4
f -4 -5 -3
f -4 -3 -2
f -2 -3 -1

o Default b1B24
usemtl 0x8FBDB9
v -32.323 19.677 0.28
v -31.686 19.677 0.28
v -31.686 20.02 0.28
v -32.323 20.02 0.28
v -32.323 19.677 0.28
v -32.323 19.677 0.28
v -32.323 19.677 0
v -31.686 19.677 0.28
v -31.686 19.677 0
v -31.686 20.02 0.28
v -31.686 20.02 0
v -32.323 20.02 0.28
v -32.323 20.02 0
v -32.323 19.677 0.28
v -32.323 19.677 0

f -12 -15 -14
f -14 -13 -12
f -10 -9 -8
f -8 -9 -7
f -8 -7 -6
f -6 -7 -5
f -6 -5 -4
f -4 -5 -3
f -4 -3 -2
f -2 -3 -1

o Default b1A20-B21
usemtl 0x8FBDB9
v -31.116 20.331 0.28
v -29.744 20.331 0.28
v -29.744 21.066 0.28
v -31.116 21.066 0.28
v -31.116 20.331 0.28
v -31.116 20.331 0.28
v -31.116 20.331 0
v -29.744 20.331 0.28
v -29.744 20.331 0
v -29.744 21.066 0.28
v -29.744 21.066 0
v -31.116 21.066 0.28
v -31.116 21.066 0
v -31.116 20.331 0.28
v -31.116 20.331 0

f -12 -15 -14
f -14 -13 -12
f -10 -9 -8
f -8 -9 -7
f -8 -7 -6
f -6 -7 -5
f -6 -5 -4
f -4 -5 -3
f -4 -3 -2
f -2 -3 -1

o Default b1A24-B25
usemtl 0x8FBDB9
v -32.318 20.331 0.28
v -31.142 20.331 0.28
v -31.142 21.066 0.28
v -32.318 21.066 0.28
v -32.318 20.331 0.28
v -32.318 20.331 0.28
v -32.318 20.331 0
v -31.142 20.331 0.28
v -31.142 20.331 0
v -31.142 21.066 0.28
v -31.142 21.066 0
v -32.318 21.066 0.28
v -32.318 21.066 0
v -32.318 20.331 0.28
v -32.318 20.331 0

f -12 -15 -14
f -14 -13 -12
f -10 -9 -8
f -8 -9 -7
f -8 -7 -6
f -6 -7 -5
f -6 -5 -4
f -4 -5 -3
f -4 -3 -2
f -2 -3 -1

o Default b1B30-C31
usemtl 0x8FBDB9
v -34.115 19.379 0.28
v -32.694 19.379 0.28
v -32.694 19.967 0.28
v -34.115 19.967 0.28
v -34.115 19.379 0.28
v -34.115 19.379 0.28
v -34.115 19.379 0
v -32.694 19.379 0.28
v -32.694 19.379 0
v -32.694 19.967 0.28
v -32.694 19.967 0
v -34.115 19.967 0.28
v -34.115 19.967 0
v -34.115 19.379 0.28
v -34.115 19.379 0

f -12 -15 -14
f -14 -13 -12
f -10 -9 -8
f -8 -9 -7
f -8 -7 -6
f -6 -7 -5
f -6 -5 -4
f -4 -5 -3
f -4 -3 -2
f -2 -3 -1

o Default b1A30-B31
usemtl 0x8FBDB9
v -34.115 20.331 0.28
v -32.694 20.331 0.28
v -32.694 21.066 0.28
v -34.115 21.066 0.28
v -34.115 20.331 0.28
v -34.115 20.331 0.28
v -34.115 20.331 0
v -32.694 20.331 0.28
v -32.694 20.331 0
v -32.694 21.066 0.28
v -32.694 21.066 0
v -34.115 21.066 0.28
v -34.115 21.066 0
v -34.115 20.331 0.28
v -34.115 20.331 0

f -12 -15 -14
f -14 -13 -12
f -10 -9 -8
f -8 -9 -7
f -8 -7 -6
f -6 -7 -5
f -6 -5 -4
f -4 -5 -3
f -4 -3 -2
f -2 -3 -1

o Default b1B40-C41
usemtl 0x8FBDB9
v -35.519 19.38 0.28
v -34.441 19.38 0.28
v -34.441 20.017 0.28
v -35.519 20.017 0.28
v -35.519 19.38 0.28
v -35.519 19.38 0.28
v -35.519 19.38 0
v -34.441 19.38 0.28
v -34.441 19.38 0
v -34.441 20.017 0.28
v -34.441 20.017 0
v -35.519 20.017 0.28
v -35.519 20.017 0
v -35.519 19.38 0.28
v -35.519 19.38 0

f -12 -15 -14
f -14 -13 -12
f -10 -9 -8
f -8 -9 -7
f -8 -7 -6
f -6 -7 -5
f -6 -5 -4
f -4 -5 -3
f -4 -3 -2
f -2 -3 -1

o Default b1A40-B41
usemtl 0x8FBDB9
v -35.717 20.331 0.28
v -34.443 20.331 0.28
v -34.443 21.066 0.28
v -35.717 21.066 0.28
v -35.717 20.331 0.28
v -35.717 20.331 0.28
v -35.717 20.331 0
v -34.443 20.331 0.28
v -34.443 20.331 0
v -34.443 21.066 0.28
v -34.443 21.066 0
v -35.717 21.066 0.28
v -35.717 21.066 0
v -35.717 20.331 0.28
v -35.717 20.331 0

f -12 -15 -14
f -14 -13 -12
f -10 -9 -8
f -8 -9 -7
f -8 -7 -6
f -6 -7 -5
f -6 -5 -4
f -4 -5 -3
f -4 -3 -2
f -2 -3 -1

o Default b1A44
usemtl 0x8FBDB9
v -36.027 20.331 0.28
v -35.733 20.331 0.28
v -35.733 21.066 0.28
v -36.027 21.066 0.28
v -36.027 20.331 0.28
v -36.027 20.331 0.28
v -36.027 20.331 0
v -35.733 20.331 0.28
v -35.733 20.331 0
v -35.733 21.066 0.28
v -35.733 21.066 0
v -36.027 21.066 0.28
v -36.027 21.066 0
v -36.027 20.331 0.28
v -36.027 20.331 0

f -12 -15 -14
f -14 -13 -12
f -10 -9 -8
f -8 -9 -7
f -8 -7 -6
f -6 -7 -5
f -6 -5 -4
f -4 -5 -3
f -4 -3 -2
f -2 -3 -1

o Default b1A46-B45
usemtl 0x8FBDB9
v -36.525 20.331 0.28
v -36.035 20.331 0.28
v -36.035 21.066 0.28
v -36.525 21.066 0.28
v -36.525 20.331 0.28
v -36.525 20.331 0.28
v -36.525 20.331 0
v -36.035 20.331 0.28
v -36.035 20.331 0
v -36.035 21.066 0.28
v -36.035 21.066 0
v -36.525 21.066 0.28
v -36.525 21.066 0
v -36.525 20.331 0.28
v -36.525 20.331 0

f -12 -15 -14
f -14 -13 -12
f -10 -9 -8
f -8 -9 -7
f -8 -7 -6
f -6 -7 -5
f -6 -5 -4
f -4 -5 -3
f -4 -3 -2
f -2 -3 -1

o Default b1B48-C49
usemtl 0x8FBDB9
v -36.523 19.38 0.28
v -35.837 19.38 0.28
v -35.837 20.017 0.28
v -36.523 20.017 0.28
v -36.523 19.38 0.28
v -36.523 19.38 0.28
v -36.523 19.38 0
v -35.837 19.38 0.28
v -35.837 19.38 0
v -35.837 20.017 0.28
v -35.837 20.017 0
v -36.523 20.017 0.28
v -36.523 20.017 0
v -36.523 19.38 0.28
v -36.523 19.38 0

f -12 -15 -14
f -14 -13 -12
f -10 -9 -8
f -8 -9 -7
f -8 -7 -6
f -6 -7 -5
f -6 -5 -4
f -4 -5 -3
f -4 -3 -2
f -2 -3 -1

o Default b1A50-B51
usemtl 0x8FBDB9
v -37.968 20.38 0.28
v -36.841 20.38 0.28
v -36.841 21.066 0.28
v -37.968 21.066 0.28
v -37.968 20.38 0.28
v -37.968 20.38 0.28
v -37.968 20.38 0
v -36.841 20.38 0.28
v -36.841 20.38 0
v -36.841 21.066 0.28
v -36.841 21.066 0
v -37.968 21.066 0.28
v -37.968 21.066 0
v -37.968 20.38 0.28
v -37.968 20.38 0

f -12 -15 -14
f -14 -13 -12
f -10 -9 -8
f -8 -9 -7
f -8 -7 -6
f -6 -7 -5
f -6 -5 -4
f -4 -5 -3
f -4 -3 -2
f -2 -3 -1

o Default b1B50
usemtl 0x8FBDB9
v -37.572 19.726 0.28
v -36.837 19.726 0.28
v -36.837 20.02 0.28
v -37.572 20.02 0.28
v -37.572 19.726 0.28
v -37.572 19.726 0.28
v -37.572 19.726 0
v -36.837 19.726 0.28
v -36.837 19.726 0
v -36.837 20.02 0.28
v -36.837 20.02 0
v -37.572 20.02 0.28
v -37.572 20.02 0
v -37.572 19.726 0.28
v -37.572 19.726 0

f -12 -15 -14
f -14 -13 -12
f -10 -9 -8
f -8 -9 -7
f -8 -7 -6
f -6 -7 -5
f -6 -5 -4
f -4 -5 -3
f -4 -3 -2
f -2 -3 -1

o Default b1B52
usemtl 0x8FBDB9
v -37.976 19.726 0.28
v -37.584 19.726 0.28
v -37.584 20.02 0.28
v -37.976 20.02 0.28
v -37.976 19.726 0.28
v -37.976 19.726 0.28
v -37.976 19.726 0
v -37.584 19.726 0.28
v -37.584 19.726 0
v -37.584 20.02 0.28
v -37.584 20.02 0
v -37.976 20.02 0.28
v -37.976 20.02 0
v -37.976 19.726 0.28
v -37.976 19.726 0

f -12 -15 -14
f -14 -13 -12
f -10 -9 -8
f -8 -9 -7
f -8 -7 -6
f -6 -7 -5
f -6 -5 -4
f -4 -5 -3
f -4 -3 -2
f -2 -3 -1

o Default b1C51
usemtl 0x8FBDB9
v -37.968 19.377 0.28
v -36.841 19.377 0.28
v -36.841 19.72 0.28
v -37.968 19.72 0.28
v -37.968 19.377 0.28
v -37.968 19.377 0.28
v -37.968 19.377 0
v -36.841 19.377 0.28
v -36.841 19.377 0
v -36.841 19.72 0.28
v -36.841 19.72 0
v -37.968 19.72 0.28
v -37.968 19.72 0
v -37.968 19.377 0.28
v -37.968 19.377 0

f -12 -15 -14
f -14 -13 -12
f -10 -9 -8
f -8 -9 -7
f -8 -7 -6
f -6 -7 -5
f -6 -5 -4
f -4 -5 -3
f -4 -3 -2
f -2 -3 -1

o Default b1A51
usemtl 0x8FBDB9
v -37.974 21.375 0.28
v -37.435 21.375 0.28
v -37.435 21.571 0.28
v -37.974 21.571 0.28
v -37.974 21.375 0.28
v -37.974 21.375 0.28
v -37.974 21.375 0
v -37.435 21.375 0.28
v -37.435 21.375 0
v -37.435 21.571 0.28
v -37.435 21.571 0
v -37.974 21.571 0.28
v -37.974 21.571 0
v -37.974 21.375 0.28
v -37.974 21.375 0

f -12 -15 -14
f -14 -13 -12
f -10 -9 -8
f -8 -9 -7
f -8 -7 -6
f -6 -7 -5
f -6 -5 -4
f -4 -5 -3
f -4 -3 -2
f -2 -3 -1

o Default b1A45
usemtl 0x8FBDB9
v -37.427 21.375 0.28
v -37.133 21.375 0.28
v -37.133 21.571 0.28
v -37.427 21.571 0.28
v -37.427 21.375 0.28
v -37.427 21.375 0.28
v -37.427 21.375 0
v -37.133 21.375 0.28
v -37.133 21.375 0
v -37.133 21.571 0.28
v -37.133 21.571 0
v -37.427 21.571 0.28
v -37.427 21.571 0
v -37.427 21.375 0.28
v -37.427 21.375 0

f -12 -15 -14
f -14 -13 -12
f -10 -9 -8
f -8 -9 -7
f -8 -7 -6
f -6 -7 -5
f -6 -5 -4
f -4 -5 -3
f -4 -3 -2
f -2 -3 -1

o Default b1A43
usemtl 0x8FBDB9
v -37.127 21.375 0.28
v -36.833 21.375 0.28
v -36.833 21.571 0.28
v -37.127 21.571 0.28
v -37.127 21.375 0.28
v -37.127 21.375 0.28
v -37.127 21.375 0
v -36.833 21.375 0.28
v -36.833 21.375 0
v -36.833 21.571 0.28
v -36.833 21.571 0
v -37.127 21.571 0.28
v -37.127 21.571 0
v -37.127 21.375 0.28
v -37.127 21.375 0

f -12 -15 -14
f -14 -13 -12
f -10 -9 -8
f -8 -9 -7
f -8 -7 -6
f -6 -7 -5
f -6 -5 -4
f -4 -5 -3
f -4 -3 -2
f -2 -3 -1

o Default b1A41
usemtl 0x8FBDB9
v -36.819 21.377 0.28
v -35.79 21.377 0.28
v -35.79 21.769 0.28
v -36.819 21.769 0.28
v -36.819 21.377 0.28
v -36.819 21.377 0.28
v -36.819 21.377 0
v -35.79 21.377 0.28
v -35.79 21.377 0
v -35.79 21.769 0.28
v -35.79 21.769 0
v -36.819 21.769 0.28
v -36.819 21.769 0
v -36.819 21.377 0.28
v -36.819 21.377 0

f -12 -15 -14
f -14 -13 -12
f -10 -9 -8
f -8 -9 -7
f -8 -7 -6
f -6 -7 -5
f -6 -5 -4
f -4 -5 -3
f -4 -3 -2
f -2 -3 -1

o Default b1A35
usemtl 0x8FBDB9
v -35.473 21.375 0.28
v -34.787 21.375 0.28
v -34.787 21.571 0.28
v -35.473 21.571 0.28
v -35.473 21.375 0.28
v -35.473 21.375 0.28
v -35.473 21.375 0
v -34.787 21.375 0.28
v -34.787 21.375 0
v -34.787 21.571 0.28
v -34.787 21.571 0
v -35.473 21.571 0.28
v -35.473 21.571 0
v -35.473 21.375 0.28
v -35.473 21.375 0

f -12 -15 -14
f -14 -13 -12
f -10 -9 -8
f -8 -9 -7
f -8 -7 -6
f -6 -7 -5
f -6 -5 -4
f -4 -5 -3
f -4 -3 -2
f -2 -3 -1

o Default b1A31
usemtl 0x8FBDB9
v -34.765 21.377 0.28
v -33.295 21.377 0.28
v -33.295 21.769 0.28
v -34.765 21.769 0.28
v -34.765 21.377 0.28
v -34.765 21.377 0.28
v -34.765 21.377 0
v -33.295 21.377 0.28
v -33.295 21.377 0
v -33.295 21.769 0.28
v -33.295 21.769 0
v -34.765 21.769 0.28
v -34.765 21.769 0
v -34.765 21.377 0.28
v -34.765 21.377 0

f -12 -15 -14
f -14 -13 -12
f -10 -9 -8
f -8 -9 -7
f -8 -7 -6
f -6 -7 -5
f -6 -5 -4
f -4 -5 -3
f -4 -3 -2
f -2 -3 -1

o Default b1A27
usemtl 0x8FBDB9
v -32.97 21.377 0.28
v -31.99 21.377 0.28
v -31.99 21.769 0.28
v -32.97 21.769 0.28
v -32.97 21.377 0.28
v -32.97 21.377 0.28
v -32.97 21.377 0
v -31.99 21.377 0.28
v -31.99 21.377 0
v -31.99 21.769 0.28
v -31.99 21.769 0
v -32.97 21.769 0.28
v -32.97 21.769 0
v -32.97 21.377 0.28
v -32.97 21.377 0

f -12 -15 -14
f -14 -13 -12
f -10 -9 -8
f -8 -9 -7
f -8 -7 -6
f -6 -7 -5
f -6 -5 -4
f -4 -5 -3
f -4 -3 -2
f -2 -3 -1

o Default b1A25
usemtl 0x8FBDB9
v -31.974 21.376 0.28
v -31.386 21.376 0.28
v -31.386 21.67 0.28
v -31.974 21.67 0.28
v -31.974 21.376 0.28
v -31.974 21.376 0.28
v -31.974 21.376 0
v -31.386 21.376 0.28
v -31.386 21.376 0
v -31.386 21.67 0.28
v -31.386 21.67 0
v -31.974 21.67 0.28
v -31.974 21.67 0
v -31.974 21.376 0.28
v -31.974 21.376 0

f -12 -15 -14
f -14 -13 -12
f -10 -9 -8
f -8 -9 -7
f -8 -7 -6
f -6 -7 -5
f -6 -5 -4
f -4 -5 -3
f -4 -3 -2
f -2 -3 -1

o Default b1A21
usemtl 0x8FBDB9
v -31.057 21.377 0.28
v -28.803 21.377 0.28
v -28.803 21.769 0.28
v -31.057 21.769 0.28
v -31.057 21.377 0.28
v -31.057 21.377 0.28
v -31.057 21.377 0
v -28.803 21.377 0.28
v -28.803 21.377 0
v -28.803 21.769 0.28
v -28.803 21.769 0
v -31.057 21.769 0.28
v -31.057 21.769 0
v -31.057 21.377 0.28
v -31.057 21.377 0

f -12 -15 -14
f -14 -13 -12
f -10 -9 -8
f -8 -9 -7
f -8 -7 -6
f -6 -7 -5
f -6 -5 -4
f -4 -5 -3
f -4 -3 -2
f -2 -3 -1

o Default b3V42
usemtl 0x8FBDB9
v -15.178 -3.944 0.28
v -14.982 -3.944 0.28
v -14.982 -3.601 0.28
v -15.178 -3.601 0.28
v -15.178 -3.944 0.28
v -15.178 -3.944 0.28
v -15.178 -3.944 0
v -14.982 -3.944 0.28
v -14.982 -3.944 0
v -14.982 -3.601 0.28
v -14.982 -3.601 0
v -15.178 -3.601 0.28
v -15.178 -3.601 0
v -15.178 -3.944 0.28
v -15.178 -3.944 0

f -12 -15 -14
f -14 -13 -12
f -10 -9 -8
f -8 -9 -7
f -8 -7 -6
f -6 -7 -5
f -6 -5 -4
f -4 -5 -3
f -4 -3 -2
f -2 -3 -1

o Default b3V40
usemtl 0x8FBDB9
v -15.178 -3.595 0.28
v -14.982 -3.595 0.28
v -14.982 -3.35 0.28
v -15.178 -3.35 0.28
v -15.178 -3.595 0.28
v -15.178 -3.595 0.28
v -15.178 -3.595 0
v -14.982 -3.595 0.28
v -14.982 -3.595 0
v -14.982 -3.35 0.28
v -14.982 -3.35 0
v -15.178 -3.35 0.28
v -15.178 -3.35 0
v -15.178 -3.595 0.28
v -15.178 -3.595 0

f -12 -15 -14
f -14 -13 -12
f -10 -9 -8
f -8 -9 -7
f -8 -7 -6
f -6 -7 -5
f -6 -5 -4
f -4 -5 -3
f -4 -3 -2
f -2 -3 -1

o Default b3V44
usemtl 0x8FBDB9
v -14.977 -3.545 0.28
v -14.732 -3.545 0.28
v -14.732 -3.349 0.28
v -14.977 -3.349 0.28
v -14.977 -3.545 0.28
v -14.977 -3.545 0.28
v -14.977 -3.545 0
v -14.732 -3.545 0.28
v -14.732 -3.545 0
v -14.732 -3.349 0.28
v -14.732 -3.349 0
v -14.977 -3.349 0.28
v -14.977 -3.349 0
v -14.977 -3.545 0.28
v -14.977 -3.545 0

f -12 -15 -14
f -14 -13 -12
f -10 -9 -8
f -8 -9 -7
f -8 -7 -6
f -6 -7 -5
f -6 -5 -4
f -4 -5 -3
f -4 -3 -2
f -2 -3 -1

o Default b3W41
usemtl 0x8FBDB9
v -14.627 -3.545 0.28
v -14.333 -3.545 0.28
v -14.333 -3.349 0.28
v -14.627 -3.349 0.28
v -14.627 -3.545 0.28
v -14.627 -3.545 0.28
v -14.627 -3.545 0
v -14.333 -3.545 0.28
v -14.333 -3.545 0
v -14.333 -3.349 0.28
v -14.333 -3.349 0
v -14.627 -3.349 0.28
v -14.627 -3.349 0
v -14.627 -3.545 0.28
v -14.627 -3.545 0

f -12 -15 -14
f -14 -13 -12
f -10 -9 -8
f -8 -9 -7
f -8 -7 -6
f -6 -7 -5
f -6 -5 -4
f -4 -5 -3
f -4 -3 -2
f -2 -3 -1

o Default b3V30-W31
usemtl 0x8FBDB9
v -15.122 -3.035 0.28
v -14.338 -3.035 0.28
v -14.338 -1.859 0.28
v -15.122 -1.859 0.28
v -15.122 -3.035 0.28
v -15.122 -3.035 0.28
v -15.122 -3.035 0
v -14.338 -3.035 0.28
v -14.338 -3.035 0
v -14.338 -1.859 0.28
v -14.338 -1.859 0
v -15.122 -1.859 0.28
v -15.122 -1.859 0
v -15.122 -3.035 0.28
v -15.122 -3.035 0

f -12 -15 -14
f -14 -13 -12
f -10 -9 -8
f -8 -9 -7
f -8 -7 -6
f -6 -7 -5
f -6 -5 -4
f -4 -5 -3
f -4 -3 -2
f -2 -3 -1

o Default b3V24
usemtl 0x8FBDB9
v -15.127 -1.442 0.28
v -14.833 -1.442 0.28
v -14.833 -0.952 0.28
v -15.127 -0.952 0.28
v -15.127 -1.442 0.28
v -15.127 -1.442 0.28
v -15.127 -1.442 0
v -14.833 -1.442 0.28
v -14.833 -1.442 0
v -14.833 -0.952 0.28
v -14.833 -0.952 0
v -15.127 -0.952 0.28
v -15.127 -0.952 0
v -15.127 -1.442 0.28
v -15.127 -1.442 0

f -12 -15 -14
f -14 -13 -12
f -10 -9 -8
f -8 -9 -7
f -8 -7 -6
f -6 -7 -5
f -6 -5 -4
f -4 -5 -3
f -4 -3 -2
f -2 -3 -1

o Default b3W25
usemtl 0x8FBDB9
v -14.825 -1.442 0.28
v -14.335 -1.442 0.28
v -14.335 -0.952 0.28
v -14.825 -0.952 0.28
v -14.825 -1.442 0.28
v -14.825 -1.442 0.28
v -14.825 -1.442 0
v -14.335 -1.442 0.28
v -14.335 -1.442 0
v -14.335 -0.952 0.28
v -14.335 -0.952 0
v -14.825 -0.952 0.28
v -14.825 -0.952 0
v -14.825 -1.442 0.28
v -14.825 -1.442 0

f -12 -15 -14
f -14 -13 -12
f -10 -9 -8
f -8 -9 -7
f -8 -7 -6
f -6 -7 -5
f -6 -5 -4
f -4 -5 -3
f -4 -3 -2
f -2 -3 -1

o Default b3V20-W21
usemtl 0x8FBDB9
v -15.122 -0.94 0.28
v -14.338 -0.94 0.28
v -14.338 -0.254 0.28
v -15.122 -0.254 0.28
v -15.122 -0.94 0.28
v -15.122 -0.94 0.28
v -15.122 -0.94 0
v -14.338 -0.94 0.28
v -14.338 -0.94 0
v -14.338 -0.254 0.28
v -14.338 -0.254 0
v -15.122 -0.254 0.28
v -15.122 -0.254 0
v -15.122 -0.94 0.28
v -15.122 -0.94 0

f -12 -15 -14
f -14 -13 -12
f -10 -9 -8
f -8 -9 -7
f -8 -7 -6
f -6 -7 -5
f -6 -5 -4
f -4 -5 -3
f -4 -3 -2
f -2 -3 -1

o Default b3V16-W17
usemtl 0x8FBDB9
v -15.122 0.059 0.28
v -14.338 0.059 0.28
v -14.338 0.647 0.28
v -15.122 0.647 0.28
v -15.122 0.059 0.28
v -15.122 0.059 0.28
v -15.122 0.059 0
v -14.338 0.059 0.28
v -14.338 0.059 0
v -14.338 0.647 0.28
v -14.338 0.647 0
v -15.122 0.647 0.28
v -15.122 0.647 0
v -15.122 0.059 0.28
v -15.122 0.059 0

f -12 -15 -14
f -14 -13 -12
f -10 -9 -8
f -8 -9 -7
f -8 -7 -6
f -6 -7 -5
f -6 -5 -4
f -4 -5 -3
f -4 -3 -2
f -2 -3 -1

o Default b3V14
usemtl 0x8FBDB9
v -15.126 0.656 0.28
v -14.734 0.656 0.28
v -14.734 0.999 0.28
v -15.126 0.999 0.28
v -15.126 0.656 0.28
v -15.126 0.656 0.28
v -15.126 0.656 0
v -14.734 0.656 0.28
v -14.734 0.656 0
v -14.734 0.999 0.28
v -14.734 0.999 0
v -15.126 0.999 0.28
v -15.126 0.999 0
v -15.126 0.656 0.28
v -15.126 0.656 0

f -12 -15 -14
f -14 -13 -12
f -10 -9 -8
f -8 -9 -7
f -8 -7 -6
f -6 -7 -5
f -6 -5 -4
f -4 -5 -3
f -4 -3 -2
f -2 -3 -1

o Default b3W15
usemtl 0x8FBDB9
v -14.726 0.656 0.28
v -14.334 0.656 0.28
v -14.334 0.999 0.28
v -14.726 0.999 0.28
v -14.726 0.656 0.28
v -14.726 0.656 0.28
v -14.726 0.656 0
v -14.334 0.656 0.28
v -14.334 0.656 0
v -14.334 0.999 0.28
v -14.334 0.999 0
v -14.726 0.999 0.28
v -14.726 0.999 0
v -14.726 0.656 0.28
v -14.726 0.656 0

f -12 -15 -14
f -14 -13 -12
f -10 -9 -8
f -8 -9 -7
f -8 -7 -6
f -6 -7 -5
f -6 -5 -4
f -4 -5 -3
f -4 -3 -2
f -2 -3 -1

o Default b3W10
usemtl 0x8FBDB9
v -13.926 0.422 0.28
v -13.534 0.422 0.28
v -13.534 1.304 0.28
v -13.926 1.304 0.28
v -13.926 0.422 0.28
v -13.926 0.422 0.28
v -13.926 0.422 0
v -13.534 0.422 0.28
v -13.534 0.422 0
v -13.534 1.304 0.28
v -13.534 1.304 0
v -13.926 1.304 0.28
v -13.926 1.304 0
v -13.926 0.422 0.28
v -13.926 0.422 0

f -12 -15 -14
f -14 -13 -12
f -10 -9 -8
f -8 -9 -7
f -8 -7 -6
f -6 -7 -5
f -6 -5 -4
f -4 -5 -3
f -4 -3 -2
f -2 -3 -1

o Default b3V10-W11
usemtl 0x8FBDB9
v -15.122 1.456 0.28
v -14.338 1.456 0.28
v -14.338 1.75 0.28
v -15.122 1.75 0.28
v -15.122 1.456 0.28
v -15.122 1.456 0.28
v -15.122 1.456 0
v -14.338 1.456 0.28
v -14.338 1.456 0
v -14.338 1.75 0.28
v -14.338 1.75 0
v -15.122 1.75 0.28
v -15.122 1.75 0
v -15.122 1.456 0.28
v -15.122 1.456 0

f -12 -15 -14
f -14 -13 -12
f -10 -9 -8
f -8 -9 -7
f -8 -7 -6
f -6 -7 -5
f -6 -5 -4
f -4 -5 -3
f -4 -3 -2
f -2 -3 -1

o Default b3V12
usemtl 0x8FBDB9
v -15.126 1.255 0.28
v -14.734 1.255 0.28
v -14.734 1.451 0.28
v -15.126 1.451 0.28
v -15.126 1.255 0.28
v -15.126 1.255 0.28
v -15.126 1.255 0
v -14.734 1.255 0.28
v -14.734 1.255 0
v -14.734 1.451 0.28
v -14.734 1.451 0
v -15.126 1.451 0.28
v -15.126 1.451 0
v -15.126 1.255 0.28
v -15.126 1.255 0

f -12 -15 -14
f -14 -13 -12
f -10 -9 -8
f -8 -9 -7
f -8 -7 -6
f -6 -7 -5
f -6 -5 -4
f -4 -5 -3
f -4 -3 -2
f -2 -3 -1

o Default b3W13
usemtl 0x8FBDB9
v -14.726 1.255 0.28
v -14.334 1.255 0.28
v -14.334 1.451 0.28
v -14.726 1.451 0.28
v -14.726 1.255 0.28
v -14.726 1.255 0.28
v -14.726 1.255 0
v -14.334 1.255 0.28
v -14.334 1.255 0
v -14.334 1.451 0.28
v -14.334 1.451 0
v -14.726 1.451 0.28
v -14.726 1.451 0
v -14.726 1.255 0.28
v -14.726 1.255 0

f -12 -15 -14
f -14 -13 -12
f -10 -9 -8
f -8 -9 -7
f -8 -7 -6
f -6 -7 -5
f -6 -5 -4
f -4 -5 -3
f -4 -3 -2
f -2 -3 -1

o Default b4A25
usemtl 0x8FBDB9
v -12.772 2.468 0.28
v -12.037 2.468 0.28
v -12.037 2.958 0.28
v -12.772 2.958 0.28
v -12.772 2.468 0.28
v -12.772 2.468 0.28
v -12.772 2.468 0
v -12.037 2.468 0.28
v -12.037 2.468 0
v -12.037 2.958 0.28
v -12.037 2.958 0
v -12.772 2.958 0.28
v -12.772 2.958 0
v -12.772 2.468 0.28
v -12.772 2.468 0

f -12 -15 -14
f -14 -13 -12
f -10 -9 -8
f -8 -9 -7
f -8 -7 -6
f -6 -7 -5
f -6 -5 -4
f -4 -5 -3
f -4 -3 -2
f -2 -3 -1

o Default b4A21
usemtl 0x8FBDB9
v -13.92 2.124 0.28
v -13.92 2.957 0.28
v -12.793 2.957 0.28
v -12.793 2.467 0.28
v -13.332 2.467 0.28
v -13.332 2.565 0.28
v -13.626 2.565 0.28
v -13.626 2.124 0.28
v -13.92 2.124 0.28
v -13.92 2.124 0.28
v -13.92 2.124 0
v -13.92 2.957 0.28
v -13.92 2.957 0
v -12.793 2.957 0.28
v -12.793 2.957 0
v -12.793 2.467 0.28
v -12.793 2.467 0
v -13.332 2.467 0.28
v -13.332 2.467 0
v -13.332 2.565 0.28
v -13.332 2.565 0
v -13.626 2.565 0.28
v -13.626 2.565 0
v -13.626 2.124 0.28
v -13.626 2.124 0
v -13.92 2.124 0.28
v -13.92 2.124 0

f -26 -19 -20
f -22 -23 -24
f -24 -25 -26
f -26 -20 -21
f -22 -24 -26
f -26 -21 -22
f -18 -17 -16
f -16 -17 -15
f -16 -15 -14
f -14 -15 -13
f -14 -13 -12
f -12 -13 -11
f -12 -11 -10
f -10 -11 -9
f -10 -9 -8
f -8 -9 -7
f -8 -7 -6
f -6 -7 -5
f -6 -5 -4
f -4 -5 -3
f -4 -3 -2
f -2 -3 -1

o Default b4A01
usemtl 0x8FBDB9
v -17.876 3.601 0.28
v -17.533 3.601 0.28
v -17.533 2.376 0.28
v -17.68 2.376 0.28
v -17.68 2.523 0.28
v -17.827 2.523 0.28
v -17.827 2.572 0.28
v -17.876 2.572 0.28
v -17.876 3.601 0.28
v -17.876 3.601 0.28
v -17.876 3.601 0
v -17.533 3.601 0.28
v -17.533 3.601 0
v -17.533 2.376 0.28
v -17.533 2.376 0
v -17.68 2.376 0.28
v -17.68 2.376 0
v -17.68 2.523 0.28
v -17.68 2.523 0
v -17.827 2.523 0.28
v -17.827 2.523 0
v -17.827 2.572 0.28
v -17.827 2.572 0
v -17.876 2.572 0.28
v -17.876 2.572 0
v -17.876 3.601 0.28
v -17.876 3.601 0

f -26 -19 -20
f -21 -22 -23
f -23 -24 -25
f -26 -20 -21
f -23 -25 -26
f -26 -21 -23
f -18 -17 -16
f -16 -17 -15
f -16 -15 -14
f -14 -15 -13
f -14 -13 -12
f -12 -13 -11
f -12 -11 -10
f -10 -11 -9
f -10 -9 -8
f -8 -9 -7
f -8 -7 -6
f -6 -7 -5
f -6 -5 -4
f -4 -5 -3
f -4 -3 -2
f -2 -3 -1

o Default b4B01
usemtl 0x8FBDB9
v -17.876 3.625 0.28
v -17.533 3.625 0.28
v -17.533 4.752 0.28
v -17.876 4.752 0.28
v -17.876 4.066 0.28
v -17.827 4.066 0.28
v -17.827 3.87 0.28
v -17.876 3.87 0.28
v -17.876 3.625 0.28
v -17.876 3.625 0.28
v -17.876 3.625 0
v -17.533 3.625 0.28
v -17.533 3.625 0
v -17.533 4.752 0.28
v -17.533 4.752 0
v -17.876 4.752 0.28
v -17.876 4.752 0
v -17.876 4.066 0.28
v -17.876 4.066 0
v -17.827 4.066 0.28
v -17.827 4.066 0
v -17.827 3.87 0.28
v -17.827 3.87 0
v -17.876 3.87 0.28
v -17.876 3.87 0
v -17.876 3.625 0.28
v -17.876 3.625 0

f -20 -27 -26
f -26 -25 -24
f -24 -23 -22
f -21 -20 -26
f -26 -24 -22
f -22 -21 -26
f -18 -17 -16
f -16 -17 -15
f -16 -15 -14
f -14 -15 -13
f -14 -13 -12
f -12 -13 -11
f -12 -11 -10
f -10 -11 -9
f -10 -9 -8
f -8 -9 -7
f -8 -7 -6
f -6 -7 -5
f -6 -5 -4
f -4 -5 -3
f -4 -3 -2
f -2 -3 -1

o Default b4C01
usemtl 0x8FBDB9
v -17.876 4.777 0.28
v -17.533 4.777 0.28
v -17.533 6.139 0.28
v -17.876 6.139 0.28
v -17.876 5.555 0.28
v -17.827 5.555 0.28
v -17.827 5.361 0.28
v -17.876 5.361 0.28
v -17.876 4.777 0.28
v -17.876 4.777 0.28
v -17.876 4.777 0
v -17.533 4.777 0.28
v -17.533 4.777 0
v -17.533 6.139 0.28
v -17.533 6.139 0
v -17.876 6.139 0.28
v -17.876 6.139 0
v -17.876 5.555 0.28
v -17.876 5.555 0
v -17.827 5.555 0.28
v -17.827 5.555 0
v -17.827 5.361 0.28
v -17.827 5.361 0
v -17.876 5.361 0.28
v -17.876 5.361 0
v -17.876 4.777 0.28
v -17.876 4.777 0

f -20 -27 -26
f -26 -25 -24
f -24 -23 -22
f -21 -20 -26
f -26 -24 -22
f -22 -21 -26
f -18 -17 -16
f -16 -17 -15
f -16 -15 -14
f -14 -15 -13
f -14 -13 -12
f -12 -13 -11
f -12 -11 -10
f -10 -11 -9
f -10 -9 -8
f -8 -9 -7
f -8 -7 -6
f -6 -7 -5
f -6 -5 -4
f -4 -5 -3
f -4 -3 -2
f -2 -3 -1

o Default b3V02
usemtl 0x8FBDB9
v -15.62 2.105 0.28
v -14.64 2.105 0.28
v -14.64 2.35 0.28
v -15.62 2.35 0.28
v -15.62 2.105 0.28
v -15.62 2.105 0.28
v -15.62 2.105 0
v -14.64 2.105 0.28
v -14.64 2.105 0
v -14.64 2.35 0.28
v -14.64 2.35 0
v -15.62 2.35 0.28
v -15.62 2.35 0
v -15.62 2.105 0.28
v -15.62 2.105 0

f -12 -15 -14
f -14 -13 -12
f -10 -9 -8
f -8 -9 -7
f -8 -7 -6
f -6 -7 -5
f -6 -5 -4
f -4 -5 -3
f -4 -3 -2
f -2 -3 -1

o Default b4A11
usemtl 0x8FBDB9
v -15.625 2.359 0.28
v -15.135 2.359 0.28
v -15.135 2.947 0.28
v -15.625 2.947 0.28
v -15.625 2.359 0.28
v -15.625 2.359 0.28
v -15.625 2.359 0
v -15.135 2.359 0.28
v -15.135 2.359 0
v -15.135 2.947 0.28
v -15.135 2.947 0
v -15.625 2.947 0.28
v -15.625 2.947 0
v -15.625 2.359 0.28
v -15.625 2.359 0

f -12 -15 -14
f -14 -13 -12
f -10 -9 -8
f -8 -9 -7
f -8 -7 -6
f -6 -7 -5
f -6 -5 -4
f -4 -5 -3
f -4 -3 -2
f -2 -3 -1

o Default b3W01
usemtl 0x8FBDB9
v -14.626 2.105 0.28
v -14.283 2.105 0.28
v -14.283 2.35 0.28
v -14.626 2.35 0.28
v -14.626 2.105 0.28
v -14.626 2.105 0.28
v -14.626 2.105 0
v -14.283 2.105 0.28
v -14.283 2.105 0
v -14.283 2.35 0.28
v -14.283 2.35 0
v -14.626 2.35 0.28
v -14.626 2.35 0
v -14.626 2.105 0.28
v -14.626 2.105 0

f -12 -15 -14
f -14 -13 -12
f -10 -9 -8
f -8 -9 -7
f -8 -7 -6
f -6 -7 -5
f -6 -5 -4
f -4 -5 -3
f -4 -3 -2
f -2 -3 -1

o Default b4A10-B11
usemtl 0x8FBDB9
v -17.117 3.36 0.28
v -15.843 3.36 0.28
v -15.843 4.046 0.28
v -17.117 4.046 0.28
v -17.117 3.36 0.28
v -17.117 3.36 0.28
v -17.117 3.36 0
v -15.843 3.36 0.28
v -15.843 3.36 0
v -15.843 4.046 0.28
v -15.843 4.046 0
v -17.117 4.046 0.28
v -17.117 4.046 0
v -17.117 3.36 0.28
v -17.117 3.36 0

f -12 -15 -14
f -14 -13 -12
f -10 -9 -8
f -8 -9 -7
f -8 -7 -6
f -6 -7 -5
f -6 -5 -4
f -4 -5 -3
f -4 -3 -2
f -2 -3 -1

o Default b4A12
usemtl 0x8FBDB9
v -15.815 3.356 0.28
v -14.345 3.356 0.28
v -14.345 3.699 0.28
v -15.815 3.699 0.28
v -15.815 3.356 0.28
v -15.815 3.356 0.28
v -15.815 3.356 0
v -14.345 3.356 0.28
v -14.345 3.356 0
v -14.345 3.699 0.28
v -14.345 3.699 0
v -15.815 3.699 0.28
v -15.815 3.699 0
v -15.815 3.356 0.28
v -15.815 3.356 0

f -12 -15 -14
f -14 -13 -12
f -10 -9 -8
f -8 -9 -7
f -8 -7 -6
f -6 -7 -5
f -6 -5 -4
f -4 -5 -3
f -4 -3 -2
f -2 -3 -1

o Default b4B13
usemtl 0x8FBDB9
v -15.824 3.706 0.28
v -15.236 3.706 0.28
v -15.236 4.049 0.28
v -15.824 4.049 0.28
v -15.824 3.706 0.28
v -15.824 3.706 0.28
v -15.824 3.706 0
v -15.236 3.706 0.28
v -15.236 3.706 0
v -15.236 4.049 0.28
v -15.236 4.049 0
v -15.824 4.049 0.28
v -15.824 4.049 0
v -15.824 3.706 0.28
v -15.824 3.706 0

f -12 -15 -14
f -14 -13 -12
f -10 -9 -8
f -8 -9 -7
f -8 -7 -6
f -6 -7 -5
f -6 -5 -4
f -4 -5 -3
f -4 -3 -2
f -2 -3 -1

o Default b4B15
usemtl 0x8FBDB9
v -15.221 3.706 0.28
v -14.339 3.706 0.28
v -14.339 4.049 0.28
v -15.221 4.049 0.28
v -15.221 3.706 0.28
v -15.221 3.706 0.28
v -15.221 3.706 0
v -14.339 3.706 0.28
v -14.339 3.706 0
v -14.339 4.049 0.28
v -14.339 4.049 0
v -15.221 4.049 0.28
v -15.221 4.049 0
v -15.221 3.706 0.28
v -15.221 3.706 0

f -12 -15 -14
f -14 -13 -12
f -10 -9 -8
f -8 -9 -7
f -8 -7 -6
f -6 -7 -5
f -6 -5 -4
f -4 -5 -3
f -4 -3 -2
f -2 -3 -1

o Default b4A14
usemtl 0x8FBDB9
v -13.922 3.357 0.28
v -13.138 3.357 0.28
v -13.138 3.749 0.28
v -13.922 3.749 0.28
v -13.922 3.357 0.28
v -13.922 3.357 0.28
v -13.922 3.357 0
v -13.138 3.357 0.28
v -13.138 3.357 0
v -13.138 3.749 0.28
v -13.138 3.749 0
v -13.922 3.749 0.28
v -13.922 3.749 0
v -13.922 3.357 0.28
v -13.922 3.357 0

f -12 -15 -14
f -14 -13 -12
f -10 -9 -8
f -8 -9 -7
f -8 -7 -6
f -6 -7 -5
f -6 -5 -4
f -4 -5 -3
f -4 -3 -2
f -2 -3 -1

o Default b4A16
usemtl 0x8FBDB9
v -13.121 3.357 0.28
v -12.288 3.357 0.28
v -12.288 3.749 0.28
v -13.121 3.749 0.28
v -13.121 3.357 0.28
v -13.121 3.357 0.28
v -13.121 3.357 0
v -12.288 3.357 0.28
v -12.288 3.357 0
v -12.288 3.749 0.28
v -12.288 3.749 0
v -13.121 3.749 0.28
v -13.121 3.749 0
v -13.121 3.357 0.28
v -13.121 3.357 0

f -12 -15 -14
f -14 -13 -12
f -10 -9 -8
f -8 -9 -7
f -8 -7 -6
f -6 -7 -5
f -6 -5 -4
f -4 -5 -3
f -4 -3 -2
f -2 -3 -1

o Default b4B25
usemtl 0x8FBDB9
v -12.821 3.756 0.28
v -11.988 3.756 0.28
v -11.988 4.05 0.28
v -12.821 4.05 0.28
v -12.821 3.756 0.28
v -12.821 3.756 0.28
v -12.821 3.756 0
v -11.988 3.756 0.28
v -11.988 3.756 0
v -11.988 4.05 0.28
v -11.988 4.05 0
v -12.821 4.05 0.28
v -12.821 4.05 0
v -12.821 3.756 0.28
v -12.821 3.756 0

f -12 -15 -14
f -14 -13 -12
f -10 -9 -8
f -8 -9 -7
f -8 -7 -6
f -6 -7 -5
f -6 -5 -4
f -4 -5 -3
f -4 -3 -2
f -2 -3 -1

o Default b4A22
usemtl 0x8FBDB9
v -12.271 3.357 0.28
v -11.389 3.357 0.28
v -11.389 3.749 0.28
v -12.271 3.749 0.28
v -12.271 3.357 0.28
v -12.271 3.357 0.28
v -12.271 3.357 0
v -11.389 3.357 0.28
v -11.389 3.357 0
v -11.389 3.749 0.28
v -11.389 3.749 0
v -12.271 3.749 0.28
v -12.271 3.749 0
v -12.271 3.357 0.28
v -12.271 3.357 0

f -12 -15 -14
f -14 -13 -12
f -10 -9 -8
f -8 -9 -7
f -8 -7 -6
f -6 -7 -5
f -6 -5 -4
f -4 -5 -3
f -4 -3 -2
f -2 -3 -1

o Default b4B27
usemtl 0x8FBDB9
v -11.974 3.756 0.28
v -11.435 3.756 0.28
v -11.435 4.05 0.28
v -11.974 4.05 0.28
v -11.974 3.756 0.28
v -11.974 3.756 0.28
v -11.974 3.756 0
v -11.435 3.756 0.28
v -11.435 3.756 0
v -11.435 4.05 0.28
v -11.435 4.05 0
v -11.974 4.05 0.28
v -11.974 4.05 0
v -11.974 3.756 0.28
v -11.974 3.756 0

f -12 -15 -14
f -14 -13 -12
f -10 -9 -8
f -8 -9 -7
f -8 -7 -6
f -6 -7 -5
f -6 -5 -4
f -4 -5 -3
f -4 -3 -2
f -2 -3 -1

o Default b4A28
usemtl 0x8FBDB9
v -11.373 3.357 0.28
v -10.736 3.357 0.28
v -10.736 3.749 0.28
v -11.373 3.749 0.28
v -11.373 3.357 0.28
v -11.373 3.357 0.28
v -11.373 3.357 0
v -10.736 3.357 0.28
v -10.736 3.357 0
v -10.736 3.749 0.28
v -10.736 3.749 0
v -11.373 3.749 0.28
v -11.373 3.749 0
v -11.373 3.357 0.28
v -11.373 3.357 0

f -12 -15 -14
f -14 -13 -12
f -10 -9 -8
f -8 -9 -7
f -8 -7 -6
f -6 -7 -5
f -6 -5 -4
f -4 -5 -3
f -4 -3 -2
f -2 -3 -1

o Default b4B29
usemtl 0x8FBDB9
v -11.423 3.756 0.28
v -10.737 3.756 0.28
v -10.737 4.05 0.28
v -11.423 4.05 0.28
v -11.423 3.756 0.28
v -11.423 3.756 0.28
v -11.423 3.756 0
v -10.737 3.756 0.28
v -10.737 3.756 0
v -10.737 4.05 0.28
v -10.737 4.05 0
v -11.423 4.05 0.28
v -11.423 4.05 0
v -11.423 3.756 0.28
v -11.423 3.756 0

f -12 -15 -14
f -14 -13 -12
f -10 -9 -8
f -8 -9 -7
f -8 -7 -6
f -6 -7 -5
f -6 -5 -4
f -4 -5 -3
f -4 -3 -2
f -2 -3 -1

o Default b4A27
usemtl 0x8FBDB9
v -12.021 2.958 0.28
v -12.021 2.566 0.28
v -11.825 2.566 0.28
v -11.825 2.468 0.28
v -11.188 2.468 0.28
v -11.188 2.958 0.28
v -12.021 2.958 0.28
v -12.021 2.958 0.28
v -12.021 2.958 0
v -12.021 2.566 0.28
v -12.021 2.566 0
v -11.825 2.566 0.28
v -11.825 2.566 0
v -11.825 2.468 0.28
v -11.825 2.468 0
v -11.188 2.468 0.28
v -11.188 2.468 0
v -11.188 2.958 0.28
v -11.188 2.958 0
v -12.021 2.958 0.28
v -12.021 2.958 0

f -16 -21 -20
f -19 -18 -17
f -16 -20 -19
f -19 -17 -16
f -14 -13 -12
f -12 -13 -11
f -12 -11 -10
f -10 -11 -9
f -10 -9 -8
f -8 -9 -7
f -8 -7 -6
f -6 -7 -5
f -6 -5 -4
f -4 -5 -3
f -4 -3 -2
f -2 -3 -1

o Default b4A31
usemtl 0x8FBDB9
v -11.169 2.958 0.28
v -11.169 2.468 0.28
v -10.581 2.468 0.28
v -10.581 2.566 0.28
v -10.091 2.566 0.28
v -10.091 2.958 0.28
v -11.169 2.958 0.28
v -11.169 2.958 0.28
v -11.169 2.958 0
v -11.169 2.468 0.28
v -11.169 2.468 0
v -10.581 2.468 0.28
v -10.581 2.468 0
v -10.581 2.566 0.28
v -10.581 2.566 0
v -10.091 2.566 0.28
v -10.091 2.566 0
v -10.091 2.958 0.28
v -10.091 2.958 0
v -11.169 2.958 0.28
v -11.169 2.958 0

f -16 -21 -20
f -20 -19 -18
f -18 -17 -16
f -16 -20 -18
f -14 -13 -12
f -12 -13 -11
f -12 -11 -10
f -10 -11 -9
f -10 -9 -8
f -8 -9 -7
f -8 -7 -6
f -6 -7 -5
f -6 -5 -4
f -4 -5 -3
f -4 -3 -2
f -2 -3 -1

o Default b4B10-C11
usemtl 0x8FBDB9
v -17.102 4.36 0.28
v -14.358 4.36 0.28
v -14.358 5.046 0.28
v -17.102 5.046 0.28
v -17.102 4.36 0.28
v -17.102 4.36 0.28
v -17.102 4.36 0
v -14.358 4.36 0.28
v -14.358 4.36 0
v -14.358 5.046 0.28
v -14.358 5.046 0
v -17.102 5.046 0.28
v -17.102 5.046 0
v -17.102 4.36 0.28
v -17.102 4.36 0

f -12 -15 -14
f -14 -13 -12
f -10 -9 -8
f -8 -9 -7
f -8 -7 -6
f -6 -7 -5
f -6 -5 -4
f -4 -5 -3
f -4 -3 -2
f -2 -3 -1

o Default b4B20-C21
usemtl 0x8FBDB9
v -13.898 4.36 0.28
v -10.762 4.36 0.28
v -10.762 5.046 0.28
v -13.898 5.046 0.28
v -13.898 4.36 0.28
v -13.898 4.36 0.28
v -13.898 4.36 0
v -10.762 4.36 0.28
v -10.762 4.36 0
v -10.762 5.046 0.28
v -10.762 5.046 0
v -13.898 5.046 0.28
v -13.898 5.046 0
v -13.898 4.36 0.28
v -13.898 4.36 0

f -12 -15 -14
f -14 -13 -12
f -10 -9 -8
f -8 -9 -7
f -8 -7 -6
f -6 -7 -5
f -6 -5 -4
f -4 -5 -3
f -4 -3 -2
f -2 -3 -1

o Default b4A30
usemtl 0x8FBDB9
v -10.421 3.356 0.28
v -9.539 3.356 0.28
v -9.539 3.699 0.28
v -10.421 3.699 0.28
v -10.421 3.356 0.28
v -10.421 3.356 0.28
v -10.421 3.356 0
v -9.539 3.356 0.28
v -9.539 3.356 0
v -9.539 3.699 0.28
v -9.539 3.699 0
v -10.421 3.699 0.28
v -10.421 3.699 0
v -10.421 3.356 0.28
v -10.421 3.356 0

f -12 -15 -14
f -14 -13 -12
f -10 -9 -8
f -8 -9 -7
f -8 -7 -6
f -6 -7 -5
f -6 -5 -4
f -4 -5 -3
f -4 -3 -2
f -2 -3 -1

o Default b4B31
usemtl 0x8FBDB9
v -10.421 3.706 0.28
v -9.539 3.706 0.28
v -9.539 4.049 0.28
v -10.421 4.049 0.28
v -10.421 3.706 0.28
v -10.421 3.706 0.28
v -10.421 3.706 0
v -9.539 3.706 0.28
v -9.539 3.706 0
v -9.539 4.049 0.28
v -9.539 4.049 0
v -10.421 4.049 0.28
v -10.421 4.049 0
v -10.421 3.706 0.28
v -10.421 3.706 0

f -12 -15 -14
f -14 -13 -12
f -10 -9 -8
f -8 -9 -7
f -8 -7 -6
f -6 -7 -5
f -6 -5 -4
f -4 -5 -3
f -4 -3 -2
f -2 -3 -1

o Default b4B30
usemtl 0x8FBDB9
v -10.423 4.36 0.28
v -9.737 4.36 0.28
v -9.737 5.046 0.28
v -10.423 5.046 0.28
v -10.423 4.36 0.28
v -10.423 4.36 0.28
v -10.423 4.36 0
v -9.737 4.36 0.28
v -9.737 4.36 0
v -9.737 5.046 0.28
v -9.737 5.046 0
v -10.423 5.046 0.28
v -10.423 5.046 0
v -10.423 4.36 0.28
v -10.423 4.36 0

f -12 -15 -14
f -14 -13 -12
f -10 -9 -8
f -8 -9 -7
f -8 -7 -6
f -6 -7 -5
f -6 -5 -4
f -4 -5 -3
f -4 -3 -2
f -2 -3 -1

o Default b4B32
usemtl 0x8FBDB9
v -9.728 4.356 0.28
v -9.532 4.356 0.28
v -9.532 4.65 0.28
v -9.728 4.65 0.28
v -9.728 4.356 0.28
v -9.728 4.356 0.28
v -9.728 4.356 0
v -9.532 4.356 0.28
v -9.532 4.356 0
v -9.532 4.65 0.28
v -9.532 4.65 0
v -9.728 4.65 0.28
v -9.728 4.65 0
v -9.728 4.356 0.28
v -9.728 4.356 0

f -12 -15 -14
f -14 -13 -12
f -10 -9 -8
f -8 -9 -7
f -8 -7 -6
f -6 -7 -5
f -6 -5 -4
f -4 -5 -3
f -4 -3 -2
f -2 -3 -1

o Default b4C39
usemtl 0x8FBDB9
v -9.728 4.657 0.28
v -9.532 4.657 0.28
v -9.532 5.049 0.28
v -9.728 5.049 0.28
v -9.728 4.657 0.28
v -9.728 4.657 0.28
v -9.728 4.657 0
v -9.532 4.657 0.28
v -9.532 4.657 0
v -9.532 5.049 0.28
v -9.532 5.049 0
v -9.728 5.049 0.28
v -9.728 5.049 0
v -9.728 4.657 0.28
v -9.728 4.657 0

f -12 -15 -14
f -14 -13 -12
f -10 -9 -8
f -8 -9 -7
f -8 -7 -6
f -6 -7 -5
f -6 -5 -4
f -4 -5 -3
f -4 -3 -2
f -2 -3 -1

o Default b4A41
usemtl 0x8FBDB9
v -9.221 2.567 0.28
v -8.388 2.567 0.28
v -8.388 2.959 0.28
v -9.221 2.959 0.28
v -9.221 2.567 0.28
v -9.221 2.567 0.28
v -9.221 2.567 0
v -8.388 2.567 0.28
v -8.388 2.567 0
v -8.388 2.959 0.28
v -8.388 2.959 0
v -9.221 2.959 0.28
v -9.221 2.959 0
v -9.221 2.567 0.28
v -9.221 2.567 0

f -12 -15 -14
f -14 -13 -12
f -10 -9 -8
f -8 -9 -7
f -8 -7 -6
f -6 -7 -5
f -6 -5 -4
f -4 -5 -3
f -4 -3 -2
f -2 -3 -1

o Default b4A40
usemtl 0x8FBDB9
v -9.221 3.357 0.28
v -8.339 3.357 0.28
v -8.339 3.749 0.28
v -9.221 3.749 0.28
v -9.221 3.357 0.28
v -9.221 3.357 0.28
v -9.221 3.357 0
v -8.339 3.357 0.28
v -8.339 3.357 0
v -8.339 3.749 0.28
v -8.339 3.749 0
v -9.221 3.749 0.28
v -9.221 3.749 0
v -9.221 3.357 0.28
v -9.221 3.357 0

f -12 -15 -14
f -14 -13 -12
f -10 -9 -8
f -8 -9 -7
f -8 -7 -6
f -6 -7 -5
f -6 -5 -4
f -4 -5 -3
f -4 -3 -2
f -2 -3 -1

o Default b4B41
usemtl 0x8FBDB9
v -9.221 3.756 0.28
v -8.339 3.756 0.28
v -8.339 4.05 0.28
v -9.221 4.05 0.28
v -9.221 3.756 0.28
v -9.221 3.756 0.28
v -9.221 3.756 0
v -8.339 3.756 0.28
v -8.339 3.756 0
v -8.339 4.05 0.28
v -8.339 4.05 0
v -9.221 4.05 0.28
v -9.221 4.05 0
v -9.221 3.756 0.28
v -9.221 3.756 0

f -12 -15 -14
f -14 -13 -12
f -10 -9 -8
f -8 -9 -7
f -8 -7 -6
f -6 -7 -5
f -6 -5 -4
f -4 -5 -3
f -4 -3 -2
f -2 -3 -1

o Default b4A42
usemtl 0x8FBDB9
v -8.318 3.357 0.28
v -7.142 3.357 0.28
v -7.142 3.749 0.28
v -8.318 3.749 0.28
v -8.318 3.357 0.28
v -8.318 3.357 0.28
v -8.318 3.357 0
v -7.142 3.357 0.28
v -7.142 3.357 0
v -7.142 3.749 0.28
v -7.142 3.749 0
v -8.318 3.749 0.28
v -8.318 3.749 0
v -8.318 3.357 0.28
v -8.318 3.357 0

f -12 -15 -14
f -14 -13 -12
f -10 -9 -8
f -8 -9 -7
f -8 -7 -6
f -6 -7 -5
f -6 -5 -4
f -4 -5 -3
f -4 -3 -2
f -2 -3 -1

o Default b4B45
usemtl 0x8FBDB9
v -8.325 3.756 0.28
v -7.835 3.756 0.28
v -7.835 4.05 0.28
v -8.325 4.05 0.28
v -8.325 3.756 0.28
v -8.325 3.756 0.28
v -8.325 3.756 0
v -7.835 3.756 0.28
v -7.835 3.756 0
v -7.835 4.05 0.28
v -7.835 4.05 0
v -8.325 4.05 0.28
v -8.325 4.05 0
v -8.325 3.756 0.28
v -8.325 3.756 0

f -12 -15 -14
f -14 -13 -12
f -10 -9 -8
f -8 -9 -7
f -8 -7 -6
f -6 -7 -5
f -6 -5 -4
f -4 -5 -3
f -4 -3 -2
f -2 -3 -1

o Default b4B47
usemtl 0x8FBDB9
v -7.823 3.756 0.28
v -7.137 3.756 0.28
v -7.137 4.05 0.28
v -7.823 4.05 0.28
v -7.823 3.756 0.28
v -7.823 3.756 0.28
v -7.823 3.756 0
v -7.137 3.756 0.28
v -7.137 3.756 0
v -7.137 4.05 0.28
v -7.137 4.05 0
v -7.823 4.05 0.28
v -7.823 4.05 0
v -7.823 3.756 0.28
v -7.823 3.756 0

f -12 -15 -14
f -14 -13 -12
f -10 -9 -8
f -8 -9 -7
f -8 -7 -6
f -6 -7 -5
f -6 -5 -4
f -4 -5 -3
f -4 -3 -2
f -2 -3 -1

o Default b4B36
usemtl 0x8FBDB9
v -9.223 4.356 0.28
v -8.537 4.356 0.28
v -8.537 4.65 0.28
v -9.223 4.65 0.28
v -9.223 4.356 0.28
v -9.223 4.356 0.28
v -9.223 4.356 0
v -8.537 4.356 0.28
v -8.537 4.356 0
v -8.537 4.65 0.28
v -8.537 4.65 0
v -9.223 4.65 0.28
v -9.223 4.65 0
v -9.223 4.356 0.28
v -9.223 4.356 0

f -12 -15 -14
f -14 -13 -12
f -10 -9 -8
f -8 -9 -7
f -8 -7 -6
f -6 -7 -5
f -6 -5 -4
f -4 -5 -3
f -4 -3 -2
f -2 -3 -1

o Default b4B38
usemtl 0x8FBDB9
v -8.524 4.356 0.28
v -7.936 4.356 0.28
v -7.936 4.65 0.28
v -8.524 4.65 0.28
v -8.524 4.356 0.28
v -8.524 4.356 0.28
v -8.524 4.356 0
v -7.936 4.356 0.28
v -7.936 4.356 0
v -7.936 4.65 0.28
v -7.936 4.65 0
v -8.524 4.65 0.28
v -8.524 4.65 0
v -8.524 4.356 0.28
v -8.524 4.356 0

f -12 -15 -14
f -14 -13 -12
f -10 -9 -8
f -8 -9 -7
f -8 -7 -6
f -6 -7 -5
f -6 -5 -4
f -4 -5 -3
f -4 -3 -2
f -2 -3 -1

o Default b4B40
usemtl 0x8FBDB9
v -7.927 4.356 0.28
v -7.633 4.356 0.28
v -7.633 4.65 0.28
v -7.927 4.65 0.28
v -7.927 4.356 0.28
v -7.927 4.356 0.28
v -7.927 4.356 0
v -7.633 4.356 0.28
v -7.633 4.356 0
v -7.633 4.65 0.28
v -7.633 4.65 0
v -7.927 4.65 0.28
v -7.927 4.65 0
v -7.927 4.356 0.28
v -7.927 4.356 0

f -12 -15 -14
f -14 -13 -12
f -10 -9 -8
f -8 -9 -7
f -8 -7 -6
f -6 -7 -5
f -6 -5 -4
f -4 -5 -3
f -4 -3 -2
f -2 -3 -1

o Default b4B44
usemtl 0x8FBDB9
v -7.625 4.356 0.28
v -7.135 4.356 0.28
v -7.135 4.65 0.28
v -7.625 4.65 0.28
v -7.625 4.356 0.28
v -7.625 4.356 0.28
v -7.625 4.356 0
v -7.135 4.356 0.28
v -7.135 4.356 0
v -7.135 4.65 0.28
v -7.135 4.65 0
v -7.625 4.65 0.28
v -7.625 4.65 0
v -7.625 4.356 0.28
v -7.625 4.356 0

f -12 -15 -14
f -14 -13 -12
f -10 -9 -8
f -8 -9 -7
f -8 -7 -6
f -6 -7 -5
f -6 -5 -4
f -4 -5 -3
f -4 -3 -2
f -2 -3 -1

o Default b4C41
usemtl 0x8FBDB9
v -9.209 4.657 0.28
v -7.151 4.657 0.28
v -7.151 5.049 0.28
v -9.209 5.049 0.28
v -9.209 4.657 0.28
v -9.209 4.657 0.28
v -9.209 4.657 0
v -7.151 4.657 0.28
v -7.151 4.657 0
v -7.151 5.049 0.28
v -7.151 5.049 0
v -9.209 5.049 0.28
v -9.209 5.049 0
v -9.209 4.657 0.28
v -9.209 4.657 0

f -12 -15 -14
f -14 -13 -12
f -10 -9 -8
f -8 -9 -7
f -8 -7 -6
f -6 -7 -5
f -6 -5 -4
f -4 -5 -3
f -4 -3 -2
f -2 -3 -1

o Default b4A60
usemtl 0x8FBDB9
v -6.822 3.358 0.28
v -6.038 3.358 0.28
v -6.038 3.848 0.28
v -6.822 3.848 0.28
v -6.822 3.358 0.28
v -6.822 3.358 0.28
v -6.822 3.358 0
v -6.038 3.358 0.28
v -6.038 3.358 0
v -6.038 3.848 0.28
v -6.038 3.848 0
v -6.822 3.848 0.28
v -6.822 3.848 0
v -6.822 3.358 0.28
v -6.822 3.358 0

f -12 -15 -14
f -14 -13 -12
f -10 -9 -8
f -8 -9 -7
f -8 -7 -6
f -6 -7 -5
f -6 -5 -4
f -4 -5 -3
f -4 -3 -2
f -2 -3 -1

o Default b4B61
usemtl 0x8FBDB9
v -6.824 3.855 0.28
v -6.236 3.855 0.28
v -6.236 4.051 0.28
v -6.824 4.051 0.28
v -6.824 3.855 0.28
v -6.824 3.855 0.28
v -6.824 3.855 0
v -6.236 3.855 0.28
v -6.236 3.855 0
v -6.236 4.051 0.28
v -6.236 4.051 0
v -6.824 4.051 0.28
v -6.824 4.051 0
v -6.824 3.855 0.28
v -6.824 3.855 0

f -12 -15 -14
f -14 -13 -12
f -10 -9 -8
f -8 -9 -7
f -8 -7 -6
f -6 -7 -5
f -6 -5 -4
f -4 -5 -3
f -4 -3 -2
f -2 -3 -1

o Default b4B63
usemtl 0x8FBDB9
v -6.227 3.855 0.28
v -5.933 3.855 0.28
v -5.933 4.051 0.28
v -6.227 4.051 0.28
v -6.227 3.855 0.28
v -6.227 3.855 0.28
v -6.227 3.855 0
v -5.933 3.855 0.28
v -5.933 3.855 0
v -5.933 4.051 0.28
v -5.933 4.051 0
v -6.227 4.051 0.28
v -6.227 4.051 0
v -6.227 3.855 0.28
v -6.227 3.855 0

f -12 -15 -14
f -14 -13 -12
f -10 -9 -8
f -8 -9 -7
f -8 -7 -6
f -6 -7 -5
f -6 -5 -4
f -4 -5 -3
f -4 -3 -2
f -2 -3 -1

o Default b4B65
usemtl 0x8FBDB9
v -5.924 3.855 0.28
v -5.336 3.855 0.28
v -5.336 4.051 0.28
v -5.924 4.051 0.28
v -5.924 3.855 0.28
v -5.924 3.855 0.28
v -5.924 3.855 0
v -5.336 3.855 0.28
v -5.336 3.855 0
v -5.336 4.051 0.28
v -5.336 4.051 0
v -5.924 4.051 0.28
v -5.924 4.051 0
v -5.924 3.855 0.28
v -5.924 3.855 0

f -12 -15 -14
f -14 -13 -12
f -10 -9 -8
f -8 -9 -7
f -8 -7 -6
f -6 -7 -5
f -6 -5 -4
f -4 -5 -3
f -4 -3 -2
f -2 -3 -1

o Default b4B67
usemtl 0x8FBDB9
v -5.324 3.855 0.28
v -4.736 3.855 0.28
v -4.736 4.051 0.28
v -5.324 4.051 0.28
v -5.324 3.855 0.28
v -5.324 3.855 0.28
v -5.324 3.855 0
v -4.736 3.855 0.28
v -4.736 3.855 0
v -4.736 4.051 0.28
v -4.736 4.051 0
v -5.324 4.051 0.28
v -5.324 4.051 0
v -5.324 3.855 0.28
v -5.324 3.855 0

f -12 -15 -14
f -14 -13 -12
f -10 -9 -8
f -8 -9 -7
f -8 -7 -6
f -6 -7 -5
f -6 -5 -4
f -4 -5 -3
f -4 -3 -2
f -2 -3 -1

o Default b4A62
usemtl 0x8FBDB9
v -6.023 3.358 0.28
v -5.337 3.358 0.28
v -5.337 3.848 0.28
v -6.023 3.848 0.28
v -6.023 3.358 0.28
v -6.023 3.358 0.28
v -6.023 3.358 0
v -5.337 3.358 0.28
v -5.337 3.358 0
v -5.337 3.848 0.28
v -5.337 3.848 0
v -6.023 3.848 0.28
v -6.023 3.848 0
v -6.023 3.358 0.28
v -6.023 3.358 0

f -12 -15 -14
f -14 -13 -12
f -10 -9 -8
f -8 -9 -7
f -8 -7 -6
f -6 -7 -5
f -6 -5 -4
f -4 -5 -3
f -4 -3 -2
f -2 -3 -1

o Default b4A66
usemtl 0x8FBDB9
v -5.324 3.358 0.28
v -4.736 3.358 0.28
v -4.736 3.848 0.28
v -5.324 3.848 0.28
v -5.324 3.358 0.28
v -5.324 3.358 0.28
v -5.324 3.358 0
v -4.736 3.358 0.28
v -4.736 3.358 0
v -4.736 3.848 0.28
v -4.736 3.848 0
v -5.324 3.848 0.28
v -5.324 3.848 0
v -5.324 3.358 0.28
v -5.324 3.358 0

f -12 -15 -14
f -14 -13 -12
f -10 -9 -8
f -8 -9 -7
f -8 -7 -6
f -6 -7 -5
f -6 -5 -4
f -4 -5 -3
f -4 -3 -2
f -2 -3 -1

o Default b4B60
usemtl 0x8FBDB9
v -6.823 4.357 0.28
v -6.137 4.357 0.28
v -6.137 4.749 0.28
v -6.823 4.749 0.28
v -6.823 4.357 0.28
v -6.823 4.357 0.28
v -6.823 4.357 0
v -6.137 4.357 0.28
v -6.137 4.357 0
v -6.137 4.749 0.28
v -6.137 4.749 0
v -6.823 4.749 0.28
v -6.823 4.749 0
v -6.823 4.357 0.28
v -6.823 4.357 0

f -12 -15 -14
f -14 -13 -12
f -10 -9 -8
f -8 -9 -7
f -8 -7 -6
f -6 -7 -5
f -6 -5 -4
f -4 -5 -3
f -4 -3 -2
f -2 -3 -1

o Default b4B62
usemtl 0x8FBDB9
v -6.124 4.356 0.28
v -5.536 4.356 0.28
v -5.536 4.65 0.28
v -6.124 4.65 0.28
v -6.124 4.356 0.28
v -6.124 4.356 0.28
v -6.124 4.356 0
v -5.536 4.356 0.28
v -5.536 4.356 0
v -5.536 4.65 0.28
v -5.536 4.65 0
v -6.124 4.65 0.28
v -6.124 4.65 0
v -6.124 4.356 0.28
v -6.124 4.356 0

f -12 -15 -14
f -14 -13 -12
f -10 -9 -8
f -8 -9 -7
f -8 -7 -6
f -6 -7 -5
f -6 -5 -4
f -4 -5 -3
f -4 -3 -2
f -2 -3 -1

o Default b4B68-C69
usemtl 0x8FBDB9
v -5.522 4.36 0.28
v -4.738 4.36 0.28
v -4.738 5.046 0.28
v -5.522 5.046 0.28
v -5.522 4.36 0.28
v -5.522 4.36 0.28
v -5.522 4.36 0
v -4.738 4.36 0.28
v -4.738 4.36 0
v -4.738 5.046 0.28
v -4.738 5.046 0
v -5.522 5.046 0.28
v -5.522 5.046 0
v -5.522 4.36 0.28
v -5.522 4.36 0

f -12 -15 -14
f -14 -13 -12
f -10 -9 -8
f -8 -9 -7
f -8 -7 -6
f -6 -7 -5
f -6 -5 -4
f -4 -5 -3
f -4 -3 -2
f -2 -3 -1

o Default b4C65
usemtl 0x8FBDB9
v -6.124 4.657 0.28
v -5.536 4.657 0.28
v -5.536 5.049 0.28
v -6.124 5.049 0.28
v -6.124 4.657 0.28
v -6.124 4.657 0.28
v -6.124 4.657 0
v -5.536 4.657 0.28
v -5.536 4.657 0
v -5.536 5.049 0.28
v -5.536 5.049 0
v -6.124 5.049 0.28
v -6.124 5.049 0
v -6.124 4.657 0.28
v -6.124 4.657 0

f -12 -15 -14
f -14 -13 -12
f -10 -9 -8
f -8 -9 -7
f -8 -7 -6
f -6 -7 -5
f -6 -5 -4
f -4 -5 -3
f -4 -3 -2
f -2 -3 -1

o Default b4C61
usemtl 0x8FBDB9
v -6.823 4.756 0.28
v -6.137 4.756 0.28
v -6.137 5.05 0.28
v -6.823 5.05 0.28
v -6.823 4.756 0.28
v -6.823 4.756 0.28
v -6.823 4.756 0
v -6.137 4.756 0.28
v -6.137 4.756 0
v -6.137 5.05 0.28
v -6.137 5.05 0
v -6.823 5.05 0.28
v -6.823 5.05 0
v -6.823 4.756 0.28
v -6.823 4.756 0

f -12 -15 -14
f -14 -13 -12
f -10 -9 -8
f -8 -9 -7
f -8 -7 -6
f -6 -7 -5
f -6 -5 -4
f -4 -5 -3
f -4 -3 -2
f -2 -3 -1

o Default b4A70
usemtl 0x8FBDB9
v -4.42 3.358 0.28
v -3.44 3.358 0.28
v -3.44 3.848 0.28
v -4.42 3.848 0.28
v -4.42 3.358 0.28
v -4.42 3.358 0.28
v -4.42 3.358 0
v -3.44 3.358 0.28
v -3.44 3.358 0
v -3.44 3.848 0.28
v -3.44 3.848 0
v -4.42 3.848 0.28
v -4.42 3.848 0
v -4.42 3.358 0.28
v -4.42 3.358 0

f -12 -15 -14
f -14 -13 -12
f -10 -9 -8
f -8 -9 -7
f -8 -7 -6
f -6 -7 -5
f -6 -5 -4
f -4 -5 -3
f -4 -3 -2
f -2 -3 -1

o Default b4A74
usemtl 0x8FBDB9
v -3.423 3.358 0.28
v -2.737 3.358 0.28
v -2.737 3.848 0.28
v -3.423 3.848 0.28
v -3.423 3.358 0.28
v -3.423 3.358 0.28
v -3.423 3.358 0
v -2.737 3.358 0.28
v -2.737 3.358 0
v -2.737 3.848 0.28
v -2.737 3.848 0
v -3.423 3.848 0.28
v -3.423 3.848 0
v -3.423 3.358 0.28
v -3.423 3.358 0

f -12 -15 -14
f -14 -13 -12
f -10 -9 -8
f -8 -9 -7
f -8 -7 -6
f -6 -7 -5
f -6 -5 -4
f -4 -5 -3
f -4 -3 -2
f -2 -3 -1

o Default b4B71
usemtl 0x8FBDB9
v -4.427 3.855 0.28
v -4.133 3.855 0.28
v -4.133 4.051 0.28
v -4.427 4.051 0.28
v -4.427 3.855 0.28
v -4.427 3.855 0.28
v -4.427 3.855 0
v -4.133 3.855 0.28
v -4.133 3.855 0
v -4.133 4.051 0.28
v -4.133 4.051 0
v -4.427 4.051 0.28
v -4.427 4.051 0
v -4.427 3.855 0.28
v -4.427 3.855 0

f -12 -15 -14
f -14 -13 -12
f -10 -9 -8
f -8 -9 -7
f -8 -7 -6
f -6 -7 -5
f -6 -5 -4
f -4 -5 -3
f -4 -3 -2
f -2 -3 -1

o Default b4B72
usemtl 0x8FBDB9
v -4.127 3.855 0.28
v -3.833 3.855 0.28
v -3.833 4.051 0.28
v -4.127 4.051 0.28
v -4.127 3.855 0.28
v -4.127 3.855 0.28
v -4.127 3.855 0
v -3.833 3.855 0.28
v -3.833 3.855 0
v -3.833 4.051 0.28
v -3.833 4.051 0
v -4.127 4.051 0.28
v -4.127 4.051 0
v -4.127 3.855 0.28
v -4.127 3.855 0

f -12 -15 -14
f -14 -13 -12
f -10 -9 -8
f -8 -9 -7
f -8 -7 -6
f -6 -7 -5
f -6 -5 -4
f -4 -5 -3
f -4 -3 -2
f -2 -3 -1

o Default b4B73
usemtl 0x8FBDB9
v -3.827 3.855 0.28
v -3.533 3.855 0.28
v -3.533 4.051 0.28
v -3.827 4.051 0.28
v -3.827 3.855 0.28
v -3.827 3.855 0.28
v -3.827 3.855 0
v -3.533 3.855 0.28
v -3.533 3.855 0
v -3.533 4.051 0.28
v -3.533 4.051 0
v -3.827 4.051 0.28
v -3.827 4.051 0
v -3.827 3.855 0.28
v -3.827 3.855 0

f -12 -15 -14
f -14 -13 -12
f -10 -9 -8
f -8 -9 -7
f -8 -7 -6
f -6 -7 -5
f -6 -5 -4
f -4 -5 -3
f -4 -3 -2
f -2 -3 -1

o Default b4B77
usemtl 0x8FBDB9
v -3.525 3.855 0.28
v -3.035 3.855 0.28
v -3.035 4.051 0.28
v -3.525 4.051 0.28
v -3.525 3.855 0.28
v -3.525 3.855 0.28
v -3.525 3.855 0
v -3.035 3.855 0.28
v -3.035 3.855 0
v -3.035 4.051 0.28
v -3.035 4.051 0
v -3.525 4.051 0.28
v -3.525 4.051 0
v -3.525 3.855 0.28
v -3.525 3.855 0

f -12 -15 -14
f -14 -13 -12
f -10 -9 -8
f -8 -9 -7
f -8 -7 -6
f -6 -7 -5
f -6 -5 -4
f -4 -5 -3
f -4 -3 -2
f -2 -3 -1

o Default b4B79
usemtl 0x8FBDB9
v -3.027 3.855 0.28
v -2.733 3.855 0.28
v -2.733 4.051 0.28
v -3.027 4.051 0.28
v -3.027 3.855 0.28
v -3.027 3.855 0.28
v -3.027 3.855 0
v -2.733 3.855 0.28
v -2.733 3.855 0
v -2.733 4.051 0.28
v -2.733 4.051 0
v -3.027 4.051 0.28
v -3.027 4.051 0
v -3.027 3.855 0.28
v -3.027 3.855 0

f -12 -15 -14
f -14 -13 -12
f -10 -9 -8
f -8 -9 -7
f -8 -7 -6
f -6 -7 -5
f -6 -5 -4
f -4 -5 -3
f -4 -3 -2
f -2 -3 -1

o Default b4B70-C71
usemtl 0x8FBDB9
v -4.418 4.36 0.28
v -3.242 4.36 0.28
v -3.242 5.046 0.28
v -4.418 5.046 0.28
v -4.418 4.36 0.28
v -4.418 4.36 0.28
v -4.418 4.36 0
v -3.242 4.36 0.28
v -3.242 4.36 0
v -3.242 5.046 0.28
v -3.242 5.046 0
v -4.418 5.046 0.28
v -4.418 5.046 0
v -4.418 4.36 0.28
v -4.418 4.36 0

f -12 -15 -14
f -14 -13 -12
f -10 -9 -8
f -8 -9 -7
f -8 -7 -6
f -6 -7 -5
f -6 -5 -4
f -4 -5 -3
f -4 -3 -2
f -2 -3 -1

o Default b4B78
usemtl 0x8FBDB9
v -3.225 4.356 0.28
v -2.735 4.356 0.28
v -2.735 4.65 0.28
v -3.225 4.65 0.28
v -3.225 4.356 0.28
v -3.225 4.356 0.28
v -3.225 4.356 0
v -2.735 4.356 0.28
v -2.735 4.356 0
v -2.735 4.65 0.28
v -2.735 4.65 0
v -3.225 4.65 0.28
v -3.225 4.65 0
v -3.225 4.356 0.28
v -3.225 4.356 0

f -12 -15 -14
f -14 -13 -12
f -10 -9 -8
f -8 -9 -7
f -8 -7 -6
f -6 -7 -5
f -6 -5 -4
f -4 -5 -3
f -4 -3 -2
f -2 -3 -1

o Default b4C79
usemtl 0x8FBDB9
v -3.225 4.657 0.28
v -2.735 4.657 0.28
v -2.735 5.049 0.28
v -3.225 5.049 0.28
v -3.225 4.657 0.28
v -3.225 4.657 0.28
v -3.225 4.657 0
v -2.735 4.657 0.28
v -2.735 4.657 0
v -2.735 5.049 0.28
v -2.735 5.049 0
v -3.225 5.049 0.28
v -3.225 5.049 0
v -3.225 4.657 0.28
v -3.225 4.657 0

f -12 -15 -14
f -14 -13 -12
f -10 -9 -8
f -8 -9 -7
f -8 -7 -6
f -6 -7 -5
f -6 -5 -4
f -4 -5 -3
f -4 -3 -2
f -2 -3 -1

o Default b4A80-C81
usemtl 0xFF9E4E
v -2.414 3.37 0.28
v -0.846 3.37 0.28
v -0.846 5.036 0.28
v -2.414 5.036 0.28
v -2.414 3.37 0.28
v -2.414 3.37 0.28
v -2.414 3.37 0
v -0.846 3.37 0.28
v -0.846 3.37 0
v -0.846 5.036 0.28
v -0.846 5.036 0
v -2.414 5.036 0.28
v -2.414 5.036 0
v -2.414 3.37 0.28
v -2.414 3.37 0

f -12 -15 -14
f -14 -13 -12
f -10 -9 -8
f -8 -9 -7
f -8 -7 -6
f -6 -7 -5
f -6 -5 -4
f -4 -5 -3
f -4 -3 -2
f -2 -3 -1

o Default b4A71
usemtl 0x8FBDB9
v -3.184 2.666 0.28
v -2.596 2.666 0.28
v -2.596 2.96 0.28
v -3.184 2.96 0.28
v -3.184 2.666 0.28
v -3.184 2.666 0.28
v -3.184 2.666 0
v -2.596 2.666 0.28
v -2.596 2.666 0
v -2.596 2.96 0.28
v -2.596 2.96 0
v -3.184 2.96 0.28
v -3.184 2.96 0
v -3.184 2.666 0.28
v -3.184 2.666 0

f -12 -15 -14
f -14 -13 -12
f -10 -9 -8
f -8 -9 -7
f -8 -7 -6
f -6 -7 -5
f -6 -5 -4
f -4 -5 -3
f -4 -3 -2
f -2 -3 -1

o Default b4A73
usemtl 0x8FBDB9
v -1.747 2.765 0.28
v -1.453 2.765 0.28
v -1.453 2.961 0.28
v -1.747 2.961 0.28
v -1.747 2.765 0.28
v -1.747 2.765 0.28
v -1.747 2.765 0
v -1.453 2.765 0.28
v -1.453 2.765 0
v -1.453 2.961 0.28
v -1.453 2.961 0
v -1.747 2.961 0.28
v -1.747 2.961 0
v -1.747 2.765 0.28
v -1.747 2.765 0

f -12 -15 -14
f -14 -13 -12
f -10 -9 -8
f -8 -9 -7
f -8 -7 -6
f -6 -7 -5
f -6 -5 -4
f -4 -5 -3
f -4 -3 -2
f -2 -3 -1

o Default b4A75
usemtl 0x8FBDB9
v -1.443 2.765 0.28
v -0.757 2.765 0.28
v -0.757 2.961 0.28
v -1.443 2.961 0.28
v -1.443 2.765 0.28
v -1.443 2.765 0.28
v -1.443 2.765 0
v -0.757 2.765 0.28
v -0.757 2.765 0
v -0.757 2.961 0.28
v -0.757 2.961 0
v -1.443 2.961 0.28
v -1.443 2.961 0
v -1.443 2.765 0.28
v -1.443 2.765 0

f -12 -15 -14
f -14 -13 -12
f -10 -9 -8
f -8 -9 -7
f -8 -7 -6
f -6 -7 -5
f -6 -5 -4
f -4 -5 -3
f -4 -3 -2
f -2 -3 -1

o Default b4C10-D11
usemtl 0x8FBDB9
v -17.102 5.361 0.28
v -14.358 5.361 0.28
v -14.358 6.145 0.28
v -17.102 6.145 0.28
v -17.102 5.361 0.28
v -17.102 5.361 0.28
v -17.102 5.361 0
v -14.358 5.361 0.28
v -14.358 5.361 0
v -14.358 6.145 0.28
v -14.358 6.145 0
v -17.102 6.145 0.28
v -17.102 6.145 0
v -17.102 5.361 0.28
v -17.102 5.361 0

f -12 -15 -14
f -14 -13 -12
f -10 -9 -8
f -8 -9 -7
f -8 -7 -6
f -6 -7 -5
f -6 -5 -4
f -4 -5 -3
f -4 -3 -2
f -2 -3 -1

o Default b4D10-E11
usemtl 0x8FBDB9
v -17.121 6.661 0.28
v -16.239 6.661 0.28
v -16.239 7.445 0.28
v -17.121 7.445 0.28
v -17.121 6.661 0.28
v -17.121 6.661 0.28
v -17.121 6.661 0
v -16.239 6.661 0.28
v -16.239 6.661 0
v -16.239 7.445 0.28
v -16.239 7.445 0
v -17.121 7.445 0.28
v -17.121 7.445 0
v -17.121 6.661 0.28
v -17.121 6.661 0

f -12 -15 -14
f -14 -13 -12
f -10 -9 -8
f -8 -9 -7
f -8 -7 -6
f -6 -7 -5
f -6 -5 -4
f -4 -5 -3
f -4 -3 -2
f -2 -3 -1

o Default b4D11
usemtl 0x8FBDB9
v -16.221 6.657 0.28
v -15.339 6.657 0.28
v -15.339 7.049 0.28
v -16.221 7.049 0.28
v -16.221 6.657 0.28
v -16.221 6.657 0.28
v -16.221 6.657 0
v -15.339 6.657 0.28
v -15.339 6.657 0
v -15.339 7.049 0.28
v -15.339 7.049 0
v -16.221 7.049 0.28
v -16.221 7.049 0
v -16.221 6.657 0.28
v -16.221 6.657 0

f -12 -15 -14
f -14 -13 -12
f -10 -9 -8
f -8 -9 -7
f -8 -7 -6
f -6 -7 -5
f -6 -5 -4
f -4 -5 -3
f -4 -3 -2
f -2 -3 -1

o Default b4E14
usemtl 0x8FBDB9
v -16.221 7.057 0.28
v -15.339 7.057 0.28
v -15.339 7.449 0.28
v -16.221 7.449 0.28
v -16.221 7.057 0.28
v -16.221 7.057 0.28
v -16.221 7.057 0
v -15.339 7.057 0.28
v -15.339 7.057 0
v -15.339 7.449 0.28
v -15.339 7.449 0
v -16.221 7.449 0.28
v -16.221 7.449 0
v -16.221 7.057 0.28
v -16.221 7.057 0

f -12 -15 -14
f -14 -13 -12
f -10 -9 -8
f -8 -9 -7
f -8 -7 -6
f -6 -7 -5
f -6 -5 -4
f -4 -5 -3
f -4 -3 -2
f -2 -3 -1

o Default b4D14-E15
usemtl 0x8FBDB9
v -15.023 6.661 0.28
v -14.337 6.661 0.28
v -14.337 7.445 0.28
v -15.023 7.445 0.28
v -15.023 6.661 0.28
v -15.023 6.661 0.28
v -15.023 6.661 0
v -14.337 6.661 0.28
v -14.337 6.661 0
v -14.337 7.445 0.28
v -14.337 7.445 0
v -15.023 7.445 0.28
v -15.023 7.445 0
v -15.023 6.661 0.28
v -15.023 6.661 0

f -12 -15 -14
f -14 -13 -12
f -10 -9 -8
f -8 -9 -7
f -8 -7 -6
f -6 -7 -5
f -6 -5 -4
f -4 -5 -3
f -4 -3 -2
f -2 -3 -1

o Default b4C20-D21
usemtl 0x8FBDB9
v -13.92 5.361 0.28
v -12.94 5.361 0.28
v -12.94 6.145 0.28
v -13.92 6.145 0.28
v -13.92 5.361 0.28
v -13.92 5.361 0.28
v -13.92 5.361 0
v -12.94 5.361 0.28
v -12.94 5.361 0
v -12.94 6.145 0.28
v -12.94 6.145 0
v -13.92 6.145 0.28
v -13.92 6.145 0
v -13.92 5.361 0.28
v -13.92 5.361 0

f -12 -15 -14
f -14 -13 -12
f -10 -9 -8
f -8 -9 -7
f -8 -7 -6
f -6 -7 -5
f -6 -5 -4
f -4 -5 -3
f -4 -3 -2
f -2 -3 -1

o Default b4C22-D23
usemtl 0x8FBDB9
v -12.908 5.361 0.28
v -10.752 5.361 0.28
v -10.752 6.145 0.28
v -12.908 6.145 0.28
v -12.908 5.361 0.28
v -12.908 5.361 0.28
v -12.908 5.361 0
v -10.752 5.361 0.28
v -10.752 5.361 0
v -10.752 6.145 0.28
v -10.752 6.145 0
v -12.908 6.145 0.28
v -12.908 6.145 0
v -12.908 5.361 0.28
v -12.908 5.361 0

f -12 -15 -14
f -14 -13 -12
f -10 -9 -8
f -8 -9 -7
f -8 -7 -6
f -6 -7 -5
f -6 -5 -4
f -4 -5 -3
f -4 -3 -2
f -2 -3 -1

o Default b4D20-E21
usemtl 0x8FBDB9
v -13.922 6.661 0.28
v -13.138 6.661 0.28
v -13.138 7.445 0.28
v -13.922 7.445 0.28
v -13.922 6.661 0.28
v -13.922 6.661 0.28
v -13.922 6.661 0
v -13.138 6.661 0.28
v -13.138 6.661 0
v -13.138 7.445 0.28
v -13.138 7.445 0
v -13.922 7.445 0.28
v -13.922 7.445 0
v -13.922 6.661 0.28
v -13.922 6.661 0

f -12 -15 -14
f -14 -13 -12
f -10 -9 -8
f -8 -9 -7
f -8 -7 -6
f -6 -7 -5
f -6 -5 -4
f -4 -5 -3
f -4 -3 -2
f -2 -3 -1

o Default b4D24
usemtl 0x8FBDB9
v -13.119 6.657 0.28
v -12.09 6.657 0.28
v -12.09 7.049 0.28
v -13.119 7.049 0.28
v -13.119 6.657 0.28
v -13.119 6.657 0.28
v -13.119 6.657 0
v -12.09 6.657 0.28
v -12.09 6.657 0
v -12.09 7.049 0.28
v -12.09 7.049 0
v -13.119 7.049 0.28
v -13.119 7.049 0
v -13.119 6.657 0.28
v -13.119 6.657 0

f -12 -15 -14
f -14 -13 -12
f -10 -9 -8
f -8 -9 -7
f -8 -7 -6
f -6 -7 -5
f -6 -5 -4
f -4 -5 -3
f -4 -3 -2
f -2 -3 -1

o Default b4E25
usemtl 0x8FBDB9
v -13.119 7.057 0.28
v -12.09 7.057 0.28
v -12.09 7.449 0.28
v -13.119 7.449 0.28
v -13.119 7.057 0.28
v -13.119 7.057 0.28
v -13.119 7.057 0
v -12.09 7.057 0.28
v -12.09 7.057 0
v -12.09 7.449 0.28
v -12.09 7.449 0
v -13.119 7.449 0.28
v -13.119 7.449 0
v -13.119 7.057 0.28
v -13.119 7.057 0

f -12 -15 -14
f -14 -13 -12
f -10 -9 -8
f -8 -9 -7
f -8 -7 -6
f -6 -7 -5
f -6 -5 -4
f -4 -5 -3
f -4 -3 -2
f -2 -3 -1

o Default b4D26-E27
usemtl 0x8FBDB9
v -12.066 6.661 0.28
v -10.743 6.661 0.28
v -10.743 7.445 0.28
v -12.066 7.445 0.28
v -12.066 6.661 0.28
v -12.066 6.661 0.28
v -12.066 6.661 0
v -10.743 6.661 0.28
v -10.743 6.661 0
v -10.743 7.445 0.28
v -10.743 7.445 0
v -12.066 7.445 0.28
v -12.066 7.445 0
v -12.066 6.661 0.28
v -12.066 6.661 0

f -12 -15 -14
f -14 -13 -12
f -10 -9 -8
f -8 -9 -7
f -8 -7 -6
f -6 -7 -5
f -6 -5 -4
f -4 -5 -3
f -4 -3 -2
f -2 -3 -1

o Default b4C30
usemtl 0x8FBDB9
v -10.421 5.357 0.28
v -9.539 5.357 0.28
v -9.539 5.749 0.28
v -10.421 5.749 0.28
v -10.421 5.357 0.28
v -10.421 5.357 0.28
v -10.421 5.357 0
v -9.539 5.357 0.28
v -9.539 5.357 0
v -9.539 5.749 0.28
v -9.539 5.749 0
v -10.421 5.749 0.28
v -10.421 5.749 0
v -10.421 5.357 0.28
v -10.421 5.357 0

f -12 -15 -14
f -14 -13 -12
f -10 -9 -8
f -8 -9 -7
f -8 -7 -6
f -6 -7 -5
f -6 -5 -4
f -4 -5 -3
f -4 -3 -2
f -2 -3 -1

o Default b4D31
usemtl 0x8FBDB9
v -10.421 5.757 0.28
v -9.539 5.757 0.28
v -9.539 6.149 0.28
v -10.421 6.149 0.28
v -10.421 5.757 0.28
v -10.421 5.757 0.28
v -10.421 5.757 0
v -9.539 5.757 0.28
v -9.539 5.757 0
v -9.539 6.149 0.28
v -9.539 6.149 0
v -10.421 6.149 0.28
v -10.421 6.149 0
v -10.421 5.757 0.28
v -10.421 5.757 0

f -12 -15 -14
f -14 -13 -12
f -10 -9 -8
f -8 -9 -7
f -8 -7 -6
f -6 -7 -5
f -6 -5 -4
f -4 -5 -3
f -4 -3 -2
f -2 -3 -1

o Default b4D30
usemtl 0x8FBDB9
v -10.421 6.657 0.28
v -9.539 6.657 0.28
v -9.539 7.049 0.28
v -10.421 7.049 0.28
v -10.421 6.657 0.28
v -10.421 6.657 0.28
v -10.421 6.657 0
v -9.539 6.657 0.28
v -9.539 6.657 0
v -9.539 7.049 0.28
v -9.539 7.049 0
v -10.421 7.049 0.28
v -10.421 7.049 0
v -10.421 6.657 0.28
v -10.421 6.657 0

f -12 -15 -14
f -14 -13 -12
f -10 -9 -8
f -8 -9 -7
f -8 -7 -6
f -6 -7 -5
f -6 -5 -4
f -4 -5 -3
f -4 -3 -2
f -2 -3 -1

o Default b4E31
usemtl 0x8FBDB9
v -10.421 7.057 0.28
v -9.539 7.057 0.28
v -9.539 7.449 0.28
v -10.421 7.449 0.28
v -10.421 7.057 0.28
v -10.421 7.057 0.28
v -10.421 7.057 0
v -9.539 7.057 0.28
v -9.539 7.057 0
v -9.539 7.449 0.28
v -9.539 7.449 0
v -10.421 7.449 0.28
v -10.421 7.449 0
v -10.421 7.057 0.28
v -10.421 7.057 0

f -12 -15 -14
f -14 -13 -12
f -10 -9 -8
f -8 -9 -7
f -8 -7 -6
f -6 -7 -5
f -6 -5 -4
f -4 -5 -3
f -4 -3 -2
f -2 -3 -1

o Default b4C40-D41
usemtl 0x8FBDB9
v -9.209 5.361 0.28
v -7.151 5.361 0.28
v -7.151 6.145 0.28
v -9.209 6.145 0.28
v -9.209 5.361 0.28
v -9.209 5.361 0.28
v -9.209 5.361 0
v -7.151 5.361 0.28
v -7.151 5.361 0
v -7.151 6.145 0.28
v -7.151 6.145 0
v -9.209 6.145 0.28
v -9.209 6.145 0
v -9.209 5.361 0.28
v -9.209 5.361 0

f -12 -15 -14
f -14 -13 -12
f -10 -9 -8
f -8 -9 -7
f -8 -7 -6
f -6 -7 -5
f -6 -5 -4
f -4 -5 -3
f -4 -3 -2
f -2 -3 -1

o Default b4D40-E41
usemtl 0x8FBDB9
v -9.223 6.661 0.28
v -8.537 6.661 0.28
v -8.537 7.445 0.28
v -9.223 7.445 0.28
v -9.223 6.661 0.28
v -9.223 6.661 0.28
v -9.223 6.661 0
v -8.537 6.661 0.28
v -8.537 6.661 0
v -8.537 7.445 0.28
v -8.537 7.445 0
v -9.223 7.445 0.28
v -9.223 7.445 0
v -9.223 6.661 0.28
v -9.223 6.661 0

f -12 -15 -14
f -14 -13 -12
f -10 -9 -8
f -8 -9 -7
f -8 -7 -6
f -6 -7 -5
f -6 -5 -4
f -4 -5 -3
f -4 -3 -2
f -2 -3 -1

o Default b4D42
usemtl 0x8FBDB9
v -8.524 6.657 0.28
v -7.936 6.657 0.28
v -7.936 7.049 0.28
v -8.524 7.049 0.28
v -8.524 6.657 0.28
v -8.524 6.657 0.28
v -8.524 6.657 0
v -7.936 6.657 0.28
v -7.936 6.657 0
v -7.936 7.049 0.28
v -7.936 7.049 0
v -8.524 7.049 0.28
v -8.524 7.049 0
v -8.524 6.657 0.28
v -8.524 6.657 0

f -12 -15 -14
f -14 -13 -12
f -10 -9 -8
f -8 -9 -7
f -8 -7 -6
f -6 -7 -5
f -6 -5 -4
f -4 -5 -3
f -4 -3 -2
f -2 -3 -1

o Default b4E43
usemtl 0x8FBDB9
v -8.524 7.057 0.28
v -7.936 7.057 0.28
v -7.936 7.449 0.28
v -8.524 7.449 0.28
v -8.524 7.057 0.28
v -8.524 7.057 0.28
v -8.524 7.057 0
v -7.936 7.057 0.28
v -7.936 7.057 0
v -7.936 7.449 0.28
v -7.936 7.449 0
v -8.524 7.449 0.28
v -8.524 7.449 0
v -8.524 7.057 0.28
v -8.524 7.057 0

f -12 -15 -14
f -14 -13 -12
f -10 -9 -8
f -8 -9 -7
f -8 -7 -6
f -6 -7 -5
f -6 -5 -4
f -4 -5 -3
f -4 -3 -2
f -2 -3 -1

o Default b4D50-E52
usemtl 0x8FBDB9
v -7.618 6.657 0.28
v -6.442 6.657 0.28
v -6.442 7.049 0.28
v -7.618 7.049 0.28
v -7.618 6.657 0.28
v -7.618 6.657 0.28
v -7.618 6.657 0
v -6.442 6.657 0.28
v -6.442 6.657 0
v -6.442 7.049 0.28
v -6.442 7.049 0
v -7.618 7.049 0.28
v -7.618 7.049 0
v -7.618 6.657 0.28
v -7.618 6.657 0

f -12 -15 -14
f -14 -13 -12
f -10 -9 -8
f -8 -9 -7
f -8 -7 -6
f -6 -7 -5
f -6 -5 -4
f -4 -5 -3
f -4 -3 -2
f -2 -3 -1

o Default b4E51
usemtl 0x8FBDB9
v -7.622 7.057 0.28
v -6.887 7.057 0.28
v -6.887 7.449 0.28
v -7.622 7.449 0.28
v -7.622 7.057 0.28
v -7.622 7.057 0.28
v -7.622 7.057 0
v -6.887 7.057 0.28
v -6.887 7.057 0
v -6.887 7.449 0.28
v -6.887 7.449 0
v -7.622 7.449 0.28
v -7.622 7.449 0
v -7.622 7.057 0.28
v -7.622 7.057 0

f -12 -15 -14
f -14 -13 -12
f -10 -9 -8
f -8 -9 -7
f -8 -7 -6
f -6 -7 -5
f -6 -5 -4
f -4 -5 -3
f -4 -3 -2
f -2 -3 -1

o Default b4E55
usemtl 0x8FBDB9
v -6.875 7.057 0.28
v -6.434 7.057 0.28
v -6.434 7.449 0.28
v -6.875 7.449 0.28
v -6.875 7.057 0.28
v -6.875 7.057 0.28
v -6.875 7.057 0
v -6.434 7.057 0.28
v -6.434 7.057 0
v -6.434 7.449 0.28
v -6.434 7.449 0
v -6.875 7.449 0.28
v -6.875 7.449 0
v -6.875 7.057 0.28
v -6.875 7.057 0

f -12 -15 -14
f -14 -13 -12
f -10 -9 -8
f -8 -9 -7
f -8 -7 -6
f -6 -7 -5
f -6 -5 -4
f -4 -5 -3
f -4 -3 -2
f -2 -3 -1

o Default b4C60-D61
usemtl 0x8FBDB9
v -6.809 5.361 0.28
v -4.751 5.361 0.28
v -4.751 6.145 0.28
v -6.809 6.145 0.28
v -6.809 5.361 0.28
v -6.809 5.361 0.28
v -6.809 5.361 0
v -4.751 5.361 0.28
v -4.751 5.361 0
v -4.751 6.145 0.28
v -4.751 6.145 0
v -6.809 6.145 0.28
v -6.809 6.145 0
v -6.809 5.361 0.28
v -6.809 5.361 0

f -12 -15 -14
f -14 -13 -12
f -10 -9 -8
f -8 -9 -7
f -8 -7 -6
f -6 -7 -5
f -6 -5 -4
f -4 -5 -3
f -4 -3 -2
f -2 -3 -1

o Default b4D60
usemtl 0x8FBDB9
v -6.127 6.657 0.28
v -5.833 6.657 0.28
v -5.833 7.049 0.28
v -6.127 7.049 0.28
v -6.127 6.657 0.28
v -6.127 6.657 0.28
v -6.127 6.657 0
v -5.833 6.657 0.28
v -5.833 6.657 0
v -5.833 7.049 0.28
v -5.833 7.049 0
v -6.127 7.049 0.28
v -6.127 7.049 0
v -6.127 6.657 0.28
v -6.127 6.657 0

f -12 -15 -14
f -14 -13 -12
f -10 -9 -8
f -8 -9 -7
f -8 -7 -6
f -6 -7 -5
f -6 -5 -4
f -4 -5 -3
f -4 -3 -2
f -2 -3 -1

o Default b4D62
usemtl 0x8FBDB9
v -5.828 6.657 0.28
v -5.632 6.657 0.28
v -5.632 7.049 0.28
v -5.828 7.049 0.28
v -5.828 6.657 0.28
v -5.828 6.657 0.28
v -5.828 6.657 0
v -5.632 6.657 0.28
v -5.632 6.657 0
v -5.632 7.049 0.28
v -5.632 7.049 0
v -5.828 7.049 0.28
v -5.828 7.049 0
v -5.828 6.657 0.28
v -5.828 6.657 0

f -12 -15 -14
f -14 -13 -12
f -10 -9 -8
f -8 -9 -7
f -8 -7 -6
f -6 -7 -5
f -6 -5 -4
f -4 -5 -3
f -4 -3 -2
f -2 -3 -1

o Default b4E61
usemtl 0x8FBDB9
v -6.125 7.057 0.28
v -5.635 7.057 0.28
v -5.635 7.449 0.28
v -6.125 7.449 0.28
v -6.125 7.057 0.28
v -6.125 7.057 0.28
v -6.125 7.057 0
v -5.635 7.057 0.28
v -5.635 7.057 0
v -5.635 7.449 0.28
v -5.635 7.449 0
v -6.125 7.449 0.28
v -6.125 7.449 0
v -6.125 7.057 0.28
v -6.125 7.057 0

f -12 -15 -14
f -14 -13 -12
f -10 -9 -8
f -8 -9 -7
f -8 -7 -6
f -6 -7 -5
f -6 -5 -4
f -4 -5 -3
f -4 -3 -2
f -2 -3 -1

o Default b4D64
usemtl 0x8FBDB9
v -5.328 6.657 0.28
v -5.132 6.657 0.28
v -5.132 7.049 0.28
v -5.328 7.049 0.28
v -5.328 6.657 0.28
v -5.328 6.657 0.28
v -5.328 6.657 0
v -5.132 6.657 0.28
v -5.132 6.657 0
v -5.132 7.049 0.28
v -5.132 7.049 0
v -5.328 7.049 0.28
v -5.328 7.049 0
v -5.328 6.657 0.28
v -5.328 6.657 0

f -12 -15 -14
f -14 -13 -12
f -10 -9 -8
f -8 -9 -7
f -8 -7 -6
f -6 -7 -5
f -6 -5 -4
f -4 -5 -3
f -4 -3 -2
f -2 -3 -1

o Default b4D66
usemtl 0x8FBDB9
v -5.127 6.658 0.28
v -4.833 6.658 0.28
v -4.833 7.148 0.28
v -5.127 7.148 0.28
v -5.127 6.658 0.28
v -5.127 6.658 0.28
v -5.127 6.658 0
v -4.833 6.658 0.28
v -4.833 6.658 0
v -4.833 7.148 0.28
v -4.833 7.148 0
v -5.127 7.148 0.28
v -5.127 7.148 0
v -5.127 6.658 0.28
v -5.127 6.658 0

f -12 -15 -14
f -14 -13 -12
f -10 -9 -8
f -8 -9 -7
f -8 -7 -6
f -6 -7 -5
f -6 -5 -4
f -4 -5 -3
f -4 -3 -2
f -2 -3 -1

o Default b4E65
usemtl 0x8FBDB9
v -5.328 7.057 0.28
v -5.132 7.057 0.28
v -5.132 7.449 0.28
v -5.328 7.449 0.28
v -5.328 7.057 0.28
v -5.328 7.057 0.28
v -5.328 7.057 0
v -5.132 7.057 0.28
v -5.132 7.057 0
v -5.132 7.449 0.28
v -5.132 7.449 0
v -5.328 7.449 0.28
v -5.328 7.449 0
v -5.328 7.057 0.28
v -5.328 7.057 0

f -12 -15 -14
f -14 -13 -12
f -10 -9 -8
f -8 -9 -7
f -8 -7 -6
f -6 -7 -5
f -6 -5 -4
f -4 -5 -3
f -4 -3 -2
f -2 -3 -1

o Default b4D67
usemtl 0x8FBDB9
v -5.127 7.156 0.28
v -4.833 7.156 0.28
v -4.833 7.45 0.28
v -5.127 7.45 0.28
v -5.127 7.156 0.28
v -5.127 7.156 0.28
v -5.127 7.156 0
v -4.833 7.156 0.28
v -4.833 7.156 0
v -4.833 7.45 0.28
v -4.833 7.45 0
v -5.127 7.45 0.28
v -5.127 7.45 0
v -5.127 7.156 0.28
v -5.127 7.156 0

f -12 -15 -14
f -14 -13 -12
f -10 -9 -8
f -8 -9 -7
f -8 -7 -6
f -6 -7 -5
f -6 -5 -4
f -4 -5 -3
f -4 -3 -2
f -2 -3 -1

o Default b4D70
usemtl 0x8FBDB9
v -4.528 6.658 0.28
v -4.332 6.658 0.28
v -4.332 7.148 0.28
v -4.528 7.148 0.28
v -4.528 6.658 0.28
v -4.528 6.658 0.28
v -4.528 6.658 0
v -4.332 6.658 0.28
v -4.332 6.658 0
v -4.332 7.148 0.28
v -4.332 7.148 0
v -4.528 7.148 0.28
v -4.528 7.148 0
v -4.528 6.658 0.28
v -4.528 6.658 0

f -12 -15 -14
f -14 -13 -12
f -10 -9 -8
f -8 -9 -7
f -8 -7 -6
f -6 -7 -5
f -6 -5 -4
f -4 -5 -3
f -4 -3 -2
f -2 -3 -1

o Default b4E71
usemtl 0x8FBDB9
v -4.528 7.156 0.28
v -4.332 7.156 0.28
v -4.332 7.45 0.28
v -4.528 7.45 0.28
v -4.528 7.156 0.28
v -4.528 7.156 0.28
v -4.528 7.156 0
v -4.332 7.156 0.28
v -4.332 7.156 0
v -4.332 7.45 0.28
v -4.332 7.45 0
v -4.528 7.45 0.28
v -4.528 7.45 0
v -4.528 7.156 0.28
v -4.528 7.156 0

f -12 -15 -14
f -14 -13 -12
f -10 -9 -8
f -8 -9 -7
f -8 -7 -6
f -6 -7 -5
f -6 -5 -4
f -4 -5 -3
f -4 -3 -2
f -2 -3 -1

o Default b4D72
usemtl 0x8FBDB9
v -4.328 6.657 0.28
v -4.132 6.657 0.28
v -4.132 7.098 0.28
v -4.328 7.098 0.28
v -4.328 6.657 0.28
v -4.328 6.657 0.28
v -4.328 6.657 0
v -4.132 6.657 0.28
v -4.132 6.657 0
v -4.132 7.098 0.28
v -4.132 7.098 0
v -4.328 7.098 0.28
v -4.328 7.098 0
v -4.328 6.657 0.28
v -4.328 6.657 0

f -12 -15 -14
f -14 -13 -12
f -10 -9 -8
f -8 -9 -7
f -8 -7 -6
f -6 -7 -5
f -6 -5 -4
f -4 -5 -3
f -4 -3 -2
f -2 -3 -1

o Default b4E73
usemtl 0x8FBDB9
v -4.328 7.106 0.28
v -4.132 7.106 0.28
v -4.132 7.449 0.28
v -4.328 7.449 0.28
v -4.328 7.106 0.28
v -4.328 7.106 0.28
v -4.328 7.106 0
v -4.132 7.106 0.28
v -4.132 7.106 0
v -4.132 7.449 0.28
v -4.132 7.449 0
v -4.328 7.449 0.28
v -4.328 7.449 0
v -4.328 7.106 0.28
v -4.328 7.106 0

f -12 -15 -14
f -14 -13 -12
f -10 -9 -8
f -8 -9 -7
f -8 -7 -6
f -6 -7 -5
f -6 -5 -4
f -4 -5 -3
f -4 -3 -2
f -2 -3 -1

o Default b4C70-D71
usemtl 0x8FBDB9
v -4.413 5.361 0.28
v -2.747 5.361 0.28
v -2.747 6.145 0.28
v -4.413 6.145 0.28
v -4.413 5.361 0.28
v -4.413 5.361 0.28
v -4.413 5.361 0
v -2.747 5.361 0.28
v -2.747 5.361 0
v -2.747 6.145 0.28
v -2.747 6.145 0
v -4.413 6.145 0.28
v -4.413 6.145 0
v -4.413 5.361 0.28
v -4.413 5.361 0

f -12 -15 -14
f -14 -13 -12
f -10 -9 -8
f -8 -9 -7
f -8 -7 -6
f -6 -7 -5
f -6 -5 -4
f -4 -5 -3
f -4 -3 -2
f -2 -3 -1

o Default b4D74
usemtl 0x8FBDB9
v -3.828 6.658 0.28
v -3.632 6.658 0.28
v -3.632 7.148 0.28
v -3.828 7.148 0.28
v -3.828 6.658 0.28
v -3.828 6.658 0.28
v -3.828 6.658 0
v -3.632 6.658 0.28
v -3.632 6.658 0
v -3.632 7.148 0.28
v -3.632 7.148 0
v -3.828 7.148 0.28
v -3.828 7.148 0
v -3.828 6.658 0.28
v -3.828 6.658 0

f -12 -15 -14
f -14 -13 -12
f -10 -9 -8
f -8 -9 -7
f -8 -7 -6
f -6 -7 -5
f -6 -5 -4
f -4 -5 -3
f -4 -3 -2
f -2 -3 -1

o Default b4D76
usemtl 0x8FBDB9
v -3.628 6.658 0.28
v -3.432 6.658 0.28
v -3.432 7.148 0.28
v -3.628 7.148 0.28
v -3.628 6.658 0.28
v -3.628 6.658 0.28
v -3.628 6.658 0
v -3.432 6.658 0.28
v -3.432 6.658 0
v -3.432 7.148 0.28
v -3.432 7.148 0
v -3.628 7.148 0.28
v -3.628 7.148 0
v -3.628 6.658 0.28
v -3.628 6.658 0

f -12 -15 -14
f -14 -13 -12
f -10 -9 -8
f -8 -9 -7
f -8 -7 -6
f -6 -7 -5
f -6 -5 -4
f -4 -5 -3
f -4 -3 -2
f -2 -3 -1

o Default b4E75
usemtl 0x8FBDB9
v -3.828 7.156 0.28
v -3.632 7.156 0.28
v -3.632 7.45 0.28
v -3.828 7.45 0.28
v -3.828 7.156 0.28
v -3.828 7.156 0.28
v -3.828 7.156 0
v -3.632 7.156 0.28
v -3.632 7.156 0
v -3.632 7.45 0.28
v -3.632 7.45 0
v -3.828 7.45 0.28
v -3.828 7.45 0
v -3.828 7.156 0.28
v -3.828 7.156 0

f -12 -15 -14
f -14 -13 -12
f -10 -9 -8
f -8 -9 -7
f -8 -7 -6
f -6 -7 -5
f -6 -5 -4
f -4 -5 -3
f -4 -3 -2
f -2 -3 -1

o Default b4E77
usemtl 0x8FBDB9
v -3.628 7.156 0.28
v -3.432 7.156 0.28
v -3.432 7.45 0.28
v -3.628 7.45 0.28
v -3.628 7.156 0.28
v -3.628 7.156 0.28
v -3.628 7.156 0
v -3.432 7.156 0.28
v -3.432 7.156 0
v -3.432 7.45 0.28
v -3.432 7.45 0
v -3.628 7.45 0.28
v -3.628 7.45 0
v -3.628 7.156 0.28
v -3.628 7.156 0

f -12 -15 -14
f -14 -13 -12
f -10 -9 -8
f -8 -9 -7
f -8 -7 -6
f -6 -7 -5
f -6 -5 -4
f -4 -5 -3
f -4 -3 -2
f -2 -3 -1

o Default b4D78
usemtl 0x8FBDB9
v -3.128 6.658 0.28
v -2.932 6.658 0.28
v -2.932 7.148 0.28
v -3.128 7.148 0.28
v -3.128 6.658 0.28
v -3.128 6.658 0.28
v -3.128 6.658 0
v -2.932 6.658 0.28
v -2.932 6.658 0
v -2.932 7.148 0.28
v -2.932 7.148 0
v -3.128 7.148 0.28
v -3.128 7.148 0
v -3.128 6.658 0.28
v -3.128 6.658 0

f -12 -15 -14
f -14 -13 -12
f -10 -9 -8
f -8 -9 -7
f -8 -7 -6
f -6 -7 -5
f -6 -5 -4
f -4 -5 -3
f -4 -3 -2
f -2 -3 -1

o Default b4D80
usemtl 0x8FBDB9
v -2.928 6.658 0.28
v -2.732 6.658 0.28
v -2.732 7.148 0.28
v -2.928 7.148 0.28
v -2.928 6.658 0.28
v -2.928 6.658 0.28
v -2.928 6.658 0
v -2.732 6.658 0.28
v -2.732 6.658 0
v -2.732 7.148 0.28
v -2.732 7.148 0
v -2.928 7.148 0.28
v -2.928 7.148 0
v -2.928 6.658 0.28
v -2.928 6.658 0

f -12 -15 -14
f -14 -13 -12
f -10 -9 -8
f -8 -9 -7
f -8 -7 -6
f -6 -7 -5
f -6 -5 -4
f -4 -5 -3
f -4 -3 -2
f -2 -3 -1

o Default b4E79
usemtl 0x8FBDB9
v -3.128 7.156 0.28
v -2.932 7.156 0.28
v -2.932 7.45 0.28
v -3.128 7.45 0.28
v -3.128 7.156 0.28
v -3.128 7.156 0.28
v -3.128 7.156 0
v -2.932 7.156 0.28
v -2.932 7.156 0
v -2.932 7.45 0.28
v -2.932 7.45 0
v -3.128 7.45 0.28
v -3.128 7.45 0
v -3.128 7.156 0.28
v -3.128 7.156 0

f -12 -15 -14
f -14 -13 -12
f -10 -9 -8
f -8 -9 -7
f -8 -7 -6
f -6 -7 -5
f -6 -5 -4
f -4 -5 -3
f -4 -3 -2
f -2 -3 -1

o Default b4E81
usemtl 0x8FBDB9
v -2.928 7.156 0.28
v -2.732 7.156 0.28
v -2.732 7.45 0.28
v -2.928 7.45 0.28
v -2.928 7.156 0.28
v -2.928 7.156 0.28
v -2.928 7.156 0
v -2.732 7.156 0.28
v -2.732 7.156 0
v -2.732 7.45 0.28
v -2.732 7.45 0
v -2.928 7.45 0.28
v -2.928 7.45 0
v -2.928 7.156 0.28
v -2.928 7.156 0

f -12 -15 -14
f -14 -13 -12
f -10 -9 -8
f -8 -9 -7
f -8 -7 -6
f -6 -7 -5
f -6 -5 -4
f -4 -5 -3
f -4 -3 -2
f -2 -3 -1

o Default b4C80-F81
usemtl 0xFF9E4E
v -2.414 5.385 0.28
v -0.846 5.385 0.28
v -0.846 8.521 0.28
v -2.414 8.521 0.28
v -2.414 5.385 0.28
v -2.414 5.385 0.28
v -2.414 5.385 0
v -0.846 5.385 0.28
v -0.846 5.385 0
v -0.846 8.521 0.28
v -0.846 8.521 0
v -2.414 8.521 0.28
v -2.414 8.521 0
v -2.414 5.385 0.28
v -2.414 5.385 0

f -12 -15 -14
f -14 -13 -12
f -10 -9 -8
f -8 -9 -7
f -8 -7 -6
f -6 -7 -5
f -6 -5 -4
f -4 -5 -3
f -4 -3 -2
f -2 -3 -1

o Default b4F01
usemtl 0x8FBDB9
v -17.876 7.727 0.28
v -17.533 7.727 0.28
v -17.533 10.128 0.28
v -17.778 10.128 0.28
v -17.778 9.981 0.28
v -17.827 9.981 0.28
v -17.827 9.834 0.28
v -17.876 9.834 0.28
v -17.876 8.56 0.28
v -17.827 8.56 0.28
v -17.827 8.364 0.28
v -17.876 8.364 0.28
v -17.876 7.727 0.28
v -17.876 7.727 0.28
v -17.876 7.727 0
v -17.533 7.727 0.28
v -17.533 7.727 0
v -17.533 10.128 0.28
v -17.533 10.128 0
v -17.778 10.128 0.28
v -17.778 10.128 0
v -17.778 9.981 0.28
v -17.778 9.981 0
v -17.827 9.981 0.28
v -17.827 9.981 0
v -17.827 9.834 0.28
v -17.827 9.834 0
v -17.876 9.834 0.28
v -17.876 9.834 0
v -17.876 8.56 0.28
v -17.876 8.56 0
v -17.827 8.56 0.28
v -17.827 8.56 0
v -17.827 8.364 0.28
v -17.827 8.364 0
v -17.876 8.364 0.28
v -17.876 8.364 0
v -17.876 7.727 0.28
v -17.876 7.727 0

f -28 -39 -38
f -38 -37 -36
f -35 -34 -33
f -33 -32 -31
f -29 -28 -38
f -38 -36 -35
f -35 -33 -31
f -30 -29 -38
f -35 -31 -30
f -30 -38 -35
f -26 -25 -24
f -24 -25 -23
f -24 -23 -22
f -22 -23 -21
f -22 -21 -20
f -20 -21 -19
f -20 -19 -18
f -18 -19 -17
f -18 -17 -16
f -16 -17 -15
f -16 -15 -14
f -14 -15 -13
f -14 -13 -12
f -12 -13 -11
f -12 -11 -10
f -10 -11 -9
f -10 -9 -8
f -8 -9 -7
f -8 -7 -6
f -6 -7 -5
f -6 -5 -4
f -4 -5 -3
f -4 -3 -2
f -2 -3 -1

o Default b4E10-G11
usemtl 0x8FBDB9
v -17.052 7.772 0.28
v -14.308 7.772 0.28
v -14.308 9.585 0.28
v -17.052 9.585 0.28
v -17.052 7.772 0.28
v -17.052 7.772 0.28
v -17.052 7.772 0
v -14.308 7.772 0.28
v -14.308 7.772 0
v -14.308 9.585 0.28
v -14.308 9.585 0
v -17.052 9.585 0.28
v -17.052 9.585 0
v -17.052 7.772 0.28
v -17.052 7.772 0

f -12 -15 -14
f -14 -13 -12
f -10 -9 -8
f -8 -9 -7
f -8 -7 -6
f -6 -7 -5
f -6 -5 -4
f -4 -5 -3
f -4 -3 -2
f -2 -3 -1

o Default b4E18-F19
usemtl 0x8FBDB9
v -13.913 7.761 0.28
v -12.247 7.761 0.28
v -12.247 8.545 0.28
v -13.913 8.545 0.28
v -13.913 7.761 0.28
v -13.913 7.761 0.28
v -13.913 7.761 0
v -12.247 7.761 0.28
v -12.247 7.761 0
v -12.247 8.545 0.28
v -12.247 8.545 0
v -13.913 8.545 0.28
v -13.913 8.545 0
v -13.913 7.761 0.28
v -13.913 7.761 0

f -12 -15 -14
f -14 -13 -12
f -10 -9 -8
f -8 -9 -7
f -8 -7 -6
f -6 -7 -5
f -6 -5 -4
f -4 -5 -3
f -4 -3 -2
f -2 -3 -1

o Default b4E24-F25
usemtl 0x8FBDB9
v -12.215 7.761 0.28
v -10.745 7.761 0.28
v -10.745 8.545 0.28
v -12.215 8.545 0.28
v -12.215 7.761 0.28
v -12.215 7.761 0.28
v -12.215 7.761 0
v -10.745 7.761 0.28
v -10.745 7.761 0
v -10.745 8.545 0.28
v -10.745 8.545 0
v -12.215 8.545 0.28
v -12.215 8.545 0
v -12.215 7.761 0.28
v -12.215 7.761 0

f -12 -15 -14
f -14 -13 -12
f -10 -9 -8
f -8 -9 -7
f -8 -7 -6
f -6 -7 -5
f -6 -5 -4
f -4 -5 -3
f -4 -3 -2
f -2 -3 -1

o Default b4F20-G21
usemtl 0x8FBDB9
v -13.922 8.911 0.28
v -13.138 8.911 0.28
v -13.138 9.695 0.28
v -13.922 9.695 0.28
v -13.922 8.911 0.28
v -13.922 8.911 0.28
v -13.922 8.911 0
v -13.138 8.911 0.28
v -13.138 8.911 0
v -13.138 9.695 0.28
v -13.138 9.695 0
v -13.922 9.695 0.28
v -13.922 9.695 0
v -13.922 8.911 0.28
v -13.922 8.911 0

f -12 -15 -14
f -14 -13 -12
f -10 -9 -8
f -8 -9 -7
f -8 -7 -6
f -6 -7 -5
f -6 -5 -4
f -4 -5 -3
f -4 -3 -2
f -2 -3 -1

o Default b4F22
usemtl 0x8FBDB9
v -13.123 8.907 0.28
v -12.437 8.907 0.28
v -12.437 9.25 0.28
v -13.123 9.25 0.28
v -13.123 8.907 0.28
v -13.123 8.907 0.28
v -13.123 8.907 0
v -12.437 8.907 0.28
v -12.437 8.907 0
v -12.437 9.25 0.28
v -12.437 9.25 0
v -13.123 9.25 0.28
v -13.123 9.25 0
v -13.123 8.907 0.28
v -13.123 8.907 0

f -12 -15 -14
f -14 -13 -12
f -10 -9 -8
f -8 -9 -7
f -8 -7 -6
f -6 -7 -5
f -6 -5 -4
f -4 -5 -3
f -4 -3 -2
f -2 -3 -1

o Default b4G23
usemtl 0x8FBDB9
v -13.123 9.258 0.28
v -12.437 9.258 0.28
v -12.437 9.699 0.28
v -13.123 9.699 0.28
v -13.123 9.258 0.28
v -13.123 9.258 0.28
v -13.123 9.258 0
v -12.437 9.258 0.28
v -12.437 9.258 0
v -12.437 9.699 0.28
v -12.437 9.699 0
v -13.123 9.699 0.28
v -13.123 9.699 0
v -13.123 9.258 0.28
v -13.123 9.258 0

f -12 -15 -14
f -14 -13 -12
f -10 -9 -8
f -8 -9 -7
f -8 -7 -6
f -6 -7 -5
f -6 -5 -4
f -4 -5 -3
f -4 -3 -2
f -2 -3 -1

o Default b4F24
usemtl 0x8FBDB9
v -12.121 8.908 0.28
v -11.239 8.908 0.28
v -11.239 9.398 0.28
v -12.121 9.398 0.28
v -12.121 8.908 0.28
v -12.121 8.908 0.28
v -12.121 8.908 0
v -11.239 8.908 0.28
v -11.239 8.908 0
v -11.239 9.398 0.28
v -11.239 9.398 0
v -12.121 9.398 0.28
v -12.121 9.398 0
v -12.121 8.908 0.28
v -12.121 8.908 0

f -12 -15 -14
f -14 -13 -12
f -10 -9 -8
f -8 -9 -7
f -8 -7 -6
f -6 -7 -5
f -6 -5 -4
f -4 -5 -3
f -4 -3 -2
f -2 -3 -1

o Default b4G26
usemtl 0x8FBDB9
v -12.121 9.406 0.28
v -11.239 9.406 0.28
v -11.239 9.7 0.28
v -12.121 9.7 0.28
v -12.121 9.406 0.28
v -12.121 9.406 0.28
v -12.121 9.406 0
v -11.239 9.406 0.28
v -11.239 9.406 0
v -11.239 9.7 0.28
v -11.239 9.7 0
v -12.121 9.7 0.28
v -12.121 9.7 0
v -12.121 9.406 0.28
v -12.121 9.406 0

f -12 -15 -14
f -14 -13 -12
f -10 -9 -8
f -8 -9 -7
f -8 -7 -6
f -6 -7 -5
f -6 -5 -4
f -4 -5 -3
f -4 -3 -2
f -2 -3 -1

o Default b4F26-G27
usemtl 0x8FBDB9
v -11.225 8.911 0.28
v -10.735 8.911 0.28
v -10.735 9.695 0.28
v -11.225 9.695 0.28
v -11.225 8.911 0.28
v -11.225 8.911 0.28
v -11.225 8.911 0
v -10.735 8.911 0.28
v -10.735 8.911 0
v -10.735 9.695 0.28
v -10.735 9.695 0
v -11.225 9.695 0.28
v -11.225 9.695 0
v -11.225 8.911 0.28
v -11.225 8.911 0

f -12 -15 -14
f -14 -13 -12
f -10 -9 -8
f -8 -9 -7
f -8 -7 -6
f -6 -7 -5
f -6 -5 -4
f -4 -5 -3
f -4 -3 -2
f -2 -3 -1

o Default b4E30-F31
usemtl 0x8FBDB9
v -10.423 7.761 0.28
v -9.737 7.761 0.28
v -9.737 8.545 0.28
v -10.423 8.545 0.28
v -10.423 7.761 0.28
v -10.423 7.761 0.28
v -10.423 7.761 0
v -9.737 7.761 0.28
v -9.737 7.761 0
v -9.737 8.545 0.28
v -9.737 8.545 0
v -10.423 8.545 0.28
v -10.423 8.545 0
v -10.423 7.761 0.28
v -10.423 7.761 0

f -12 -15 -14
f -14 -13 -12
f -10 -9 -8
f -8 -9 -7
f -8 -7 -6
f -6 -7 -5
f -6 -5 -4
f -4 -5 -3
f -4 -3 -2
f -2 -3 -1

o Default b4E32
usemtl 0x8FBDB9
v -9.728 7.757 0.28
v -9.532 7.757 0.28
v -9.532 8.149 0.28
v -9.728 8.149 0.28
v -9.728 7.757 0.28
v -9.728 7.757 0.28
v -9.728 7.757 0
v -9.532 7.757 0.28
v -9.532 7.757 0
v -9.532 8.149 0.28
v -9.532 8.149 0
v -9.728 8.149 0.28
v -9.728 8.149 0
v -9.728 7.757 0.28
v -9.728 7.757 0

f -12 -15 -14
f -14 -13 -12
f -10 -9 -8
f -8 -9 -7
f -8 -7 -6
f -6 -7 -5
f -6 -5 -4
f -4 -5 -3
f -4 -3 -2
f -2 -3 -1

o Default b4F31
usemtl 0x8FBDB9
v -9.728 8.157 0.28
v -9.532 8.157 0.28
v -9.532 8.549 0.28
v -9.728 8.549 0.28
v -9.728 8.157 0.28
v -9.728 8.157 0.28
v -9.728 8.157 0
v -9.532 8.157 0.28
v -9.532 8.157 0
v -9.532 8.549 0.28
v -9.532 8.549 0
v -9.728 8.549 0.28
v -9.728 8.549 0
v -9.728 8.157 0.28
v -9.728 8.157 0

f -12 -15 -14
f -14 -13 -12
f -10 -9 -8
f -8 -9 -7
f -8 -7 -6
f -6 -7 -5
f -6 -5 -4
f -4 -5 -3
f -4 -3 -2
f -2 -3 -1

o Default b4G35
usemtl 0x8FBDB9
v -10.421 8.911 0.28
v -9.539 8.911 0.28
v -9.539 9.695 0.28
v -10.421 9.695 0.28
v -10.421 8.911 0.28
v -10.421 8.911 0.28
v -10.421 8.911 0
v -9.539 8.911 0.28
v -9.539 8.911 0
v -9.539 9.695 0.28
v -9.539 9.695 0
v -10.421 9.695 0.28
v -10.421 9.695 0
v -10.421 8.911 0.28
v -10.421 8.911 0

f -12 -15 -14
f -14 -13 -12
f -10 -9 -8
f -8 -9 -7
f -8 -7 -6
f -6 -7 -5
f -6 -5 -4
f -4 -5 -3
f -4 -3 -2
f -2 -3 -1

o Default b4E40
usemtl 0x8FBDB9
v -9.224 7.757 0.28
v -8.685 7.757 0.28
v -8.685 8.149 0.28
v -9.224 8.149 0.28
v -9.224 7.757 0.28
v -9.224 7.757 0.28
v -9.224 7.757 0
v -8.685 7.757 0.28
v -8.685 7.757 0
v -8.685 8.149 0.28
v -8.685 8.149 0
v -9.224 8.149 0.28
v -9.224 8.149 0
v -9.224 7.757 0.28
v -9.224 7.757 0

f -12 -15 -14
f -14 -13 -12
f -10 -9 -8
f -8 -9 -7
f -8 -7 -6
f -6 -7 -5
f -6 -5 -4
f -4 -5 -3
f -4 -3 -2
f -2 -3 -1

o Default b4F41
usemtl 0x8FBDB9
v -9.224 8.157 0.28
v -8.685 8.157 0.28
v -8.685 8.549 0.28
v -9.224 8.549 0.28
v -9.224 8.157 0.28
v -9.224 8.157 0.28
v -9.224 8.157 0
v -8.685 8.157 0.28
v -8.685 8.157 0
v -8.685 8.549 0.28
v -8.685 8.549 0
v -9.224 8.549 0.28
v -9.224 8.549 0
v -9.224 8.157 0.28
v -9.224 8.157 0

f -12 -15 -14
f -14 -13 -12
f -10 -9 -8
f -8 -9 -7
f -8 -7 -6
f -6 -7 -5
f -6 -5 -4
f -4 -5 -3
f -4 -3 -2
f -2 -3 -1

o Default b4E44
usemtl 0x8FBDB9
v -8.672 7.758 0.28
v -7.937 7.758 0.28
v -7.937 8.248 0.28
v -8.672 8.248 0.28
v -8.672 7.758 0.28
v -8.672 7.758 0.28
v -8.672 7.758 0
v -7.937 7.758 0.28
v -7.937 7.758 0
v -7.937 8.248 0.28
v -7.937 8.248 0
v -8.672 8.248 0.28
v -8.672 8.248 0
v -8.672 7.758 0.28
v -8.672 7.758 0

f -12 -15 -14
f -14 -13 -12
f -10 -9 -8
f -8 -9 -7
f -8 -7 -6
f -6 -7 -5
f -6 -5 -4
f -4 -5 -3
f -4 -3 -2
f -2 -3 -1

o Default b4F45
usemtl 0x8FBDB9
v -8.672 8.256 0.28
v -7.937 8.256 0.28
v -7.937 8.55 0.28
v -8.672 8.55 0.28
v -8.672 8.256 0.28
v -8.672 8.256 0.28
v -8.672 8.256 0
v -7.937 8.256 0.28
v -7.937 8.256 0
v -7.937 8.55 0.28
v -7.937 8.55 0
v -8.672 8.55 0.28
v -8.672 8.55 0
v -8.672 8.256 0.28
v -8.672 8.256 0

f -12 -15 -14
f -14 -13 -12
f -10 -9 -8
f -8 -9 -7
f -8 -7 -6
f -6 -7 -5
f -6 -5 -4
f -4 -5 -3
f -4 -3 -2
f -2 -3 -1

o Default b4F40
usemtl 0x8FBDB9
v -9.221 8.907 0.28
v -8.339 8.907 0.28
v -8.339 9.299 0.28
v -9.221 9.299 0.28
v -9.221 8.907 0.28
v -9.221 8.907 0.28
v -9.221 8.907 0
v -8.339 8.907 0.28
v -8.339 8.907 0
v -8.339 9.299 0.28
v -8.339 9.299 0
v -9.221 9.299 0.28
v -9.221 9.299 0
v -9.221 8.907 0.28
v -9.221 8.907 0

f -12 -15 -14
f -14 -13 -12
f -10 -9 -8
f -8 -9 -7
f -8 -7 -6
f -6 -7 -5
f -6 -5 -4
f -4 -5 -3
f -4 -3 -2
f -2 -3 -1

o Default b4F42
usemtl 0x8FBDB9
v -8.326 8.907 0.28
v -7.934 8.907 0.28
v -7.934 9.299 0.28
v -8.326 9.299 0.28
v -8.326 8.907 0.28
v -8.326 8.907 0.28
v -8.326 8.907 0
v -7.934 8.907 0.28
v -7.934 8.907 0
v -7.934 9.299 0.28
v -7.934 9.299 0
v -8.326 9.299 0.28
v -8.326 9.299 0
v -8.326 8.907 0.28
v -8.326 8.907 0

f -12 -15 -14
f -14 -13 -12
f -10 -9 -8
f -8 -9 -7
f -8 -7 -6
f -6 -7 -5
f -6 -5 -4
f -4 -5 -3
f -4 -3 -2
f -2 -3 -1

o Default b4G45
usemtl 0x8FBDB9
v -9.217 9.307 0.28
v -7.943 9.307 0.28
v -7.943 9.699 0.28
v -9.217 9.699 0.28
v -9.217 9.307 0.28
v -9.217 9.307 0.28
v -9.217 9.307 0
v -7.943 9.307 0.28
v -7.943 9.307 0
v -7.943 9.699 0.28
v -7.943 9.699 0
v -9.217 9.699 0.28
v -9.217 9.699 0
v -9.217 9.307 0.28
v -9.217 9.307 0

f -12 -15 -14
f -14 -13 -12
f -10 -9 -8
f -8 -9 -7
f -8 -7 -6
f -6 -7 -5
f -6 -5 -4
f -4 -5 -3
f -4 -3 -2
f -2 -3 -1

o Default b4E50
usemtl 0x8FBDB9
v -7.623 7.756 0.28
v -6.937 7.756 0.28
v -6.937 8.099 0.28
v -7.623 8.099 0.28
v -7.623 7.756 0.28
v -7.623 7.756 0.28
v -7.623 7.756 0
v -6.937 7.756 0.28
v -6.937 7.756 0
v -6.937 8.099 0.28
v -6.937 8.099 0
v -7.623 8.099 0.28
v -7.623 8.099 0
v -7.623 7.756 0.28
v -7.623 7.756 0

f -12 -15 -14
f -14 -13 -12
f -10 -9 -8
f -8 -9 -7
f -8 -7 -6
f -6 -7 -5
f -6 -5 -4
f -4 -5 -3
f -4 -3 -2
f -2 -3 -1

o Default b4E52
usemtl 0x8FBDB9
v -6.925 7.756 0.28
v -6.435 7.756 0.28
v -6.435 8.099 0.28
v -6.925 8.099 0.28
v -6.925 7.756 0.28
v -6.925 7.756 0.28
v -6.925 7.756 0
v -6.435 7.756 0.28
v -6.435 7.756 0
v -6.435 8.099 0.28
v -6.435 8.099 0
v -6.925 8.099 0.28
v -6.925 8.099 0
v -6.925 7.756 0.28
v -6.925 7.756 0

f -12 -15 -14
f -14 -13 -12
f -10 -9 -8
f -8 -9 -7
f -8 -7 -6
f -6 -7 -5
f -6 -5 -4
f -4 -5 -3
f -4 -3 -2
f -2 -3 -1

o Default b4F51
usemtl 0x8FBDB9
v -7.626 8.107 0.28
v -7.234 8.107 0.28
v -7.234 8.548 0.28
v -7.626 8.548 0.28
v -7.626 8.107 0.28
v -7.626 8.107 0.28
v -7.626 8.107 0
v -7.234 8.107 0.28
v -7.234 8.107 0
v -7.234 8.548 0.28
v -7.234 8.548 0
v -7.626 8.548 0.28
v -7.626 8.548 0
v -7.626 8.107 0.28
v -7.626 8.107 0

f -12 -15 -14
f -14 -13 -12
f -10 -9 -8
f -8 -9 -7
f -8 -7 -6
f -6 -7 -5
f -6 -5 -4
f -4 -5 -3
f -4 -3 -2
f -2 -3 -1

o Default b4F55
usemtl 0x8FBDB9
v -7.222 8.107 0.28
v -6.438 8.107 0.28
v -6.438 8.549 0.28
v -7.222 8.549 0.28
v -7.222 8.107 0.28
v -7.222 8.107 0.28
v -7.222 8.107 0
v -6.438 8.107 0.28
v -6.438 8.107 0
v -6.438 8.549 0.28
v -6.438 8.549 0
v -7.222 8.549 0.28
v -7.222 8.549 0
v -7.222 8.107 0.28
v -7.222 8.107 0

f -12 -15 -14
f -14 -13 -12
f -10 -9 -8
f -8 -9 -7
f -8 -7 -6
f -6 -7 -5
f -6 -5 -4
f -4 -5 -3
f -4 -3 -2
f -2 -3 -1

o Default b4F50
usemtl 0x8FBDB9
v -7.623 8.909 0.28
v -6.986 8.909 0.28
v -6.986 9.448 0.28
v -7.623 9.448 0.28
v -7.623 8.909 0.28
v -7.623 8.909 0.28
v -7.623 8.909 0
v -6.986 8.909 0.28
v -6.986 8.909 0
v -6.986 9.448 0.28
v -6.986 9.448 0
v -7.623 9.448 0.28
v -7.623 9.448 0
v -7.623 8.909 0.28
v -7.623 8.909 0

f -12 -15 -14
f -14 -13 -12
f -10 -9 -8
f -8 -9 -7
f -8 -7 -6
f -6 -7 -5
f -6 -5 -4
f -4 -5 -3
f -4 -3 -2
f -2 -3 -1

o Default b4F54
usemtl 0x8FBDB9
v -6.974 8.909 0.28
v -6.435 8.909 0.28
v -6.435 9.448 0.28
v -6.974 9.448 0.28
v -6.974 8.909 0.28
v -6.974 8.909 0.28
v -6.974 8.909 0
v -6.435 8.909 0.28
v -6.435 8.909 0
v -6.435 9.448 0.28
v -6.435 9.448 0
v -6.974 9.448 0.28
v -6.974 9.448 0
v -6.974 8.909 0.28
v -6.974 8.909 0

f -12 -15 -14
f -14 -13 -12
f -10 -9 -8
f -8 -9 -7
f -8 -7 -6
f -6 -7 -5
f -6 -5 -4
f -4 -5 -3
f -4 -3 -2
f -2 -3 -1

o Default b4G51
usemtl 0x8FBDB9
v -7.618 9.456 0.28
v -6.442 9.456 0.28
v -6.442 9.701 0.28
v -7.618 9.701 0.28
v -7.618 9.456 0.28
v -7.618 9.456 0.28
v -7.618 9.456 0
v -6.442 9.456 0.28
v -6.442 9.456 0
v -6.442 9.701 0.28
v -6.442 9.701 0
v -7.618 9.701 0.28
v -7.618 9.701 0
v -7.618 9.456 0.28
v -7.618 9.456 0

f -12 -15 -14
f -14 -13 -12
f -10 -9 -8
f -8 -9 -7
f -8 -7 -6
f -6 -7 -5
f -6 -5 -4
f -4 -5 -3
f -4 -3 -2
f -2 -3 -1

o Default b4E60
usemtl 0x8FBDB9
v -6.117 7.757 0.28
v -4.843 7.757 0.28
v -4.843 8.149 0.28
v -6.117 8.149 0.28
v -6.117 7.757 0.28
v -6.117 7.757 0.28
v -6.117 7.757 0
v -4.843 7.757 0.28
v -4.843 7.757 0
v -4.843 8.149 0.28
v -4.843 8.149 0
v -6.117 8.149 0.28
v -6.117 8.149 0
v -6.117 7.757 0.28
v -6.117 7.757 0

f -12 -15 -14
f -14 -13 -12
f -10 -9 -8
f -8 -9 -7
f -8 -7 -6
f -6 -7 -5
f -6 -5 -4
f -4 -5 -3
f -4 -3 -2
f -2 -3 -1

o Default b4F61
usemtl 0x8FBDB9
v -6.125 8.157 0.28
v -5.635 8.157 0.28
v -5.635 8.549 0.28
v -6.125 8.549 0.28
v -6.125 8.157 0.28
v -6.125 8.157 0.28
v -6.125 8.157 0
v -5.635 8.157 0.28
v -5.635 8.157 0
v -5.635 8.549 0.28
v -5.635 8.549 0
v -6.125 8.549 0.28
v -6.125 8.549 0
v -6.125 8.157 0.28
v -6.125 8.157 0

f -12 -15 -14
f -14 -13 -12
f -10 -9 -8
f -8 -9 -7
f -8 -7 -6
f -6 -7 -5
f -6 -5 -4
f -4 -5 -3
f -4 -3 -2
f -2 -3 -1

o Default b4F63
usemtl 0x8FBDB9
v -5.622 8.157 0.28
v -4.838 8.157 0.28
v -4.838 8.549 0.28
v -5.622 8.549 0.28
v -5.622 8.157 0.28
v -5.622 8.157 0.28
v -5.622 8.157 0
v -4.838 8.157 0.28
v -4.838 8.157 0
v -4.838 8.549 0.28
v -4.838 8.549 0
v -5.622 8.549 0.28
v -5.622 8.549 0
v -5.622 8.157 0.28
v -5.622 8.157 0

f -12 -15 -14
f -14 -13 -12
f -10 -9 -8
f -8 -9 -7
f -8 -7 -6
f -6 -7 -5
f -6 -5 -4
f -4 -5 -3
f -4 -3 -2
f -2 -3 -1

o Default b4F60
usemtl 0x8FBDB9
v -6.123 8.908 0.28
v -5.437 8.908 0.28
v -5.437 9.398 0.28
v -6.123 9.398 0.28
v -6.123 8.908 0.28
v -6.123 8.908 0.28
v -6.123 8.908 0
v -5.437 8.908 0.28
v -5.437 8.908 0
v -5.437 9.398 0.28
v -5.437 9.398 0
v -6.123 9.398 0.28
v -6.123 9.398 0
v -6.123 8.908 0.28
v -6.123 8.908 0

f -12 -15 -14
f -14 -13 -12
f -10 -9 -8
f -8 -9 -7
f -8 -7 -6
f -6 -7 -5
f -6 -5 -4
f -4 -5 -3
f -4 -3 -2
f -2 -3 -1

o Default b4F64
usemtl 0x8FBDB9
v -5.424 8.908 0.28
v -4.836 8.908 0.28
v -4.836 9.398 0.28
v -5.424 9.398 0.28
v -5.424 8.908 0.28
v -5.424 8.908 0.28
v -5.424 8.908 0
v -4.836 8.908 0.28
v -4.836 8.908 0
v -4.836 9.398 0.28
v -4.836 9.398 0
v -5.424 9.398 0.28
v -5.424 9.398 0
v -5.424 8.908 0.28
v -5.424 8.908 0

f -12 -15 -14
f -14 -13 -12
f -10 -9 -8
f -8 -9 -7
f -8 -7 -6
f -6 -7 -5
f -6 -5 -4
f -4 -5 -3
f -4 -3 -2
f -2 -3 -1

o Default b4G61
usemtl 0x8FBDB9
v -6.121 9.406 0.28
v -5.239 9.406 0.28
v -5.239 9.7 0.28
v -6.121 9.7 0.28
v -6.121 9.406 0.28
v -6.121 9.406 0.28
v -6.121 9.406 0
v -5.239 9.406 0.28
v -5.239 9.406 0
v -5.239 9.7 0.28
v -5.239 9.7 0
v -6.121 9.7 0.28
v -6.121 9.7 0
v -6.121 9.406 0.28
v -6.121 9.406 0

f -12 -15 -14
f -14 -13 -12
f -10 -9 -8
f -8 -9 -7
f -8 -7 -6
f -6 -7 -5
f -6 -5 -4
f -4 -5 -3
f -4 -3 -2
f -2 -3 -1

o Default b4G63
usemtl 0x8FBDB9
v -5.226 9.406 0.28
v -4.834 9.406 0.28
v -4.834 9.7 0.28
v -5.226 9.7 0.28
v -5.226 9.406 0.28
v -5.226 9.406 0.28
v -5.226 9.406 0
v -4.834 9.406 0.28
v -4.834 9.406 0
v -4.834 9.7 0.28
v -4.834 9.7 0
v -5.226 9.7 0.28
v -5.226 9.7 0
v -5.226 9.406 0.28
v -5.226 9.406 0

f -12 -15 -14
f -14 -13 -12
f -10 -9 -8
f -8 -9 -7
f -8 -7 -6
f -6 -7 -5
f -6 -5 -4
f -4 -5 -3
f -4 -3 -2
f -2 -3 -1

o Default b4E70
usemtl 0x8FBDB9
v -4.528 7.755 0.28
v -4.332 7.755 0.28
v -4.332 7.951 0.28
v -4.528 7.951 0.28
v -4.528 7.755 0.28
v -4.528 7.755 0.28
v -4.528 7.755 0
v -4.332 7.755 0.28
v -4.332 7.755 0
v -4.332 7.951 0.28
v -4.332 7.951 0
v -4.528 7.951 0.28
v -4.528 7.951 0
v -4.528 7.755 0.28
v -4.528 7.755 0

f -12 -15 -14
f -14 -13 -12
f -10 -9 -8
f -8 -9 -7
f -8 -7 -6
f -6 -7 -5
f -6 -5 -4
f -4 -5 -3
f -4 -3 -2
f -2 -3 -1

o Default b4E76
usemtl 0x8FBDB9
v -4.328 7.755 0.28
v -4.132 7.755 0.28
v -4.132 7.951 0.28
v -4.328 7.951 0.28
v -4.328 7.755 0.28
v -4.328 7.755 0.28
v -4.328 7.755 0
v -4.132 7.755 0.28
v -4.132 7.755 0
v -4.132 7.951 0.28
v -4.132 7.951 0
v -4.328 7.951 0.28
v -4.328 7.951 0
v -4.328 7.755 0.28
v -4.328 7.755 0

f -12 -15 -14
f -14 -13 -12
f -10 -9 -8
f -8 -9 -7
f -8 -7 -6
f -6 -7 -5
f -6 -5 -4
f -4 -5 -3
f -4 -3 -2
f -2 -3 -1

o Default b4E74
usemtl 0x8FBDB9
v -4.528 7.955 0.28
v -4.332 7.955 0.28
v -4.332 8.151 0.28
v -4.528 8.151 0.28
v -4.528 7.955 0.28
v -4.528 7.955 0.28
v -4.528 7.955 0
v -4.332 7.955 0.28
v -4.332 7.955 0
v -4.332 8.151 0.28
v -4.332 8.151 0
v -4.528 8.151 0.28
v -4.528 8.151 0
v -4.528 7.955 0.28
v -4.528 7.955 0

f -12 -15 -14
f -14 -13 -12
f -10 -9 -8
f -8 -9 -7
f -8 -7 -6
f -6 -7 -5
f -6 -5 -4
f -4 -5 -3
f -4 -3 -2
f -2 -3 -1

o Default b4E78
usemtl 0x8FBDB9
v -4.328 7.955 0.28
v -4.132 7.955 0.28
v -4.132 8.151 0.28
v -4.328 8.151 0.28
v -4.328 7.955 0.28
v -4.328 7.955 0.28
v -4.328 7.955 0
v -4.132 7.955 0.28
v -4.132 7.955 0
v -4.132 8.151 0.28
v -4.132 8.151 0
v -4.328 8.151 0.28
v -4.328 8.151 0
v -4.328 7.955 0.28
v -4.328 7.955 0

f -12 -15 -14
f -14 -13 -12
f -10 -9 -8
f -8 -9 -7
f -8 -7 -6
f -6 -7 -5
f -6 -5 -4
f -4 -5 -3
f -4 -3 -2
f -2 -3 -1

o Default b4F75
usemtl 0x8FBDB9
v -4.328 8.155 0.28
v -4.132 8.155 0.28
v -4.132 8.351 0.28
v -4.328 8.351 0.28
v -4.328 8.155 0.28
v -4.328 8.155 0.28
v -4.328 8.155 0
v -4.132 8.155 0.28
v -4.132 8.155 0
v -4.132 8.351 0.28
v -4.132 8.351 0
v -4.328 8.351 0.28
v -4.328 8.351 0
v -4.328 8.155 0.28
v -4.328 8.155 0

f -12 -15 -14
f -14 -13 -12
f -10 -9 -8
f -8 -9 -7
f -8 -7 -6
f -6 -7 -5
f -6 -5 -4
f -4 -5 -3
f -4 -3 -2
f -2 -3 -1

o Default b4F71
usemtl 0x8FBDB9
v -4.528 8.155 0.28
v -4.332 8.155 0.28
v -4.332 8.351 0.28
v -4.528 8.351 0.28
v -4.528 8.155 0.28
v -4.528 8.155 0.28
v -4.528 8.155 0
v -4.332 8.155 0.28
v -4.332 8.155 0
v -4.332 8.351 0.28
v -4.332 8.351 0
v -4.528 8.351 0.28
v -4.528 8.351 0
v -4.528 8.155 0.28
v -4.528 8.155 0

f -12 -15 -14
f -14 -13 -12
f -10 -9 -8
f -8 -9 -7
f -8 -7 -6
f -6 -7 -5
f -6 -5 -4
f -4 -5 -3
f -4 -3 -2
f -2 -3 -1

o Default b4F73
usemtl 0x8FBDB9
v -4.528 8.355 0.28
v -4.332 8.355 0.28
v -4.332 8.551 0.28
v -4.528 8.551 0.28
v -4.528 8.355 0.28
v -4.528 8.355 0.28
v -4.528 8.355 0
v -4.332 8.355 0.28
v -4.332 8.355 0
v -4.332 8.551 0.28
v -4.332 8.551 0
v -4.528 8.551 0.28
v -4.528 8.551 0
v -4.528 8.355 0.28
v -4.528 8.355 0

f -12 -15 -14
f -14 -13 -12
f -10 -9 -8
f -8 -9 -7
f -8 -7 -6
f -6 -7 -5
f -6 -5 -4
f -4 -5 -3
f -4 -3 -2
f -2 -3 -1

o Default b4F77
usemtl 0x8FBDB9
v -4.328 8.355 0.28
v -4.132 8.355 0.28
v -4.132 8.551 0.28
v -4.328 8.551 0.28
v -4.328 8.355 0.28
v -4.328 8.355 0.28
v -4.328 8.355 0
v -4.132 8.355 0.28
v -4.132 8.355 0
v -4.132 8.551 0.28
v -4.132 8.551 0
v -4.328 8.551 0.28
v -4.328 8.551 0
v -4.328 8.355 0.28
v -4.328 8.355 0

f -12 -15 -14
f -14 -13 -12
f -10 -9 -8
f -8 -9 -7
f -8 -7 -6
f -6 -7 -5
f -6 -5 -4
f -4 -5 -3
f -4 -3 -2
f -2 -3 -1

o Default b4F70
usemtl 0x8FBDB9
v -4.526 8.908 0.28
v -4.134 8.908 0.28
v -4.134 9.398 0.28
v -4.526 9.398 0.28
v -4.526 8.908 0.28
v -4.526 8.908 0.28
v -4.526 8.908 0
v -4.134 8.908 0.28
v -4.134 8.908 0
v -4.134 9.398 0.28
v -4.134 9.398 0
v -4.526 9.398 0.28
v -4.526 9.398 0
v -4.526 8.908 0.28
v -4.526 8.908 0

f -12 -15 -14
f -14 -13 -12
f -10 -9 -8
f -8 -9 -7
f -8 -7 -6
f -6 -7 -5
f -6 -5 -4
f -4 -5 -3
f -4 -3 -2
f -2 -3 -1

o Default b4F74-G75
usemtl 0x8FBDB9
v -4.128 8.911 0.28
v -3.932 8.911 0.28
v -3.932 9.695 0.28
v -4.128 9.695 0.28
v -4.128 8.911 0.28
v -4.128 8.911 0.28
v -4.128 8.911 0
v -3.932 8.911 0.28
v -3.932 8.911 0
v -3.932 9.695 0.28
v -3.932 9.695 0
v -4.128 9.695 0.28
v -4.128 9.695 0
v -4.128 8.911 0.28
v -4.128 8.911 0

f -12 -15 -14
f -14 -13 -12
f -10 -9 -8
f -8 -9 -7
f -8 -7 -6
f -6 -7 -5
f -6 -5 -4
f -4 -5 -3
f -4 -3 -2
f -2 -3 -1

o Default b4G71
usemtl 0x8FBDB9
v -4.526 9.406 0.28
v -4.134 9.406 0.28
v -4.134 9.7 0.28
v -4.526 9.7 0.28
v -4.526 9.406 0.28
v -4.526 9.406 0.28
v -4.526 9.406 0
v -4.134 9.406 0.28
v -4.134 9.406 0
v -4.134 9.7 0.28
v -4.134 9.7 0
v -4.526 9.7 0.28
v -4.526 9.7 0
v -4.526 9.406 0.28
v -4.526 9.406 0

f -12 -15 -14
f -14 -13 -12
f -10 -9 -8
f -8 -9 -7
f -8 -7 -6
f -6 -7 -5
f -6 -5 -4
f -4 -5 -3
f -4 -3 -2
f -2 -3 -1

o Default b4E80
usemtl 0x8FBDB9
v -3.828 7.755 0.28
v -3.632 7.755 0.28
v -3.632 7.951 0.28
v -3.828 7.951 0.28
v -3.828 7.755 0.28
v -3.828 7.755 0.28
v -3.828 7.755 0
v -3.632 7.755 0.28
v -3.632 7.755 0
v -3.632 7.951 0.28
v -3.632 7.951 0
v -3.828 7.951 0.28
v -3.828 7.951 0
v -3.828 7.755 0.28
v -3.828 7.755 0

f -12 -15 -14
f -14 -13 -12
f -10 -9 -8
f -8 -9 -7
f -8 -7 -6
f -6 -7 -5
f -6 -5 -4
f -4 -5 -3
f -4 -3 -2
f -2 -3 -1

o Default b4E84
usemtl 0x8FBDB9
v -3.628 7.757 0.28
v -3.432 7.757 0.28
v -3.432 8.149 0.28
v -3.628 8.149 0.28
v -3.628 7.757 0.28
v -3.628 7.757 0.28
v -3.628 7.757 0
v -3.432 7.757 0.28
v -3.432 7.757 0
v -3.432 8.149 0.28
v -3.432 8.149 0
v -3.628 8.149 0.28
v -3.628 8.149 0
v -3.628 7.757 0.28
v -3.628 7.757 0

f -12 -15 -14
f -14 -13 -12
f -10 -9 -8
f -8 -9 -7
f -8 -7 -6
f -6 -7 -5
f -6 -5 -4
f -4 -5 -3
f -4 -3 -2
f -2 -3 -1

o Default b4E82
usemtl 0x8FBDB9
v -3.828 7.955 0.28
v -3.632 7.955 0.28
v -3.632 8.151 0.28
v -3.828 8.151 0.28
v -3.828 7.955 0.28
v -3.828 7.955 0.28
v -3.828 7.955 0
v -3.632 7.955 0.28
v -3.632 7.955 0
v -3.632 8.151 0.28
v -3.632 8.151 0
v -3.828 8.151 0.28
v -3.828 8.151 0
v -3.828 7.955 0.28
v -3.828 7.955 0

f -12 -15 -14
f -14 -13 -12
f -10 -9 -8
f -8 -9 -7
f -8 -7 -6
f -6 -7 -5
f -6 -5 -4
f -4 -5 -3
f -4 -3 -2
f -2 -3 -1

o Default b4F83
usemtl 0x8FBDB9
v -3.828 8.157 0.28
v -3.632 8.157 0.28
v -3.632 8.549 0.28
v -3.828 8.549 0.28
v -3.828 8.157 0.28
v -3.828 8.157 0.28
v -3.828 8.157 0
v -3.632 8.157 0.28
v -3.632 8.157 0
v -3.632 8.549 0.28
v -3.632 8.549 0
v -3.828 8.549 0.28
v -3.828 8.549 0
v -3.828 8.157 0.28
v -3.828 8.157 0

f -12 -15 -14
f -14 -13 -12
f -10 -9 -8
f -8 -9 -7
f -8 -7 -6
f -6 -7 -5
f -6 -5 -4
f -4 -5 -3
f -4 -3 -2
f -2 -3 -1

o Default b4F85
usemtl 0x8FBDB9
v -3.628 8.157 0.28
v -3.432 8.157 0.28
v -3.432 8.549 0.28
v -3.628 8.549 0.28
v -3.628 8.157 0.28
v -3.628 8.157 0.28
v -3.628 8.157 0
v -3.432 8.157 0.28
v -3.432 8.157 0
v -3.432 8.549 0.28
v -3.432 8.549 0
v -3.628 8.549 0.28
v -3.628 8.549 0
v -3.628 8.157 0.28
v -3.628 8.157 0

f -12 -15 -14
f -14 -13 -12
f -10 -9 -8
f -8 -9 -7
f -8 -7 -6
f -6 -7 -5
f -6 -5 -4
f -4 -5 -3
f -4 -3 -2
f -2 -3 -1

o Default b4F76
usemtl 0x8FBDB9
v -3.624 8.907 0.28
v -3.036 8.907 0.28
v -3.036 9.299 0.28
v -3.624 9.299 0.28
v -3.624 8.907 0.28
v -3.624 8.907 0.28
v -3.624 8.907 0
v -3.036 8.907 0.28
v -3.036 8.907 0
v -3.036 9.299 0.28
v -3.036 9.299 0
v -3.624 9.299 0.28
v -3.624 9.299 0
v -3.624 8.907 0.28
v -3.624 8.907 0

f -12 -15 -14
f -14 -13 -12
f -10 -9 -8
f -8 -9 -7
f -8 -7 -6
f -6 -7 -5
f -6 -5 -4
f -4 -5 -3
f -4 -3 -2
f -2 -3 -1

o Default b4F78
usemtl 0x8FBDB9
v -3.028 8.907 0.28
v -2.832 8.907 0.28
v -2.832 9.299 0.28
v -3.028 9.299 0.28
v -3.028 8.907 0.28
v -3.028 8.907 0.28
v -3.028 8.907 0
v -2.832 8.907 0.28
v -2.832 8.907 0
v -2.832 9.299 0.28
v -2.832 9.299 0
v -3.028 9.299 0.28
v -3.028 9.299 0
v -3.028 8.907 0.28
v -3.028 8.907 0

f -12 -15 -14
f -14 -13 -12
f -10 -9 -8
f -8 -9 -7
f -8 -7 -6
f -6 -7 -5
f -6 -5 -4
f -4 -5 -3
f -4 -3 -2
f -2 -3 -1

o Default b4G77
usemtl 0x8FBDB9
v -3.622 9.307 0.28
v -2.838 9.307 0.28
v -2.838 9.699 0.28
v -3.622 9.699 0.28
v -3.622 9.307 0.28
v -3.622 9.307 0.28
v -3.622 9.307 0
v -2.838 9.307 0.28
v -2.838 9.307 0
v -2.838 9.699 0.28
v -2.838 9.699 0
v -3.622 9.699 0.28
v -3.622 9.699 0
v -3.622 9.307 0.28
v -3.622 9.307 0

f -12 -15 -14
f -14 -13 -12
f -10 -9 -8
f -8 -9 -7
f -8 -7 -6
f -6 -7 -5
f -6 -5 -4
f -4 -5 -3
f -4 -3 -2
f -2 -3 -1

o Default b4E86
usemtl 0x8FBDB9
v -3.128 7.756 0.28
v -2.932 7.756 0.28
v -2.932 8.05 0.28
v -3.128 8.05 0.28
v -3.128 7.756 0.28
v -3.128 7.756 0.28
v -3.128 7.756 0
v -2.932 7.756 0.28
v -2.932 7.756 0
v -2.932 8.05 0.28
v -2.932 8.05 0
v -3.128 8.05 0.28
v -3.128 8.05 0
v -3.128 7.756 0.28
v -3.128 7.756 0

f -12 -15 -14
f -14 -13 -12
f -10 -9 -8
f -8 -9 -7
f -8 -7 -6
f -6 -7 -5
f -6 -5 -4
f -4 -5 -3
f -4 -3 -2
f -2 -3 -1

o Default b4E88
usemtl 0x8FBDB9
v -2.928 7.758 0.28
v -2.732 7.758 0.28
v -2.732 8.248 0.28
v -2.928 8.248 0.28
v -2.928 7.758 0.28
v -2.928 7.758 0.28
v -2.928 7.758 0
v -2.732 7.758 0.28
v -2.732 7.758 0
v -2.732 8.248 0.28
v -2.732 8.248 0
v -2.928 8.248 0.28
v -2.928 8.248 0
v -2.928 7.758 0.28
v -2.928 7.758 0

f -12 -15 -14
f -14 -13 -12
f -10 -9 -8
f -8 -9 -7
f -8 -7 -6
f -6 -7 -5
f -6 -5 -4
f -4 -5 -3
f -4 -3 -2
f -2 -3 -1

o Default b4F87
usemtl 0x8FBDB9
v -3.128 8.056 0.28
v -2.932 8.056 0.28
v -2.932 8.35 0.28
v -3.128 8.35 0.28
v -3.128 8.056 0.28
v -3.128 8.056 0.28
v -3.128 8.056 0
v -2.932 8.056 0.28
v -2.932 8.056 0
v -2.932 8.35 0.28
v -2.932 8.35 0
v -3.128 8.35 0.28
v -3.128 8.35 0
v -3.128 8.056 0.28
v -3.128 8.056 0

f -12 -15 -14
f -14 -13 -12
f -10 -9 -8
f -8 -9 -7
f -8 -7 -6
f -6 -7 -5
f -6 -5 -4
f -4 -5 -3
f -4 -3 -2
f -2 -3 -1

o Default b4F89
usemtl 0x8FBDB9
v -3.125 8.354 0.28
v -3.125 8.55 0.28
v -2.733 8.55 0.28
v -2.733 8.256 0.28
v -2.929 8.256 0.28
v -2.929 8.354 0.28
v -3.125 8.354 0.28
v -3.125 8.354 0.28
v -3.125 8.354 0
v -3.125 8.55 0.28
v -3.125 8.55 0
v -2.733 8.55 0.28
v -2.733 8.55 0
v -2.733 8.256 0.28
v -2.733 8.256 0
v -2.929 8.256 0.28
v -2.929 8.256 0
v -2.929 8.354 0.28
v -2.929 8.354 0
v -3.125 8.354 0.28
v -3.125 8.354 0

f -20 -15 -16
f -16 -17 -18
f -18 -19 -20
f -20 -16 -18
f -14 -13 -12
f -12 -13 -11
f -12 -11 -10
f -10 -11 -9
f -10 -9 -8
f -8 -9 -7
f -8 -7 -6
f -6 -7 -5
f -6 -5 -4
f -4 -5 -3
f -4 -3 -2
f -2 -3 -1

o Default b4F80
usemtl 0x8FBDB9
v -2.424 8.908 0.28
v -1.836 8.908 0.28
v -1.836 9.398 0.28
v -2.424 9.398 0.28
v -2.424 8.908 0.28
v -2.424 8.908 0.28
v -2.424 8.908 0
v -1.836 8.908 0.28
v -1.836 8.908 0
v -1.836 9.398 0.28
v -1.836 9.398 0
v -2.424 9.398 0.28
v -2.424 9.398 0
v -2.424 8.908 0.28
v -2.424 8.908 0

f -12 -15 -14
f -14 -13 -12
f -10 -9 -8
f -8 -9 -7
f -8 -7 -6
f -6 -7 -5
f -6 -5 -4
f -4 -5 -3
f -4 -3 -2
f -2 -3 -1

o Default b4G81
usemtl 0x8FBDB9
v -2.422 9.406 0.28
v -1.638 9.406 0.28
v -1.638 9.7 0.28
v -2.422 9.7 0.28
v -2.422 9.406 0.28
v -2.422 9.406 0.28
v -2.422 9.406 0
v -1.638 9.406 0.28
v -1.638 9.406 0
v -1.638 9.7 0.28
v -1.638 9.7 0
v -2.422 9.7 0.28
v -2.422 9.7 0
v -2.422 9.406 0.28
v -2.422 9.406 0

f -12 -15 -14
f -14 -13 -12
f -10 -9 -8
f -8 -9 -7
f -8 -7 -6
f -6 -7 -5
f -6 -5 -4
f -4 -5 -3
f -4 -3 -2
f -2 -3 -1

o Default b4G85
usemtl 0x8FBDB9
v -1.622 9.307 0.28
v -0.838 9.307 0.28
v -0.838 9.699 0.28
v -1.622 9.699 0.28
v -1.622 9.307 0.28
v -1.622 9.307 0.28
v -1.622 9.307 0
v -0.838 9.307 0.28
v -0.838 9.307 0
v -0.838 9.699 0.28
v -0.838 9.699 0
v -1.622 9.699 0.28
v -1.622 9.699 0
v -1.622 9.307 0.28
v -1.622 9.307 0

f -12 -15 -14
f -14 -13 -12
f -10 -9 -8
f -8 -9 -7
f -8 -7 -6
f -6 -7 -5
f -6 -5 -4
f -4 -5 -3
f -4 -3 -2
f -2 -3 -1

o Default b4F82
usemtl 0x8FBDB9
v -1.82 8.907 0.28
v -0.84 8.907 0.28
v -0.84 9.299 0.28
v -1.624 9.299 0.28
v -1.624 9.397 0.28
v -1.82 9.397 0.28
v -1.82 8.907 0.28
v -1.82 8.907 0.28
v -1.82 8.907 0
v -0.84 8.907 0.28
v -0.84 8.907 0
v -0.84 9.299 0.28
v -0.84 9.299 0
v -1.624 9.299 0.28
v -1.624 9.299 0
v -1.624 9.397 0.28
v -1.624 9.397 0
v -1.82 9.397 0.28
v -1.82 9.397 0
v -1.82 8.907 0.28
v -1.82 8.907 0

f -16 -21 -20
f -20 -19 -18
f -18 -17 -16
f -16 -20 -18
f -14 -13 -12
f -12 -13 -11
f -12 -11 -10
f -10 -11 -9
f -10 -9 -8
f -8 -9 -7
f -8 -7 -6
f -6 -7 -5
f -6 -5 -4
f -4 -5 -3
f -4 -3 -2
f -2 -3 -1

o Default b4G84-H85
usemtl 0x8FBDB9
v -2.414 10.01 0.28
v -0.846 10.01 0.28
v -0.846 10.696 0.28
v -2.414 10.696 0.28
v -2.414 10.01 0.28
v -2.414 10.01 0.28
v -2.414 10.01 0
v -0.846 10.01 0.28
v -0.846 10.01 0
v -0.846 10.696 0.28
v -0.846 10.696 0
v -2.414 10.696 0.28
v -2.414 10.696 0
v -2.414 10.01 0.28
v -2.414 10.01 0

f -12 -15 -14
f -14 -13 -12
f -10 -9 -8
f -8 -9 -7
f -8 -7 -6
f -6 -7 -5
f -6 -5 -4
f -4 -5 -3
f -4 -3 -2
f -2 -3 -1

o Default b4H86
usemtl 0x8FBDB9
v -1.119 11.107 0.28
v -0.041 11.107 0.28
v -0.041 11.45 0.28
v -1.119 11.45 0.28
v -1.119 11.107 0.28
v -1.119 11.107 0.28
v -1.119 11.107 0
v -0.041 11.107 0.28
v -0.041 11.107 0
v -0.041 11.45 0.28
v -0.041 11.45 0
v -1.119 11.45 0.28
v -1.119 11.45 0
v -1.119 11.107 0.28
v -1.119 11.107 0

f -12 -15 -14
f -14 -13 -12
f -10 -9 -8
f -8 -9 -7
f -8 -7 -6
f -6 -7 -5
f -6 -5 -4
f -4 -5 -3
f -4 -3 -2
f -2 -3 -1

o Default b4G90
usemtl 0x8FBDB9
v -0.427 9.709 0.28
v -0.133 9.709 0.28
v -0.133 10.297 0.28
v -0.427 10.297 0.28
v -0.427 9.709 0.28
v -0.427 9.709 0.28
v -0.427 9.709 0
v -0.133 9.709 0.28
v -0.133 9.709 0
v -0.133 10.297 0.28
v -0.133 10.297 0
v -0.427 10.297 0.28
v -0.427 10.297 0
v -0.427 9.709 0.28
v -0.427 9.709 0

f -12 -15 -14
f -14 -13 -12
f -10 -9 -8
f -8 -9 -7
f -8 -7 -6
f -6 -7 -5
f -6 -5 -4
f -4 -5 -3
f -4 -3 -2
f -2 -3 -1

o Default b4H80
usemtl 0x8FBDB9
v -1.773 11.106 0.28
v -1.136 11.106 0.28
v -1.136 11.449 0.28
v -1.332 11.449 0.28
v -1.332 11.351 0.28
v -1.773 11.351 0.28
v -1.773 11.106 0.28
v -1.773 11.106 0.28
v -1.773 11.106 0
v -1.136 11.106 0.28
v -1.136 11.106 0
v -1.136 11.449 0.28
v -1.136 11.449 0
v -1.332 11.449 0.28
v -1.332 11.449 0
v -1.332 11.351 0.28
v -1.332 11.351 0
v -1.773 11.351 0.28
v -1.773 11.351 0
v -1.773 11.106 0.28
v -1.773 11.106 0

f -16 -21 -20
f -20 -19 -18
f -17 -16 -20
f -20 -18 -17
f -14 -13 -12
f -12 -13 -11
f -12 -11 -10
f -10 -11 -9
f -10 -9 -8
f -8 -9 -7
f -8 -7 -6
f -6 -7 -5
f -6 -5 -4
f -4 -5 -3
f -4 -3 -2
f -2 -3 -1

o Default b4H70
usemtl 0x8FBDB9
v -3.77 11.106 0.28
v -2.594 11.106 0.28
v -2.594 11.253 0.28
v -2.888 11.253 0.28
v -2.888 11.351 0.28
v -3.035 11.351 0.28
v -3.035 11.449 0.28
v -3.77 11.449 0.28
v -3.77 11.106 0.28
v -3.77 11.106 0.28
v -3.77 11.106 0
v -2.594 11.106 0.28
v -2.594 11.106 0
v -2.594 11.253 0.28
v -2.594 11.253 0
v -2.888 11.253 0.28
v -2.888 11.253 0
v -2.888 11.351 0.28
v -2.888 11.351 0
v -3.035 11.351 0.28
v -3.035 11.351 0
v -3.035 11.449 0.28
v -3.035 11.449 0
v -3.77 11.449 0.28
v -3.77 11.449 0
v -3.77 11.106 0.28
v -3.77 11.106 0

f -20 -27 -26
f -26 -25 -24
f -24 -23 -22
f -22 -21 -20
f -20 -26 -24
f -24 -22 -20
f -18 -17 -16
f -16 -17 -15
f -16 -15 -14
f -14 -15 -13
f -14 -13 -12
f -12 -13 -11
f -12 -11 -10
f -10 -11 -9
f -10 -9 -8
f -8 -9 -7
f -8 -7 -6
f -6 -7 -5
f -6 -5 -4
f -4 -5 -3
f -4 -3 -2
f -2 -3 -1

o Default b4H60
usemtl 0x8FBDB9
v -4.176 11.107 0.28
v -3.784 11.107 0.28
v -3.784 11.45 0.28
v -4.176 11.45 0.28
v -4.176 11.107 0.28
v -4.176 11.107 0.28
v -4.176 11.107 0
v -3.784 11.107 0.28
v -3.784 11.107 0
v -3.784 11.45 0.28
v -3.784 11.45 0
v -4.176 11.45 0.28
v -4.176 11.45 0
v -4.176 11.107 0.28
v -4.176 11.107 0

f -12 -15 -14
f -14 -13 -12
f -10 -9 -8
f -8 -9 -7
f -8 -7 -6
f -6 -7 -5
f -6 -5 -4
f -4 -5 -3
f -4 -3 -2
f -2 -3 -1

o Default b4H56
usemtl 0x8FBDB9
v -5.121 11.106 0.28
v -4.19 11.106 0.28
v -4.19 11.4 0.28
v -4.288 11.4 0.28
v -4.288 11.351 0.28
v -4.582 11.351 0.28
v -4.582 11.449 0.28
v -5.121 11.449 0.28
v -5.121 11.106 0.28
v -5.121 11.106 0.28
v -5.121 11.106 0
v -4.19 11.106 0.28
v -4.19 11.106 0
v -4.19 11.4 0.28
v -4.19 11.4 0
v -4.288 11.4 0.28
v -4.288 11.4 0
v -4.288 11.351 0.28
v -4.288 11.351 0
v -4.582 11.351 0.28
v -4.582 11.351 0
v -4.582 11.449 0.28
v -4.582 11.449 0
v -5.121 11.449 0.28
v -5.121 11.449 0
v -5.121 11.106 0.28
v -5.121 11.106 0

f -20 -27 -26
f -26 -25 -24
f -22 -21 -20
f -26 -24 -23
f -22 -20 -26
f -26 -23 -22
f -18 -17 -16
f -16 -17 -15
f -16 -15 -14
f -14 -15 -13
f -14 -13 -12
f -12 -13 -11
f -12 -11 -10
f -10 -11 -9
f -10 -9 -8
f -8 -9 -7
f -8 -7 -6
f -6 -7 -5
f -6 -5 -4
f -4 -5 -3
f -4 -3 -2
f -2 -3 -1

o Default b4H50
usemtl 0x8FBDB9
v -6.318 11.106 0.28
v -5.142 11.106 0.28
v -5.142 11.449 0.28
v -5.828 11.449 0.28
v -5.828 11.351 0.28
v -6.024 11.351 0.28
v -6.024 11.449 0.28
v -6.318 11.449 0.28
v -6.318 11.106 0.28
v -6.318 11.106 0.28
v -6.318 11.106 0
v -5.142 11.106 0.28
v -5.142 11.106 0
v -5.142 11.449 0.28
v -5.142 11.449 0
v -5.828 11.449 0.28
v -5.828 11.449 0
v -5.828 11.351 0.28
v -5.828 11.351 0
v -6.024 11.351 0.28
v -6.024 11.351 0
v -6.024 11.449 0.28
v -6.024 11.449 0
v -6.318 11.449 0.28
v -6.318 11.449 0
v -6.318 11.106 0.28
v -6.318 11.106 0

f -27 -26 -25
f -25 -24 -23
f -22 -21 -20
f -27 -25 -23
f -22 -20 -27
f -27 -23 -22
f -18 -17 -16
f -16 -17 -15
f -16 -15 -14
f -14 -15 -13
f -14 -13 -12
f -12 -13 -11
f -12 -11 -10
f -10 -11 -9
f -10 -9 -8
f -8 -9 -7
f -8 -7 -6
f -6 -7 -5
f -6 -5 -4
f -4 -5 -3
f -4 -3 -2
f -2 -3 -1

o Default b4H40
usemtl 0x8FBDB9
v -9.248 11.106 0.28
v -6.357 11.106 0.28
v -6.357 11.449 0.28
v -7.337 11.449 0.28
v -7.337 11.351 0.28
v -7.533 11.351 0.28
v -7.533 11.449 0.28
v -8.807 11.449 0.28
v -8.807 11.253 0.28
v -9.248 11.253 0.28
v -9.248 11.106 0.28
v -9.248 11.106 0.28
v -9.248 11.106 0
v -6.357 11.106 0.28
v -6.357 11.106 0
v -6.357 11.449 0.28
v -6.357 11.449 0
v -7.337 11.449 0.28
v -7.337 11.449 0
v -7.337 11.351 0.28
v -7.337 11.351 0
v -7.533 11.351 0.28
v -7.533 11.351 0
v -7.533 11.449 0.28
v -7.533 11.449 0
v -8.807 11.449 0.28
v -8.807 11.449 0
v -8.807 11.253 0.28
v -8.807 11.253 0
v -9.248 11.253 0.28
v -9.248 11.253 0
v -9.248 11.106 0.28
v -9.248 11.106 0

f -24 -33 -32
f -32 -31 -30
f -28 -27 -26
f -25 -24 -32
f -32 -30 -29
f -28 -26 -25
f -25 -32 -29
f -29 -28 -25
f -22 -21 -20
f -20 -21 -19
f -20 -19 -18
f -18 -19 -17
f -18 -17 -16
f -16 -17 -15
f -16 -15 -14
f -14 -15 -13
f -14 -13 -12
f -12 -13 -11
f -12 -11 -10
f -10 -11 -9
f -10 -9 -8
f -8 -9 -7
f -8 -7 -6
f -6 -7 -5
f -6 -5 -4
f -4 -5 -3
f -4 -3 -2
f -2 -3 -1

o Default b4G70-H71
usemtl 0x8FBDB9
v -4.521 10.01 0.28
v -3.639 10.01 0.28
v -3.639 10.696 0.28
v -4.521 10.696 0.28
v -4.521 10.01 0.28
v -4.521 10.01 0.28
v -4.521 10.01 0
v -3.639 10.01 0.28
v -3.639 10.01 0
v -3.639 10.696 0.28
v -3.639 10.696 0
v -4.521 10.696 0.28
v -4.521 10.696 0
v -4.521 10.01 0.28
v -4.521 10.01 0

f -12 -15 -14
f -14 -13 -12
f -10 -9 -8
f -8 -9 -7
f -8 -7 -6
f -6 -7 -5
f -6 -5 -4
f -4 -5 -3
f -4 -3 -2
f -2 -3 -1

o Default b4G74
usemtl 0x8FBDB9
v -3.622 10.005 0.28
v -2.838 10.005 0.28
v -2.838 10.201 0.28
v -3.622 10.201 0.28
v -3.622 10.005 0.28
v -3.622 10.005 0.28
v -3.622 10.005 0
v -2.838 10.005 0.28
v -2.838 10.005 0
v -2.838 10.201 0.28
v -2.838 10.201 0
v -3.622 10.201 0.28
v -3.622 10.201 0
v -3.622 10.005 0.28
v -3.622 10.005 0

f -12 -15 -14
f -14 -13 -12
f -10 -9 -8
f -8 -9 -7
f -8 -7 -6
f -6 -7 -5
f -6 -5 -4
f -4 -5 -3
f -4 -3 -2
f -2 -3 -1

o Default b4H75
usemtl 0x8FBDB9
v -3.622 10.208 0.28
v -2.838 10.208 0.28
v -2.838 10.698 0.28
v -3.622 10.698 0.28
v -3.622 10.208 0.28
v -3.622 10.208 0.28
v -3.622 10.208 0
v -2.838 10.208 0.28
v -2.838 10.208 0
v -2.838 10.698 0.28
v -2.838 10.698 0
v -3.622 10.698 0.28
v -3.622 10.698 0
v -3.622 10.208 0.28
v -3.622 10.208 0

f -12 -15 -14
f -14 -13 -12
f -10 -9 -8
f -8 -9 -7
f -8 -7 -6
f -6 -7 -5
f -6 -5 -4
f -4 -5 -3
f -4 -3 -2
f -2 -3 -1

o Default b4G60-H61
usemtl 0x8FBDB9
v -6.117 10.01 0.28
v -4.843 10.01 0.28
v -4.843 10.696 0.28
v -6.117 10.696 0.28
v -6.117 10.01 0.28
v -6.117 10.01 0.28
v -6.117 10.01 0
v -4.843 10.01 0.28
v -4.843 10.01 0
v -4.843 10.696 0.28
v -4.843 10.696 0
v -6.117 10.696 0.28
v -6.117 10.696 0
v -6.117 10.01 0.28
v -6.117 10.01 0

f -12 -15 -14
f -14 -13 -12
f -10 -9 -8
f -8 -9 -7
f -8 -7 -6
f -6 -7 -5
f -6 -5 -4
f -4 -5 -3
f -4 -3 -2
f -2 -3 -1

o Default b4G50
usemtl 0x8FBDB9
v -7.624 10.005 0.28
v -7.036 10.005 0.28
v -7.036 10.201 0.28
v -7.624 10.201 0.28
v -7.624 10.005 0.28
v -7.624 10.005 0.28
v -7.624 10.005 0
v -7.036 10.005 0.28
v -7.036 10.005 0
v -7.036 10.201 0.28
v -7.036 10.201 0
v -7.624 10.201 0.28
v -7.624 10.201 0
v -7.624 10.005 0.28
v -7.624 10.005 0

f -12 -15 -14
f -14 -13 -12
f -10 -9 -8
f -8 -9 -7
f -8 -7 -6
f -6 -7 -5
f -6 -5 -4
f -4 -5 -3
f -4 -3 -2
f -2 -3 -1

o Default b4H52
usemtl 0x8FBDB9
v -7.024 10.005 0.28
v -6.436 10.005 0.28
v -6.436 10.201 0.28
v -7.024 10.201 0.28
v -7.024 10.005 0.28
v -7.024 10.005 0.28
v -7.024 10.005 0
v -6.436 10.005 0.28
v -6.436 10.005 0
v -6.436 10.201 0.28
v -6.436 10.201 0
v -7.024 10.201 0.28
v -7.024 10.201 0
v -7.024 10.005 0.28
v -7.024 10.005 0

f -12 -15 -14
f -14 -13 -12
f -10 -9 -8
f -8 -9 -7
f -8 -7 -6
f -6 -7 -5
f -6 -5 -4
f -4 -5 -3
f -4 -3 -2
f -2 -3 -1

o Default b4H51
usemtl 0x8FBDB9
v -7.618 10.208 0.28
v -6.442 10.208 0.28
v -6.442 10.698 0.28
v -7.618 10.698 0.28
v -7.618 10.208 0.28
v -7.618 10.208 0.28
v -7.618 10.208 0
v -6.442 10.208 0.28
v -6.442 10.208 0
v -6.442 10.698 0.28
v -6.442 10.698 0
v -7.618 10.698 0.28
v -7.618 10.698 0
v -7.618 10.208 0.28
v -7.618 10.208 0

f -12 -15 -14
f -14 -13 -12
f -10 -9 -8
f -8 -9 -7
f -8 -7 -6
f -6 -7 -5
f -6 -5 -4
f -4 -5 -3
f -4 -3 -2
f -2 -3 -1

o Default b4G40
usemtl 0x8FBDB9
v -9.224 10.005 0.28
v -8.636 10.005 0.28
v -8.636 10.201 0.28
v -9.224 10.201 0.28
v -9.224 10.005 0.28
v -9.224 10.005 0.28
v -9.224 10.005 0
v -8.636 10.005 0.28
v -8.636 10.005 0
v -8.636 10.201 0.28
v -8.636 10.201 0
v -9.224 10.201 0.28
v -9.224 10.201 0
v -9.224 10.005 0.28
v -9.224 10.005 0

f -12 -15 -14
f -14 -13 -12
f -10 -9 -8
f -8 -9 -7
f -8 -7 -6
f -6 -7 -5
f -6 -5 -4
f -4 -5 -3
f -4 -3 -2
f -2 -3 -1

o Default b4H41
usemtl 0x8FBDB9
v -9.224 10.208 0.28
v -8.636 10.208 0.28
v -8.636 10.698 0.28
v -9.224 10.698 0.28
v -9.224 10.208 0.28
v -9.224 10.208 0.28
v -9.224 10.208 0
v -8.636 10.208 0.28
v -8.636 10.208 0
v -8.636 10.698 0.28
v -8.636 10.698 0
v -9.224 10.698 0.28
v -9.224 10.698 0
v -9.224 10.208 0.28
v -9.224 10.208 0

f -12 -15 -14
f -14 -13 -12
f -10 -9 -8
f -8 -9 -7
f -8 -7 -6
f -6 -7 -5
f -6 -5 -4
f -4 -5 -3
f -4 -3 -2
f -2 -3 -1

o Default b4G44-H45
usemtl 0x8FBDB9
v -8.623 10.01 0.28
v -7.937 10.01 0.28
v -7.937 10.696 0.28
v -8.623 10.696 0.28
v -8.623 10.01 0.28
v -8.623 10.01 0.28
v -8.623 10.01 0
v -7.937 10.01 0.28
v -7.937 10.01 0
v -7.937 10.696 0.28
v -7.937 10.696 0
v -8.623 10.696 0.28
v -8.623 10.696 0
v -8.623 10.01 0.28
v -8.623 10.01 0

f -12 -15 -14
f -14 -13 -12
f -10 -9 -8
f -8 -9 -7
f -8 -7 -6
f -6 -7 -5
f -6 -5 -4
f -4 -5 -3
f -4 -3 -2
f -2 -3 -1

o Default b4G30-H31
usemtl 0x8FBDB9
v -10.425 10.01 0.28
v -9.935 10.01 0.28
v -9.935 10.696 0.28
v -10.425 10.696 0.28
v -10.425 10.01 0.28
v -10.425 10.01 0.28
v -10.425 10.01 0
v -9.935 10.01 0.28
v -9.935 10.01 0
v -9.935 10.696 0.28
v -9.935 10.696 0
v -10.425 10.696 0.28
v -10.425 10.696 0
v -10.425 10.01 0.28
v -10.425 10.01 0

f -12 -15 -14
f -14 -13 -12
f -10 -9 -8
f -8 -9 -7
f -8 -7 -6
f -6 -7 -5
f -6 -5 -4
f -4 -5 -3
f -4 -3 -2
f -2 -3 -1

o Default b4G34-H35
usemtl 0x8FBDB9
v -9.926 10.01 0.28
v -9.534 10.01 0.28
v -9.534 10.696 0.28
v -9.926 10.696 0.28
v -9.926 10.01 0.28
v -9.926 10.01 0.28
v -9.926 10.01 0
v -9.534 10.01 0.28
v -9.534 10.01 0
v -9.534 10.696 0.28
v -9.534 10.696 0
v -9.926 10.696 0.28
v -9.926 10.696 0
v -9.926 10.01 0.28
v -9.926 10.01 0

f -12 -15 -14
f -14 -13 -12
f -10 -9 -8
f -8 -9 -7
f -8 -7 -6
f -6 -7 -5
f -6 -5 -4
f -4 -5 -3
f -4 -3 -2
f -2 -3 -1

o Default b4G20-H21
usemtl 0x8FBDB9
v -13.914 10.01 0.28
v -12.346 10.01 0.28
v -12.346 10.696 0.28
v -13.914 10.696 0.28
v -13.914 10.01 0.28
v -13.914 10.01 0.28
v -13.914 10.01 0
v -12.346 10.01 0.28
v -12.346 10.01 0
v -12.346 10.696 0.28
v -12.346 10.696 0
v -13.914 10.696 0.28
v -13.914 10.696 0
v -13.914 10.01 0.28
v -13.914 10.01 0

f -12 -15 -14
f -14 -13 -12
f -10 -9 -8
f -8 -9 -7
f -8 -7 -6
f -6 -7 -5
f -6 -5 -4
f -4 -5 -3
f -4 -3 -2
f -2 -3 -1

o Default b4G24-H25
usemtl 0x8FBDB9
v -12.321 10.01 0.28
v -11.439 10.01 0.28
v -11.439 10.696 0.28
v -12.321 10.696 0.28
v -12.321 10.01 0.28
v -12.321 10.01 0.28
v -12.321 10.01 0
v -11.439 10.01 0.28
v -11.439 10.01 0
v -11.439 10.696 0.28
v -11.439 10.696 0
v -12.321 10.696 0.28
v -12.321 10.696 0
v -12.321 10.01 0.28
v -12.321 10.01 0

f -12 -15 -14
f -14 -13 -12
f -10 -9 -8
f -8 -9 -7
f -8 -7 -6
f -6 -7 -5
f -6 -5 -4
f -4 -5 -3
f -4 -3 -2
f -2 -3 -1

o Default b4G28
usemtl 0x8FBDB9
v -11.126 10.006 0.28
v -10.734 10.006 0.28
v -10.734 10.3 0.28
v -11.126 10.3 0.28
v -11.126 10.006 0.28
v -11.126 10.006 0.28
v -11.126 10.006 0
v -10.734 10.006 0.28
v -10.734 10.006 0
v -10.734 10.3 0.28
v -10.734 10.3 0
v -11.126 10.3 0.28
v -11.126 10.3 0
v -11.126 10.006 0.28
v -11.126 10.006 0

f -12 -15 -14
f -14 -13 -12
f -10 -9 -8
f -8 -9 -7
f -8 -7 -6
f -6 -7 -5
f -6 -5 -4
f -4 -5 -3
f -4 -3 -2
f -2 -3 -1

o Default b4H30
usemtl 0x8FBDB9
v -11.126 10.307 0.28
v -10.734 10.307 0.28
v -10.734 10.699 0.28
v -11.126 10.699 0.28
v -11.126 10.307 0.28
v -11.126 10.307 0.28
v -11.126 10.307 0
v -10.734 10.307 0.28
v -10.734 10.307 0
v -10.734 10.699 0.28
v -10.734 10.699 0
v -11.126 10.699 0.28
v -11.126 10.699 0
v -11.126 10.307 0.28
v -11.126 10.307 0

f -12 -15 -14
f -14 -13 -12
f -10 -9 -8
f -8 -9 -7
f -8 -7 -6
f -6 -7 -5
f -6 -5 -4
f -4 -5 -3
f -4 -3 -2
f -2 -3 -1

o Default b4G10-H11
usemtl 0x8FBDB9
v -17.11 10.01 0.28
v -15.15 10.01 0.28
v -15.15 10.696 0.28
v -17.11 10.696 0.28
v -17.11 10.01 0.28
v -17.11 10.01 0.28
v -17.11 10.01 0
v -15.15 10.01 0.28
v -15.15 10.01 0
v -15.15 10.696 0.28
v -15.15 10.696 0
v -17.11 10.696 0.28
v -17.11 10.696 0
v -17.11 10.01 0.28
v -17.11 10.01 0

f -12 -15 -14
f -14 -13 -12
f -10 -9 -8
f -8 -9 -7
f -8 -7 -6
f -6 -7 -5
f -6 -5 -4
f -4 -5 -3
f -4 -3 -2
f -2 -3 -1

o Default b4G14-H15
usemtl 0x8FBDB9
v -14.825 10.01 0.28
v -14.335 10.01 0.28
v -14.335 10.696 0.28
v -14.825 10.696 0.28
v -14.825 10.01 0.28
v -14.825 10.01 0.28
v -14.825 10.01 0
v -14.335 10.01 0.28
v -14.335 10.01 0
v -14.335 10.696 0.28
v -14.335 10.696 0
v -14.825 10.696 0.28
v -14.825 10.696 0
v -14.825 10.01 0.28
v -14.825 10.01 0

f -12 -15 -14
f -14 -13 -12
f -10 -9 -8
f -8 -9 -7
f -8 -7 -6
f -6 -7 -5
f -6 -5 -4
f -4 -5 -3
f -4 -3 -2
f -2 -3 -1

o Default b4H32
usemtl 0x8FBDB9
v -11.368 11.106 0.28
v -10.094 11.106 0.28
v -10.094 11.351 0.28
v -10.535 11.351 0.28
v -10.535 11.449 0.28
v -11.368 11.449 0.28
v -11.368 11.106 0.28
v -11.368 11.106 0.28
v -11.368 11.106 0
v -10.094 11.106 0.28
v -10.094 11.106 0
v -10.094 11.351 0.28
v -10.094 11.351 0
v -10.535 11.351 0.28
v -10.535 11.351 0
v -10.535 11.449 0.28
v -10.535 11.449 0
v -11.368 11.449 0.28
v -11.368 11.449 0
v -11.368 11.106 0.28
v -11.368 11.106 0

f -16 -21 -20
f -20 -19 -18
f -18 -17 -16
f -16 -20 -18
f -14 -13 -12
f -12 -13 -11
f -12 -11 -10
f -10 -11 -9
f -10 -9 -8
f -8 -9 -7
f -8 -7 -6
f -6 -7 -5
f -6 -5 -4
f -4 -5 -3
f -4 -3 -2
f -2 -3 -1

o Default b4H26
usemtl 0x8FBDB9
v -12.023 11.106 0.28
v -11.386 11.106 0.28
v -11.386 11.449 0.28
v -11.827 11.449 0.28
v -11.827 11.351 0.28
v -12.023 11.351 0.28
v -12.023 11.106 0.28
v -12.023 11.106 0.28
v -12.023 11.106 0
v -11.386 11.106 0.28
v -11.386 11.106 0
v -11.386 11.449 0.28
v -11.386 11.449 0
v -11.827 11.449 0.28
v -11.827 11.449 0
v -11.827 11.351 0.28
v -11.827 11.351 0
v -12.023 11.351 0.28
v -12.023 11.351 0
v -12.023 11.106 0.28
v -12.023 11.106 0

f -16 -21 -20
f -20 -19 -18
f -17 -16 -20
f -20 -18 -17
f -14 -13 -12
f -12 -13 -11
f -12 -11 -10
f -10 -11 -9
f -10 -9 -8
f -8 -9 -7
f -8 -7 -6
f -6 -7 -5
f -6 -5 -4
f -4 -5 -3
f -4 -3 -2
f -2 -3 -1

o Default b4H20
usemtl 0x8FBDB9
v -13.761 11.106 0.28
v -12.046 11.106 0.28
v -12.046 11.449 0.28
v -13.271 11.449 0.28
v -13.271 11.351 0.28
v -13.761 11.351 0.28
v -13.761 11.106 0.28
v -13.761 11.106 0.28
v -13.761 11.106 0
v -12.046 11.106 0.28
v -12.046 11.106 0
v -12.046 11.449 0.28
v -12.046 11.449 0
v -13.271 11.449 0.28
v -13.271 11.449 0
v -13.271 11.351 0.28
v -13.271 11.351 0
v -13.761 11.351 0.28
v -13.761 11.351 0
v -13.761 11.106 0.28
v -13.761 11.106 0

f -16 -21 -20
f -20 -19 -18
f -17 -16 -20
f -20 -18 -17
f -14 -13 -12
f -12 -13 -11
f -12 -11 -10
f -10 -11 -9
f -10 -9 -8
f -8 -9 -7
f -8 -7 -6
f -6 -7 -5
f -6 -5 -4
f -4 -5 -3
f -4 -3 -2
f -2 -3 -1

o Default b4H01
usemtl 0x8FBDB9
v -17.827 10.457 0.28
v -17.533 10.457 0.28
v -17.533 10.849 0.28
v -17.827 10.849 0.28
v -17.827 10.457 0.28
v -17.827 10.457 0.28
v -17.827 10.457 0
v -17.533 10.457 0.28
v -17.533 10.457 0
v -17.533 10.849 0.28
v -17.533 10.849 0
v -17.827 10.849 0.28
v -17.827 10.849 0
v -17.827 10.457 0.28
v -17.827 10.457 0

f -12 -15 -14
f -14 -13 -12
f -10 -9 -8
f -8 -9 -7
f -8 -7 -6
f -6 -7 -5
f -6 -5 -4
f -4 -5 -3
f -4 -3 -2
f -2 -3 -1

o Default b4H02
usemtl 0x8FBDB9
v -17.827 10.858 0.28
v -17.533 10.858 0.28
v -17.533 11.348 0.28
v -17.827 11.348 0.28
v -17.827 10.858 0.28
v -17.827 10.858 0.28
v -17.827 10.858 0
v -17.533 10.858 0.28
v -17.533 10.858 0
v -17.533 11.348 0.28
v -17.533 11.348 0
v -17.827 11.348 0.28
v -17.827 11.348 0
v -17.827 10.858 0.28
v -17.827 10.858 0

f -12 -15 -14
f -14 -13 -12
f -10 -9 -8
f -8 -9 -7
f -8 -7 -6
f -6 -7 -5
f -6 -5 -4
f -4 -5 -3
f -4 -3 -2
f -2 -3 -1

o Default b4H04
usemtl 0x8FBDB9
v -17.728 11.356 0.28
v -17.532 11.356 0.28
v -17.532 11.65 0.28
v -17.728 11.65 0.28
v -17.728 11.356 0.28
v -17.728 11.356 0.28
v -17.728 11.356 0
v -17.532 11.356 0.28
v -17.532 11.356 0
v -17.532 11.65 0.28
v -17.532 11.65 0
v -17.728 11.65 0.28
v -17.728 11.65 0
v -17.728 11.356 0.28
v -17.728 11.356 0

f -12 -15 -14
f -14 -13 -12
f -10 -9 -8
f -8 -9 -7
f -8 -7 -6
f -6 -7 -5
f -6 -5 -4
f -4 -5 -3
f -4 -3 -2
f -2 -3 -1

o Default b4J01
usemtl 0x8FBDB9
v -17.827 11.659 0.28
v -17.533 11.659 0.28
v -17.533 12.247 0.28
v -17.827 12.247 0.28
v -17.827 11.659 0.28
v -17.827 11.659 0.28
v -17.827 11.659 0
v -17.533 11.659 0.28
v -17.533 11.659 0
v -17.533 12.247 0.28
v -17.533 12.247 0
v -17.827 12.247 0.28
v -17.827 12.247 0
v -17.827 11.659 0.28
v -17.827 11.659 0

f -12 -15 -14
f -14 -13 -12
f -10 -9 -8
f -8 -9 -7
f -8 -7 -6
f -6 -7 -5
f -6 -5 -4
f -4 -5 -3
f -4 -3 -2
f -2 -3 -1

o Default b4J02
usemtl 0x8FBDB9
v -17.926 12.266 0.28
v -17.534 12.266 0.28
v -17.534 13.491 0.28
v -17.926 13.491 0.28
v -17.926 12.266 0.28
v -17.926 12.266 0.28
v -17.926 12.266 0
v -17.534 12.266 0.28
v -17.534 12.266 0
v -17.534 13.491 0.28
v -17.534 13.491 0
v -17.926 13.491 0.28
v -17.926 13.491 0
v -17.926 12.266 0.28
v -17.926 12.266 0

f -12 -15 -14
f -14 -13 -12
f -10 -9 -8
f -8 -9 -7
f -8 -7 -6
f -6 -7 -5
f -6 -5 -4
f -4 -5 -3
f -4 -3 -2
f -2 -3 -1

o Default b4K01
usemtl 0x8FBDB9
v -17.876 13.51 0.28
v -17.533 13.51 0.28
v -17.533 14.196 0.28
v -17.876 14.196 0.28
v -17.876 13.51 0.28
v -17.876 13.51 0.28
v -17.876 13.51 0
v -17.533 13.51 0.28
v -17.533 13.51 0
v -17.533 14.196 0.28
v -17.533 14.196 0
v -17.876 14.196 0.28
v -17.876 14.196 0
v -17.876 13.51 0.28
v -17.876 13.51 0

f -12 -15 -14
f -14 -13 -12
f -10 -9 -8
f -8 -9 -7
f -8 -7 -6
f -6 -7 -5
f -6 -5 -4
f -4 -5 -3
f -4 -3 -2
f -2 -3 -1

o Default b4H16
usemtl 0x8FBDB9
v -15.326 11.114 0.28
v -15.326 12.339 0.28
v -15.032 12.339 0.28
v -15.032 11.359 0.28
v -14.885 11.359 0.28
v -14.885 11.261 0.28
v -14.591 11.261 0.28
v -14.591 11.114 0.28
v -15.326 11.114 0.28
v -15.326 11.114 0.28
v -15.326 11.114 0
v -15.326 12.339 0.28
v -15.326 12.339 0
v -15.032 12.339 0.28
v -15.032 12.339 0
v -15.032 11.359 0.28
v -15.032 11.359 0
v -14.885 11.359 0.28
v -14.885 11.359 0
v -14.885 11.261 0.28
v -14.885 11.261 0
v -14.591 11.261 0.28
v -14.591 11.261 0
v -14.591 11.114 0.28
v -14.591 11.114 0
v -15.326 11.114 0.28
v -15.326 11.114 0

f -19 -20 -21
f -22 -23 -24
f -24 -25 -26
f -19 -21 -22
f -24 -26 -19
f -19 -22 -24
f -18 -17 -16
f -16 -17 -15
f -16 -15 -14
f -14 -15 -13
f -14 -13 -12
f -12 -13 -11
f -12 -11 -10
f -10 -11 -9
f -10 -9 -8
f -8 -9 -7
f -8 -7 -6
f -6 -7 -5
f -6 -5 -4
f -4 -5 -3
f -4 -3 -2
f -2 -3 -1

o Default b4J16
usemtl 0x8FBDB9
v -15.327 12.372 0.28
v -15.033 12.372 0.28
v -15.033 14.185 0.28
v -15.327 14.185 0.28
v -15.327 12.372 0.28
v -15.327 12.372 0.28
v -15.327 12.372 0
v -15.033 12.372 0.28
v -15.033 12.372 0
v -15.033 14.185 0.28
v -15.033 14.185 0
v -15.327 14.185 0.28
v -15.327 14.185 0
v -15.327 12.372 0.28
v -15.327 12.372 0

f -12 -15 -14
f -14 -13 -12
f -10 -9 -8
f -8 -9 -7
f -8 -7 -6
f -6 -7 -5
f -6 -5 -4
f -4 -5 -3
f -4 -3 -2
f -2 -3 -1

o Default b4H10-J11
usemtl 0x8FBDB9
v -17.116 11.117 0.28
v -15.744 11.117 0.28
v -15.744 12.489 0.28
v -17.116 12.489 0.28
v -17.116 11.117 0.28
v -17.116 11.117 0.28
v -17.116 11.117 0
v -15.744 11.117 0.28
v -15.744 11.117 0
v -15.744 12.489 0.28
v -15.744 12.489 0
v -17.116 12.489 0.28
v -17.116 12.489 0
v -17.116 11.117 0.28
v -17.116 11.117 0

f -12 -15 -14
f -14 -13 -12
f -10 -9 -8
f -8 -9 -7
f -8 -7 -6
f -6 -7 -5
f -6 -5 -4
f -4 -5 -3
f -4 -3 -2
f -2 -3 -1

o Default b4J10-K11
usemtl 0x8FBDB9
v -17.116 12.813 0.28
v -15.744 12.813 0.28
v -15.744 13.793 0.28
v -17.116 13.793 0.28
v -17.116 12.813 0.28
v -17.116 12.813 0.28
v -17.116 12.813 0
v -15.744 12.813 0.28
v -15.744 12.813 0
v -15.744 13.793 0.28
v -15.744 13.793 0
v -17.116 13.793 0.28
v -17.116 13.793 0
v -17.116 12.813 0.28
v -17.116 12.813 0

f -12 -15 -14
f -14 -13 -12
f -10 -9 -8
f -8 -9 -7
f -8 -7 -6
f -6 -7 -5
f -6 -5 -4
f -4 -5 -3
f -4 -3 -2
f -2 -3 -1

o Default b5A01
usemtl 0x8FBDB9
v -17.827 14.482 0.28
v -17.533 14.482 0.28
v -17.533 17.324 0.28
v -17.876 17.324 0.28
v -17.876 16.05 0.28
v -17.827 16.05 0.28
v -17.827 15.854 0.28
v -17.876 15.854 0.28
v -17.876 14.531 0.28
v -17.827 14.531 0.28
v -17.827 14.482 0.28
v -17.827 14.482 0.28
v -17.827 14.482 0
v -17.533 14.482 0.28
v -17.533 14.482 0
v -17.533 17.324 0.28
v -17.533 17.324 0
v -17.876 17.324 0.28
v -17.876 17.324 0
v -17.876 16.05 0.28
v -17.876 16.05 0
v -17.827 16.05 0.28
v -17.827 16.05 0
v -17.827 15.854 0.28
v -17.827 15.854 0
v -17.876 15.854 0.28
v -17.876 15.854 0
v -17.876 14.531 0.28
v -17.876 14.531 0
v -17.827 14.531 0.28
v -17.827 14.531 0
v -17.827 14.482 0.28
v -17.827 14.482 0

f -24 -33 -32
f -32 -31 -30
f -30 -29 -28
f -27 -26 -25
f -32 -30 -28
f -27 -25 -24
f -32 -28 -27
f -27 -24 -32
f -22 -21 -20
f -20 -21 -19
f -20 -19 -18
f -18 -19 -17
f -18 -17 -16
f -16 -17 -15
f -16 -15 -14
f -14 -15 -13
f -14 -13 -12
f -12 -13 -11
f -12 -11 -10
f -10 -11 -9
f -10 -9 -8
f -8 -9 -7
f -8 -7 -6
f -6 -7 -5
f -6 -5 -4
f -4 -5 -3
f -4 -3 -2
f -2 -3 -1

o Default b5A11
usemtl 0x8FBDB9
v -17.214 14.596 0.28
v -15.646 14.596 0.28
v -15.646 14.89 0.28
v -17.214 14.89 0.28
v -17.214 14.596 0.28
v -17.214 14.596 0.28
v -17.214 14.596 0
v -15.646 14.596 0.28
v -15.646 14.596 0
v -15.646 14.89 0.28
v -15.646 14.89 0
v -17.214 14.89 0.28
v -17.214 14.89 0
v -17.214 14.596 0.28
v -17.214 14.596 0

f -12 -15 -14
f -14 -13 -12
f -10 -9 -8
f -8 -9 -7
f -8 -7 -6
f -6 -7 -5
f -6 -5 -4
f -4 -5 -3
f -4 -3 -2
f -2 -3 -1

o Default b5A21
usemtl 0x8FBDB9
v -15.314 14.547 0.28
v -13.746 14.547 0.28
v -13.746 14.89 0.28
v -15.314 14.89 0.28
v -15.314 14.547 0.28
v -15.314 14.547 0.28
v -15.314 14.547 0
v -13.746 14.547 0.28
v -13.746 14.547 0
v -13.746 14.89 0.28
v -13.746 14.89 0
v -15.314 14.89 0.28
v -15.314 14.89 0
v -15.314 14.547 0.28
v -15.314 14.547 0

f -12 -15 -14
f -14 -13 -12
f -10 -9 -8
f -8 -9 -7
f -8 -7 -6
f -6 -7 -5
f -6 -5 -4
f -4 -5 -3
f -4 -3 -2
f -2 -3 -1

o Default b5A23
usemtl 0x8FBDB9
v -13.723 14.547 0.28
v -13.086 14.547 0.28
v -13.086 14.89 0.28
v -13.723 14.89 0.28
v -13.723 14.547 0.28
v -13.723 14.547 0.28
v -13.723 14.547 0
v -13.086 14.547 0.28
v -13.086 14.547 0
v -13.086 14.89 0.28
v -13.086 14.89 0
v -13.723 14.89 0.28
v -13.723 14.89 0
v -13.723 14.547 0.28
v -13.723 14.547 0

f -12 -15 -14
f -14 -13 -12
f -10 -9 -8
f -8 -9 -7
f -8 -7 -6
f -6 -7 -5
f -6 -5 -4
f -4 -5 -3
f -4 -3 -2
f -2 -3 -1

o Default b5A31
usemtl 0x8FBDB9
v -12.224 14.596 0.28
v -11.636 14.596 0.28
v -11.636 14.89 0.28
v -12.224 14.89 0.28
v -12.224 14.596 0.28
v -12.224 14.596 0.28
v -12.224 14.596 0
v -11.636 14.596 0.28
v -11.636 14.596 0
v -11.636 14.89 0.28
v -11.636 14.89 0
v -12.224 14.89 0.28
v -12.224 14.89 0
v -12.224 14.596 0.28
v -12.224 14.596 0

f -12 -15 -14
f -14 -13 -12
f -10 -9 -8
f -8 -9 -7
f -8 -7 -6
f -6 -7 -5
f -6 -5 -4
f -4 -5 -3
f -4 -3 -2
f -2 -3 -1

o Default b5A41
usemtl 0x8FBDB9
v -11.609 14.596 0.28
v -9.6 14.596 0.28
v -9.6 14.89 0.28
v -11.609 14.89 0.28
v -11.609 14.596 0.28
v -11.609 14.596 0.28
v -11.609 14.596 0
v -9.6 14.596 0.28
v -9.6 14.596 0
v -9.6 14.89 0.28
v -9.6 14.89 0
v -11.609 14.89 0.28
v -11.609 14.89 0
v -11.609 14.596 0.28
v -11.609 14.596 0

f -12 -15 -14
f -14 -13 -12
f -10 -9 -8
f -8 -9 -7
f -8 -7 -6
f -6 -7 -5
f -6 -5 -4
f -4 -5 -3
f -4 -3 -2
f -2 -3 -1

o Default b5A45
usemtl 0x8FBDB9
v -9.374 14.497 0.28
v -8.786 14.497 0.28
v -8.786 14.889 0.28
v -9.374 14.889 0.28
v -9.374 14.497 0.28
v -9.374 14.497 0.28
v -9.374 14.497 0
v -8.786 14.497 0.28
v -8.786 14.497 0
v -8.786 14.889 0.28
v -8.786 14.889 0
v -9.374 14.889 0.28
v -9.374 14.889 0
v -9.374 14.497 0.28
v -9.374 14.497 0

f -12 -15 -14
f -14 -13 -12
f -10 -9 -8
f -8 -9 -7
f -8 -7 -6
f -6 -7 -5
f -6 -5 -4
f -4 -5 -3
f -4 -3 -2
f -2 -3 -1

o Default b5A53
usemtl 0x8FBDB9
v -8.776 14.695 0.28
v -8.384 14.695 0.28
v -8.384 14.891 0.28
v -8.776 14.891 0.28
v -8.776 14.695 0.28
v -8.776 14.695 0.28
v -8.776 14.695 0
v -8.384 14.695 0.28
v -8.384 14.695 0
v -8.384 14.891 0.28
v -8.384 14.891 0
v -8.776 14.891 0.28
v -8.776 14.891 0
v -8.776 14.695 0.28
v -8.776 14.695 0

f -12 -15 -14
f -14 -13 -12
f -10 -9 -8
f -8 -9 -7
f -8 -7 -6
f -6 -7 -5
f -6 -5 -4
f -4 -5 -3
f -4 -3 -2
f -2 -3 -1

o Default b5A55
usemtl 0x8FBDB9
v -8.377 14.695 0.28
v -8.083 14.695 0.28
v -8.083 14.891 0.28
v -8.377 14.891 0.28
v -8.377 14.695 0.28
v -8.377 14.695 0.28
v -8.377 14.695 0
v -8.083 14.695 0.28
v -8.083 14.695 0
v -8.083 14.891 0.28
v -8.083 14.891 0
v -8.377 14.891 0.28
v -8.377 14.891 0
v -8.377 14.695 0.28
v -8.377 14.695 0

f -12 -15 -14
f -14 -13 -12
f -10 -9 -8
f -8 -9 -7
f -8 -7 -6
f -6 -7 -5
f -6 -5 -4
f -4 -5 -3
f -4 -3 -2
f -2 -3 -1

o Default b5A57
usemtl 0x8FBDB9
v -8.071 14.695 0.28
v -7.189 14.695 0.28
v -7.189 14.891 0.28
v -8.071 14.891 0.28
v -8.071 14.695 0.28
v -8.071 14.695 0.28
v -8.071 14.695 0
v -7.189 14.695 0.28
v -7.189 14.695 0
v -7.189 14.891 0.28
v -7.189 14.891 0
v -8.071 14.891 0.28
v -8.071 14.891 0
v -8.071 14.695 0.28
v -8.071 14.695 0

f -12 -15 -14
f -14 -13 -12
f -10 -9 -8
f -8 -9 -7
f -8 -7 -6
f -6 -7 -5
f -6 -5 -4
f -4 -5 -3
f -4 -3 -2
f -2 -3 -1

o Default b5A61
usemtl 0xFF9E4E
v -5.967 14.497 0.28
v -4.742 14.497 0.28
v -4.742 14.889 0.28
v -5.967 14.889 0.28
v -5.967 14.497 0.28
v -5.967 14.497 0.28
v -5.967 14.497 0
v -4.742 14.497 0.28
v -4.742 14.497 0
v -4.742 14.889 0.28
v -4.742 14.889 0
v -5.967 14.889 0.28
v -5.967 14.889 0
v -5.967 14.497 0.28
v -5.967 14.497 0

f -12 -15 -14
f -14 -13 -12
f -10 -9 -8
f -8 -9 -7
f -8 -7 -6
f -6 -7 -5
f -6 -5 -4
f -4 -5 -3
f -4 -3 -2
f -2 -3 -1

o Default b5A71
usemtl 0xFF9E4E
v -4.713 14.497 0.28
v -3.047 14.497 0.28
v -3.047 14.889 0.28
v -4.713 14.889 0.28
v -4.713 14.497 0.28
v -4.713 14.497 0.28
v -4.713 14.497 0
v -3.047 14.497 0.28
v -3.047 14.497 0
v -3.047 14.889 0.28
v -3.047 14.889 0
v -4.713 14.889 0.28
v -4.713 14.889 0
v -4.713 14.497 0.28
v -4.713 14.497 0

f -12 -15 -14
f -14 -13 -12
f -10 -9 -8
f -8 -9 -7
f -8 -7 -6
f -6 -7 -5
f -6 -5 -4
f -4 -5 -3
f -4 -3 -2
f -2 -3 -1

o Default b5A16
usemtl 0x8FBDB9
v -14.275 15.196 0.28
v -13.785 15.196 0.28
v -13.785 15.49 0.28
v -14.275 15.49 0.28
v -14.275 15.196 0.28
v -14.275 15.196 0.28
v -14.275 15.196 0
v -13.785 15.196 0.28
v -13.785 15.196 0
v -13.785 15.49 0.28
v -13.785 15.49 0
v -14.275 15.49 0.28
v -14.275 15.49 0
v -14.275 15.196 0.28
v -14.275 15.196 0

f -12 -15 -14
f -14 -13 -12
f -10 -9 -8
f -8 -9 -7
f -8 -7 -6
f -6 -7 -5
f -6 -5 -4
f -4 -5 -3
f -4 -3 -2
f -2 -3 -1

o Default b5A10-B11
usemtl 0x8FBDB9
v -17.204 15.788 0.28
v -17.204 15.592 0.28
v -16.812 15.2 0.28
v -16.028 15.2 0.28
v -15.636 15.592 0.28
v -15.636 15.788 0.28
v -17.204 15.788 0.28
v -17.204 15.592 0.28
v -17.204 15.788 0.28
v -17.204 15.788 0.28
v -17.204 15.788 0
v -17.204 15.592 0.28
v -17.204 15.592 0
v -16.812 15.2 0.28
v -16.812 15.2 0
v -16.028 15.2 0.28
v -16.028 15.2 0
v -15.636 15.592 0.28
v -15.636 15.592 0
v -15.636 15.788 0.28
v -15.636 15.788 0
v -17.204 15.788 0.28
v -17.204 15.788 0
v -17.204 15.592 0.28
v -17.204 15.592 0
v -17.204 15.788 0.28
v -17.204 15.788 0

f -25 -24 -23
f -25 -23 -22
f -25 -22 -27
f -27 -26 -25
f -18 -17 -16
f -16 -17 -15
f -16 -15 -14
f -14 -15 -13
f -14 -13 -12
f -12 -13 -11
f -12 -11 -10
f -10 -11 -9
f -10 -9 -8
f -8 -9 -7
f -8 -7 -6
f -6 -7 -5
f -6 -5 -4
f -4 -5 -3
f -4 -3 -2
f -2 -3 -1

o Default b5A14-B15
usemtl 0x8FBDB9
v -15.315 15.788 0.28
v -15.315 15.592 0.28
v -14.854 15.2 0.28
v -14.286 15.2 0.28
v -14.286 15.494 0.28
v -13.796 15.494 0.28
v -13.796 15.788 0.28
v -15.315 15.788 0.28
v -15.315 15.788 0.28
v -15.315 15.788 0.28
v -15.315 15.788 0
v -15.315 15.592 0.28
v -15.315 15.592 0
v -14.854 15.2 0.28
v -14.854 15.2 0
v -14.286 15.2 0.28
v -14.286 15.2 0
v -14.286 15.494 0.28
v -14.286 15.494 0
v -13.796 15.494 0.28
v -13.796 15.494 0
v -13.796 15.788 0.28
v -13.796 15.788 0
v -15.315 15.788 0.28
v -15.315 15.788 0
v -15.315 15.788 0.28
v -15.315 15.788 0

f -26 -25 -24
f -23 -22 -21
f -26 -24 -23
f -26 -23 -21
f -26 -21 -27
f -18 -17 -16
f -16 -17 -15
f -16 -15 -14
f -14 -15 -13
f -14 -13 -12
f -12 -13 -11
f -12 -11 -10
f -10 -11 -9
f -10 -9 -8
f -8 -9 -7
f -8 -7 -6
f -6 -7 -5
f -6 -5 -4
f -4 -5 -3
f -4 -3 -2
f -2 -3 -1

o Default b5A18-B19
usemtl 0x8FBDB9
v -13.524 15.199 0.28
v -12.936 15.199 0.28
v -12.936 15.787 0.28
v -13.524 15.787 0.28
v -13.524 15.199 0.28
v -13.524 15.199 0.28
v -13.524 15.199 0
v -12.936 15.199 0.28
v -12.936 15.199 0
v -12.936 15.787 0.28
v -12.936 15.787 0
v -13.524 15.787 0.28
v -13.524 15.787 0
v -13.524 15.199 0.28
v -13.524 15.199 0

f -12 -15 -14
f -14 -13 -12
f -10 -9 -8
f -8 -9 -7
f -8 -7 -6
f -6 -7 -5
f -6 -5 -4
f -4 -5 -3
f -4 -3 -2
f -2 -3 -1

o Default b5A20-B21
usemtl 0x8FBDB9
v -12.925 15.199 0.28
v -12.435 15.199 0.28
v -12.435 15.787 0.28
v -12.925 15.787 0.28
v -12.925 15.199 0.28
v -12.925 15.199 0.28
v -12.925 15.199 0
v -12.435 15.199 0.28
v -12.435 15.199 0
v -12.435 15.787 0.28
v -12.435 15.787 0
v -12.925 15.787 0.28
v -12.925 15.787 0
v -12.925 15.199 0.28
v -12.925 15.199 0

f -12 -15 -14
f -14 -13 -12
f -10 -9 -8
f -8 -9 -7
f -8 -7 -6
f -6 -7 -5
f -6 -5 -4
f -4 -5 -3
f -4 -3 -2
f -2 -3 -1

o Default b5A24
usemtl 0x8FBDB9
v -12.123 15.197 0.28
v -11.437 15.197 0.28
v -11.437 15.589 0.28
v -12.123 15.589 0.28
v -12.123 15.197 0.28
v -12.123 15.197 0.28
v -12.123 15.197 0
v -11.437 15.197 0.28
v -11.437 15.197 0
v -11.437 15.589 0.28
v -11.437 15.589 0
v -12.123 15.589 0.28
v -12.123 15.589 0
v -12.123 15.197 0.28
v -12.123 15.197 0

f -12 -15 -14
f -14 -13 -12
f -10 -9 -8
f -8 -9 -7
f -8 -7 -6
f -6 -7 -5
f -6 -5 -4
f -4 -5 -3
f -4 -3 -2
f -2 -3 -1

o Default b5B23
usemtl 0x8FBDB9
v -12.123 15.595 0.28
v -11.437 15.595 0.28
v -11.437 15.791 0.28
v -12.123 15.791 0.28
v -12.123 15.595 0.28
v -12.123 15.595 0.28
v -12.123 15.595 0
v -11.437 15.595 0.28
v -11.437 15.595 0
v -11.437 15.791 0.28
v -11.437 15.791 0
v -12.123 15.791 0.28
v -12.123 15.791 0
v -12.123 15.595 0.28
v -12.123 15.595 0

f -12 -15 -14
f -14 -13 -12
f -10 -9 -8
f -8 -9 -7
f -8 -7 -6
f -6 -7 -5
f -6 -5 -4
f -4 -5 -3
f -4 -3 -2
f -2 -3 -1

o Default b5B25
usemtl 0x8FBDB9
v -11.427 15.595 0.28
v -11.133 15.595 0.28
v -11.133 15.791 0.28
v -11.427 15.791 0.28
v -11.427 15.595 0.28
v -11.427 15.595 0.28
v -11.427 15.595 0
v -11.133 15.595 0.28
v -11.133 15.595 0
v -11.133 15.791 0.28
v -11.133 15.791 0
v -11.427 15.791 0.28
v -11.427 15.791 0
v -11.427 15.595 0.28
v -11.427 15.595 0

f -12 -15 -14
f -14 -13 -12
f -10 -9 -8
f -8 -9 -7
f -8 -7 -6
f -6 -7 -5
f -6 -5 -4
f -4 -5 -3
f -4 -3 -2
f -2 -3 -1

o Default b5A26
usemtl 0x8FBDB9
v -11.427 15.197 0.28
v -11.133 15.197 0.28
v -11.133 15.589 0.28
v -11.427 15.589 0.28
v -11.427 15.197 0.28
v -11.427 15.197 0.28
v -11.427 15.197 0
v -11.133 15.197 0.28
v -11.133 15.197 0
v -11.133 15.589 0.28
v -11.133 15.589 0
v -11.427 15.589 0.28
v -11.427 15.589 0
v -11.427 15.197 0.28
v -11.427 15.197 0

f -12 -15 -14
f -14 -13 -12
f -10 -9 -8
f -8 -9 -7
f -8 -7 -6
f -6 -7 -5
f -6 -5 -4
f -4 -5 -3
f -4 -3 -2
f -2 -3 -1

o Default b5A28
usemtl 0x8FBDB9
v -10.876 15.196 0.28
v -10.533 15.196 0.28
v -10.533 15.49 0.28
v -10.876 15.49 0.28
v -10.876 15.196 0.28
v -10.876 15.196 0.28
v -10.876 15.196 0
v -10.533 15.196 0.28
v -10.533 15.196 0
v -10.533 15.49 0.28
v -10.533 15.49 0
v -10.876 15.49 0.28
v -10.876 15.49 0
v -10.876 15.196 0.28
v -10.876 15.196 0

f -12 -15 -14
f -14 -13 -12
f -10 -9 -8
f -8 -9 -7
f -8 -7 -6
f -6 -7 -5
f -6 -5 -4
f -4 -5 -3
f -4 -3 -2
f -2 -3 -1

o Default b5B27
usemtl 0x8FBDB9
v -10.876 15.496 0.28
v -10.484 15.496 0.28
v -10.484 15.79 0.28
v -10.876 15.79 0.28
v -10.876 15.496 0.28
v -10.876 15.496 0.28
v -10.876 15.496 0
v -10.484 15.496 0.28
v -10.484 15.496 0
v -10.484 15.79 0.28
v -10.484 15.79 0
v -10.876 15.79 0.28
v -10.876 15.79 0
v -10.876 15.496 0.28
v -10.876 15.496 0

f -12 -15 -14
f -14 -13 -12
f -10 -9 -8
f -8 -9 -7
f -8 -7 -6
f -6 -7 -5
f -6 -5 -4
f -4 -5 -3
f -4 -3 -2
f -2 -3 -1

o Default b5A30
usemtl 0x8FBDB9
v -10.525 15.196 0.28
v -10.035 15.196 0.28
v -10.035 15.49 0.28
v -10.525 15.49 0.28
v -10.525 15.196 0.28
v -10.525 15.196 0.28
v -10.525 15.196 0
v -10.035 15.196 0.28
v -10.035 15.196 0
v -10.035 15.49 0.28
v -10.035 15.49 0
v -10.525 15.49 0.28
v -10.525 15.49 0
v -10.525 15.196 0.28
v -10.525 15.196 0

f -12 -15 -14
f -14 -13 -12
f -10 -9 -8
f -8 -9 -7
f -8 -7 -6
f -6 -7 -5
f -6 -5 -4
f -4 -5 -3
f -4 -3 -2
f -2 -3 -1

o Default b5A32-B33
usemtl 0x8FBDB9
v -9.719 15.2 0.28
v -8.69 15.2 0.28
v -8.69 15.837 0.28
v -9.719 15.837 0.28
v -9.719 15.2 0.28
v -9.719 15.2 0.28
v -9.719 15.2 0
v -8.69 15.2 0.28
v -8.69 15.2 0
v -8.69 15.837 0.28
v -8.69 15.837 0
v -9.719 15.837 0.28
v -9.719 15.837 0
v -9.719 15.2 0.28
v -9.719 15.2 0

f -12 -15 -14
f -14 -13 -12
f -10 -9 -8
f -8 -9 -7
f -8 -7 -6
f -6 -7 -5
f -6 -5 -4
f -4 -5 -3
f -4 -3 -2
f -2 -3 -1

o Default b5A34
usemtl 0x8FBDB9
v -8.278 15.198 0.28
v -8.082 15.198 0.28
v -8.082 15.688 0.28
v -8.278 15.688 0.28
v -8.278 15.198 0.28
v -8.278 15.198 0.28
v -8.278 15.198 0
v -8.082 15.198 0.28
v -8.082 15.198 0
v -8.082 15.688 0.28
v -8.082 15.688 0
v -8.278 15.688 0.28
v -8.278 15.688 0
v -8.278 15.198 0.28
v -8.278 15.198 0

f -12 -15 -14
f -14 -13 -12
f -10 -9 -8
f -8 -9 -7
f -8 -7 -6
f -6 -7 -5
f -6 -5 -4
f -4 -5 -3
f -4 -3 -2
f -2 -3 -1

o Default b5A36
usemtl 0x8FBDB9
v -8.078 15.198 0.28
v -7.882 15.198 0.28
v -7.882 15.688 0.28
v -8.078 15.688 0.28
v -8.078 15.198 0.28
v -8.078 15.198 0.28
v -8.078 15.198 0
v -7.882 15.198 0.28
v -7.882 15.198 0
v -7.882 15.688 0.28
v -7.882 15.688 0
v -8.078 15.688 0.28
v -8.078 15.688 0
v -8.078 15.198 0.28
v -8.078 15.198 0

f -12 -15 -14
f -14 -13 -12
f -10 -9 -8
f -8 -9 -7
f -8 -7 -6
f -6 -7 -5
f -6 -5 -4
f -4 -5 -3
f -4 -3 -2
f -2 -3 -1

o Default b5B35
usemtl 0x8FBDB9
v -8.278 15.695 0.28
v -8.082 15.695 0.28
v -8.082 15.891 0.28
v -8.278 15.891 0.28
v -8.278 15.695 0.28
v -8.278 15.695 0.28
v -8.278 15.695 0
v -8.082 15.695 0.28
v -8.082 15.695 0
v -8.082 15.891 0.28
v -8.082 15.891 0
v -8.278 15.891 0.28
v -8.278 15.891 0
v -8.278 15.695 0.28
v -8.278 15.695 0

f -12 -15 -14
f -14 -13 -12
f -10 -9 -8
f -8 -9 -7
f -8 -7 -6
f -6 -7 -5
f -6 -5 -4
f -4 -5 -3
f -4 -3 -2
f -2 -3 -1

o Default b5B37
usemtl 0x8FBDB9
v -8.078 15.695 0.28
v -7.882 15.695 0.28
v -7.882 15.891 0.28
v -8.078 15.891 0.28
v -8.078 15.695 0.28
v -8.078 15.695 0.28
v -8.078 15.695 0
v -7.882 15.695 0.28
v -7.882 15.695 0
v -7.882 15.891 0.28
v -7.882 15.891 0
v -8.078 15.891 0.28
v -8.078 15.891 0
v -8.078 15.695 0.28
v -8.078 15.695 0

f -12 -15 -14
f -14 -13 -12
f -10 -9 -8
f -8 -9 -7
f -8 -7 -6
f -6 -7 -5
f -6 -5 -4
f -4 -5 -3
f -4 -3 -2
f -2 -3 -1

o Default b5A38
usemtl 0x8FBDB9
v -7.628 15.196 0.28
v -7.432 15.196 0.28
v -7.432 15.49 0.28
v -7.628 15.49 0.28
v -7.628 15.196 0.28
v -7.628 15.196 0.28
v -7.628 15.196 0
v -7.432 15.196 0.28
v -7.432 15.196 0
v -7.432 15.49 0.28
v -7.432 15.49 0
v -7.628 15.49 0.28
v -7.628 15.49 0
v -7.628 15.196 0.28
v -7.628 15.196 0

f -12 -15 -14
f -14 -13 -12
f -10 -9 -8
f -8 -9 -7
f -8 -7 -6
f -6 -7 -5
f -6 -5 -4
f -4 -5 -3
f -4 -3 -2
f -2 -3 -1

o Default b5B39
usemtl 0x8FBDB9
v -7.628 15.495 0.28
v -7.432 15.495 0.28
v -7.432 15.691 0.28
v -7.628 15.691 0.28
v -7.628 15.495 0.28
v -7.628 15.495 0.28
v -7.628 15.495 0
v -7.432 15.495 0.28
v -7.432 15.495 0
v -7.432 15.691 0.28
v -7.432 15.691 0
v -7.628 15.691 0.28
v -7.628 15.691 0
v -7.628 15.495 0.28
v -7.628 15.495 0

f -12 -15 -14
f -14 -13 -12
f -10 -9 -8
f -8 -9 -7
f -8 -7 -6
f -6 -7 -5
f -6 -5 -4
f -4 -5 -3
f -4 -3 -2
f -2 -3 -1

o Default b5B41
usemtl 0x8FBDB9
v -7.628 15.695 0.28
v -7.432 15.695 0.28
v -7.432 15.891 0.28
v -7.628 15.891 0.28
v -7.628 15.695 0.28
v -7.628 15.695 0.28
v -7.628 15.695 0
v -7.432 15.695 0.28
v -7.432 15.695 0
v -7.432 15.891 0.28
v -7.432 15.891 0
v -7.628 15.891 0.28
v -7.628 15.891 0
v -7.628 15.695 0.28
v -7.628 15.695 0

f -12 -15 -14
f -14 -13 -12
f -10 -9 -8
f -8 -9 -7
f -8 -7 -6
f -6 -7 -5
f -6 -5 -4
f -4 -5 -3
f -4 -3 -2
f -2 -3 -1

o Default b5A40
usemtl 0x8FBDB9
v -7.428 15.197 0.28
v -7.232 15.197 0.28
v -7.232 15.54 0.28
v -7.428 15.54 0.28
v -7.428 15.197 0.28
v -7.428 15.197 0.28
v -7.428 15.197 0
v -7.232 15.197 0.28
v -7.232 15.197 0
v -7.232 15.54 0.28
v -7.232 15.54 0
v -7.428 15.54 0.28
v -7.428 15.54 0
v -7.428 15.197 0.28
v -7.428 15.197 0

f -12 -15 -14
f -14 -13 -12
f -10 -9 -8
f -8 -9 -7
f -8 -7 -6
f -6 -7 -5
f -6 -5 -4
f -4 -5 -3
f -4 -3 -2
f -2 -3 -1

o Default b5B43
usemtl 0x8FBDB9
v -7.428 15.547 0.28
v -7.232 15.547 0.28
v -7.232 15.89 0.28
v -7.428 15.89 0.28
v -7.428 15.547 0.28
v -7.428 15.547 0.28
v -7.428 15.547 0
v -7.232 15.547 0.28
v -7.232 15.547 0
v -7.232 15.89 0.28
v -7.232 15.89 0
v -7.428 15.89 0.28
v -7.428 15.89 0
v -7.428 15.547 0.28
v -7.428 15.547 0

f -12 -15 -14
f -14 -13 -12
f -10 -9 -8
f -8 -9 -7
f -8 -7 -6
f -6 -7 -5
f -6 -5 -4
f -4 -5 -3
f -4 -3 -2
f -2 -3 -1

o Default b5A42
usemtl 0x8FBDB9
v -7.028 15.196 0.28
v -6.832 15.196 0.28
v -6.832 15.49 0.28
v -7.028 15.49 0.28
v -7.028 15.196 0.28
v -7.028 15.196 0.28
v -7.028 15.196 0
v -6.832 15.196 0.28
v -6.832 15.196 0
v -6.832 15.49 0.28
v -6.832 15.49 0
v -7.028 15.49 0.28
v -7.028 15.49 0
v -7.028 15.196 0.28
v -7.028 15.196 0

f -12 -15 -14
f -14 -13 -12
f -10 -9 -8
f -8 -9 -7
f -8 -7 -6
f -6 -7 -5
f -6 -5 -4
f -4 -5 -3
f -4 -3 -2
f -2 -3 -1

o Default b5B47
usemtl 0x8FBDB9
v -7.028 15.497 0.28
v -6.832 15.497 0.28
v -6.832 15.889 0.28
v -7.028 15.889 0.28
v -7.028 15.497 0.28
v -7.028 15.497 0.28
v -7.028 15.497 0
v -6.832 15.497 0.28
v -6.832 15.497 0
v -6.832 15.889 0.28
v -6.832 15.889 0
v -7.028 15.889 0.28
v -7.028 15.889 0
v -7.028 15.497 0.28
v -7.028 15.497 0

f -12 -15 -14
f -14 -13 -12
f -10 -9 -8
f -8 -9 -7
f -8 -7 -6
f -6 -7 -5
f -6 -5 -4
f -4 -5 -3
f -4 -3 -2
f -2 -3 -1

o Default b5A48-B49
usemtl 0x8FBDB9
v -6.827 15.2 0.28
v -6.533 15.2 0.28
v -6.533 15.886 0.28
v -6.827 15.886 0.28
v -6.827 15.2 0.28
v -6.827 15.2 0.28
v -6.827 15.2 0
v -6.533 15.2 0.28
v -6.533 15.2 0
v -6.533 15.886 0.28
v -6.533 15.886 0
v -6.827 15.886 0.28
v -6.827 15.886 0
v -6.827 15.2 0.28
v -6.827 15.2 0

f -12 -15 -14
f -14 -13 -12
f -10 -9 -8
f -8 -9 -7
f -8 -7 -6
f -6 -7 -5
f -6 -5 -4
f -4 -5 -3
f -4 -3 -2
f -2 -3 -1

o Default b5A50-B51
usemtl 0x8FBDB9
v -6.228 15.199 0.28
v -6.032 15.199 0.28
v -6.032 15.787 0.28
v -6.228 15.787 0.28
v -6.228 15.199 0.28
v -6.228 15.199 0.28
v -6.228 15.199 0
v -6.032 15.199 0.28
v -6.032 15.199 0
v -6.032 15.787 0.28
v -6.032 15.787 0
v -6.228 15.787 0.28
v -6.228 15.787 0
v -6.228 15.199 0.28
v -6.228 15.199 0

f -12 -15 -14
f -14 -13 -12
f -10 -9 -8
f -8 -9 -7
f -8 -7 -6
f -6 -7 -5
f -6 -5 -4
f -4 -5 -3
f -4 -3 -2
f -2 -3 -1

o Default b5A52
usemtl 0x8FBDB9
v -6.028 15.196 0.28
v -5.832 15.196 0.28
v -5.832 15.441 0.28
v -6.028 15.441 0.28
v -6.028 15.196 0.28
v -6.028 15.196 0.28
v -6.028 15.196 0
v -5.832 15.196 0.28
v -5.832 15.196 0
v -5.832 15.441 0.28
v -5.832 15.441 0
v -6.028 15.441 0.28
v -6.028 15.441 0
v -6.028 15.196 0.28
v -6.028 15.196 0

f -12 -15 -14
f -14 -13 -12
f -10 -9 -8
f -8 -9 -7
f -8 -7 -6
f -6 -7 -5
f -6 -5 -4
f -4 -5 -3
f -4 -3 -2
f -2 -3 -1

o Default b5B55
usemtl 0x8FBDB9
v -6.028 15.447 0.28
v -5.832 15.447 0.28
v -5.832 15.79 0.28
v -6.028 15.79 0.28
v -6.028 15.447 0.28
v -6.028 15.447 0.28
v -6.028 15.447 0
v -5.832 15.447 0.28
v -5.832 15.447 0
v -5.832 15.79 0.28
v -5.832 15.79 0
v -6.028 15.79 0.28
v -6.028 15.79 0
v -6.028 15.447 0.28
v -6.028 15.447 0

f -12 -15 -14
f -14 -13 -12
f -10 -9 -8
f -8 -9 -7
f -8 -7 -6
f -6 -7 -5
f -6 -5 -4
f -4 -5 -3
f -4 -3 -2
f -2 -3 -1

o Default b5A54
usemtl 0x8FBDB9
v -5.478 15.196 0.28
v -5.282 15.196 0.28
v -5.282 15.49 0.28
v -5.478 15.49 0.28
v -5.478 15.196 0.28
v -5.478 15.196 0.28
v -5.478 15.196 0
v -5.282 15.196 0.28
v -5.282 15.196 0
v -5.282 15.49 0.28
v -5.282 15.49 0
v -5.478 15.49 0.28
v -5.478 15.49 0
v -5.478 15.196 0.28
v -5.478 15.196 0

f -12 -15 -14
f -14 -13 -12
f -10 -9 -8
f -8 -9 -7
f -8 -7 -6
f -6 -7 -5
f -6 -5 -4
f -4 -5 -3
f -4 -3 -2
f -2 -3 -1

o Default b5B56
usemtl 0x8FBDB9
v -5.478 15.496 0.28
v -5.282 15.496 0.28
v -5.282 15.79 0.28
v -5.478 15.79 0.28
v -5.478 15.496 0.28
v -5.478 15.496 0.28
v -5.478 15.496 0
v -5.282 15.496 0.28
v -5.282 15.496 0
v -5.282 15.79 0.28
v -5.282 15.79 0
v -5.478 15.79 0.28
v -5.478 15.79 0
v -5.478 15.496 0.28
v -5.478 15.496 0

f -12 -15 -14
f -14 -13 -12
f -10 -9 -8
f -8 -9 -7
f -8 -7 -6
f -6 -7 -5
f -6 -5 -4
f -4 -5 -3
f -4 -3 -2
f -2 -3 -1

o Default b5A56
usemtl 0x8FBDB9
v -5.277 15.196 0.28
v -4.983 15.196 0.28
v -4.983 15.49 0.28
v -5.277 15.49 0.28
v -5.277 15.196 0.28
v -5.277 15.196 0.28
v -5.277 15.196 0
v -4.983 15.196 0.28
v -4.983 15.196 0
v -4.983 15.49 0.28
v -4.983 15.49 0
v -5.277 15.49 0.28
v -5.277 15.49 0
v -5.277 15.196 0.28
v -5.277 15.196 0

f -12 -15 -14
f -14 -13 -12
f -10 -9 -8
f -8 -9 -7
f -8 -7 -6
f -6 -7 -5
f -6 -5 -4
f -4 -5 -3
f -4 -3 -2
f -2 -3 -1

o Default b5B57
usemtl 0x8FBDB9
v -5.277 15.496 0.28
v -4.983 15.496 0.28
v -4.983 15.79 0.28
v -5.277 15.79 0.28
v -5.277 15.496 0.28
v -5.277 15.496 0.28
v -5.277 15.496 0
v -4.983 15.496 0.28
v -4.983 15.496 0
v -4.983 15.79 0.28
v -4.983 15.79 0
v -5.277 15.79 0.28
v -5.277 15.79 0
v -5.277 15.496 0.28
v -5.277 15.496 0

f -12 -15 -14
f -14 -13 -12
f -10 -9 -8
f -8 -9 -7
f -8 -7 -6
f -6 -7 -5
f -6 -5 -4
f -4 -5 -3
f -4 -3 -2
f -2 -3 -1

o Default b5A60
usemtl 0x8FBDB9
v -4.678 15.196 0.28
v -4.482 15.196 0.28
v -4.482 15.49 0.28
v -4.678 15.49 0.28
v -4.678 15.196 0.28
v -4.678 15.196 0.28
v -4.678 15.196 0
v -4.482 15.196 0.28
v -4.482 15.196 0
v -4.482 15.49 0.28
v -4.482 15.49 0
v -4.678 15.49 0.28
v -4.678 15.49 0
v -4.678 15.196 0.28
v -4.678 15.196 0

f -12 -15 -14
f -14 -13 -12
f -10 -9 -8
f -8 -9 -7
f -8 -7 -6
f -6 -7 -5
f -6 -5 -4
f -4 -5 -3
f -4 -3 -2
f -2 -3 -1

o Default b5B61
usemtl 0x8FBDB9
v -4.678 15.496 0.28
v -4.482 15.496 0.28
v -4.482 15.79 0.28
v -4.678 15.79 0.28
v -4.678 15.496 0.28
v -4.678 15.496 0.28
v -4.678 15.496 0
v -4.482 15.496 0.28
v -4.482 15.496 0
v -4.482 15.79 0.28
v -4.482 15.79 0
v -4.678 15.79 0.28
v -4.678 15.79 0
v -4.678 15.496 0.28
v -4.678 15.496 0

f -12 -15 -14
f -14 -13 -12
f -10 -9 -8
f -8 -9 -7
f -8 -7 -6
f -6 -7 -5
f -6 -5 -4
f -4 -5 -3
f -4 -3 -2
f -2 -3 -1

o Default b5A62
usemtl 0x8FBDB9
v -4.478 15.196 0.28
v -4.282 15.196 0.28
v -4.282 15.49 0.28
v -4.478 15.49 0.28
v -4.478 15.196 0.28
v -4.478 15.196 0.28
v -4.478 15.196 0
v -4.282 15.196 0.28
v -4.282 15.196 0
v -4.282 15.49 0.28
v -4.282 15.49 0
v -4.478 15.49 0.28
v -4.478 15.49 0
v -4.478 15.196 0.28
v -4.478 15.196 0

f -12 -15 -14
f -14 -13 -12
f -10 -9 -8
f -8 -9 -7
f -8 -7 -6
f -6 -7 -5
f -6 -5 -4
f -4 -5 -3
f -4 -3 -2
f -2 -3 -1

o Default b5B63
usemtl 0x8FBDB9
v -4.478 15.496 0.28
v -4.282 15.496 0.28
v -4.282 15.79 0.28
v -4.478 15.79 0.28
v -4.478 15.496 0.28
v -4.478 15.496 0.28
v -4.478 15.496 0
v -4.282 15.496 0.28
v -4.282 15.496 0
v -4.282 15.79 0.28
v -4.282 15.79 0
v -4.478 15.79 0.28
v -4.478 15.79 0
v -4.478 15.496 0.28
v -4.478 15.496 0

f -12 -15 -14
f -14 -13 -12
f -10 -9 -8
f -8 -9 -7
f -8 -7 -6
f -6 -7 -5
f -6 -5 -4
f -4 -5 -3
f -4 -3 -2
f -2 -3 -1

o Default b5A70-B71
usemtl 0xFF9E4E
v -3.968 15.199 0.28
v -2.792 15.199 0.28
v -2.792 15.787 0.28
v -3.968 15.787 0.28
v -3.968 15.199 0.28
v -3.968 15.199 0.28
v -3.968 15.199 0
v -2.792 15.199 0.28
v -2.792 15.199 0
v -2.792 15.787 0.28
v -2.792 15.787 0
v -3.968 15.787 0.28
v -3.968 15.787 0
v -3.968 15.199 0.28
v -3.968 15.199 0

f -12 -15 -14
f -14 -13 -12
f -10 -9 -8
f -8 -9 -7
f -8 -7 -6
f -6 -7 -5
f -6 -5 -4
f -4 -5 -3
f -4 -3 -2
f -2 -3 -1

o Default b5A80
usemtl 0xFF9E4E
v -2.047 14.951 0.28
v -1.753 14.951 0.28
v -1.753 15.735 0.28
v -2.047 15.735 0.28
v -2.047 14.951 0.28
v -2.047 14.951 0.28
v -2.047 14.951 0
v -1.753 14.951 0.28
v -1.753 14.951 0
v -1.753 15.735 0.28
v -1.753 15.735 0
v -2.047 15.735 0.28
v -2.047 15.735 0
v -2.047 14.951 0.28
v -2.047 14.951 0

f -12 -15 -14
f -14 -13 -12
f -10 -9 -8
f -8 -9 -7
f -8 -7 -6
f -6 -7 -5
f -6 -5 -4
f -4 -5 -3
f -4 -3 -2
f -2 -3 -1

o Default b5B10-C11
usemtl 0x8FBDB9
v -17.205 16.099 0.28
v -14.755 16.099 0.28
v -14.755 16.687 0.28
v -17.205 16.687 0.28
v -17.205 16.099 0.28
v -17.205 16.099 0.28
v -17.205 16.099 0
v -14.755 16.099 0.28
v -14.755 16.099 0
v -14.755 16.687 0.28
v -14.755 16.687 0
v -17.205 16.687 0.28
v -17.205 16.687 0
v -17.205 16.099 0.28
v -17.205 16.099 0

f -12 -15 -14
f -14 -13 -12
f -10 -9 -8
f -8 -9 -7
f -8 -7 -6
f -6 -7 -5
f -6 -5 -4
f -4 -5 -3
f -4 -3 -2
f -2 -3 -1

o Default b5B14-C15
usemtl 0x8FBDB9
v -14.723 16.099 0.28
v -14.037 16.099 0.28
v -14.037 16.687 0.28
v -14.723 16.687 0.28
v -14.723 16.099 0.28
v -14.723 16.099 0.28
v -14.723 16.099 0
v -14.037 16.099 0.28
v -14.037 16.099 0
v -14.037 16.687 0.28
v -14.037 16.687 0
v -14.723 16.687 0.28
v -14.723 16.687 0
v -14.723 16.099 0.28
v -14.723 16.099 0

f -12 -15 -14
f -14 -13 -12
f -10 -9 -8
f -8 -9 -7
f -8 -7 -6
f -6 -7 -5
f -6 -5 -4
f -4 -5 -3
f -4 -3 -2
f -2 -3 -1

o Default b5B20-C21
usemtl 0x8FBDB9
v -13.618 16.099 0.28
v -12.442 16.099 0.28
v -12.442 16.687 0.28
v -13.618 16.687 0.28
v -13.618 16.099 0.28
v -13.618 16.099 0.28
v -13.618 16.099 0
v -12.442 16.099 0.28
v -12.442 16.099 0
v -12.442 16.687 0.28
v -12.442 16.687 0
v -13.618 16.687 0.28
v -13.618 16.687 0
v -13.618 16.099 0.28
v -13.618 16.099 0

f -12 -15 -14
f -14 -13 -12
f -10 -9 -8
f -8 -9 -7
f -8 -7 -6
f -6 -7 -5
f -6 -5 -4
f -4 -5 -3
f -4 -3 -2
f -2 -3 -1

o Default b5B26
usemtl 0x8FBDB9
v -12.125 16.095 0.28
v -11.635 16.095 0.28
v -11.635 16.291 0.28
v -12.125 16.291 0.28
v -12.125 16.095 0.28
v -12.125 16.095 0.28
v -12.125 16.095 0
v -11.635 16.095 0.28
v -11.635 16.095 0
v -11.635 16.291 0.28
v -11.635 16.291 0
v -12.125 16.291 0.28
v -12.125 16.291 0
v -12.125 16.095 0.28
v -12.125 16.095 0

f -12 -15 -14
f -14 -13 -12
f -10 -9 -8
f -8 -9 -7
f -8 -7 -6
f -6 -7 -5
f -6 -5 -4
f -4 -5 -3
f -4 -3 -2
f -2 -3 -1

o Default b5B28
usemtl 0x8FBDB9
v -11.624 16.095 0.28
v -11.036 16.095 0.28
v -11.036 16.291 0.28
v -11.624 16.291 0.28
v -11.624 16.095 0.28
v -11.624 16.095 0.28
v -11.624 16.095 0
v -11.036 16.095 0.28
v -11.036 16.095 0
v -11.036 16.291 0.28
v -11.036 16.291 0
v -11.624 16.291 0.28
v -11.624 16.291 0
v -11.624 16.095 0.28
v -11.624 16.095 0

f -12 -15 -14
f -14 -13 -12
f -10 -9 -8
f -8 -9 -7
f -8 -7 -6
f -6 -7 -5
f -6 -5 -4
f -4 -5 -3
f -4 -3 -2
f -2 -3 -1

o Default b5C31
usemtl 0x8FBDB9
v -12.119 16.297 0.28
v -11.041 16.297 0.28
v -11.041 16.689 0.28
v -12.119 16.689 0.28
v -12.119 16.297 0.28
v -12.119 16.297 0.28
v -12.119 16.297 0
v -11.041 16.297 0.28
v -11.041 16.297 0
v -11.041 16.689 0.28
v -11.041 16.689 0
v -12.119 16.689 0.28
v -12.119 16.689 0
v -12.119 16.297 0.28
v -12.119 16.297 0

f -12 -15 -14
f -14 -13 -12
f -10 -9 -8
f -8 -9 -7
f -8 -7 -6
f -6 -7 -5
f -6 -5 -4
f -4 -5 -3
f -4 -3 -2
f -2 -3 -1

o Default b5B30
usemtl 0x8FBDB9
v -10.774 16.095 0.28
v -10.186 16.095 0.28
v -10.186 16.291 0.28
v -10.774 16.291 0.28
v -10.774 16.095 0.28
v -10.774 16.095 0.28
v -10.774 16.095 0
v -10.186 16.095 0.28
v -10.186 16.095 0
v -10.186 16.291 0.28
v -10.186 16.291 0
v -10.774 16.291 0.28
v -10.774 16.291 0
v -10.774 16.095 0.28
v -10.774 16.095 0

f -12 -15 -14
f -14 -13 -12
f -10 -9 -8
f -8 -9 -7
f -8 -7 -6
f -6 -7 -5
f -6 -5 -4
f -4 -5 -3
f -4 -3 -2
f -2 -3 -1

o Default b5B32-C33
usemtl 0x8FBDB9
v -10.77 16.688 0.28
v -10.77 16.296 0.28
v -10.182 16.296 0.28
v -10.182 16.1 0.28
v -9.888 16.1 0.28
v -9.888 16.688 0.28
v -10.77 16.688 0.28
v -10.77 16.688 0.28
v -10.77 16.688 0.28
v -10.77 16.688 0
v -10.77 16.296 0.28
v -10.77 16.296 0
v -10.182 16.296 0.28
v -10.182 16.296 0
v -10.182 16.1 0.28
v -10.182 16.1 0
v -9.888 16.1 0.28
v -9.888 16.1 0
v -9.888 16.688 0.28
v -9.888 16.688 0
v -10.77 16.688 0.28
v -10.77 16.688 0
v -10.77 16.688 0.28
v -10.77 16.688 0

f -22 -21 -20
f -22 -20 -19
f -23 -22 -19
f -23 -19 -24
f -16 -15 -14
f -14 -15 -13
f -14 -13 -12
f -12 -13 -11
f -12 -11 -10
f -10 -11 -9
f -10 -9 -8
f -8 -9 -7
f -8 -7 -6
f -6 -7 -5
f -6 -5 -4
f -4 -5 -3
f -4 -3 -2
f -2 -3 -1

o Default b5B34-C35
usemtl 0x8FBDB9
v -9.571 16.099 0.28
v -8.689 16.099 0.28
v -8.689 16.638 0.28
v -9.571 16.638 0.28
v -9.571 16.099 0.28
v -9.571 16.099 0.28
v -9.571 16.099 0
v -8.689 16.099 0.28
v -8.689 16.099 0
v -8.689 16.638 0.28
v -8.689 16.638 0
v -9.571 16.638 0.28
v -9.571 16.638 0
v -9.571 16.099 0.28
v -9.571 16.099 0

f -12 -15 -14
f -14 -13 -12
f -10 -9 -8
f -8 -9 -7
f -8 -7 -6
f -6 -7 -5
f -6 -5 -4
f -4 -5 -3
f -4 -3 -2
f -2 -3 -1

o Default b5C10-D11
usemtl 0x8FBDB9
v -17.198 17.001 0.28
v -14.062 17.001 0.28
v -14.062 17.785 0.28
v -17.198 17.785 0.28
v -17.198 17.001 0.28
v -17.198 17.001 0.28
v -17.198 17.001 0
v -14.062 17.001 0.28
v -14.062 17.001 0
v -14.062 17.785 0.28
v -14.062 17.785 0
v -17.198 17.785 0.28
v -17.198 17.785 0
v -17.198 17.001 0.28
v -17.198 17.001 0

f -12 -15 -14
f -14 -13 -12
f -10 -9 -8
f -8 -9 -7
f -8 -7 -6
f -6 -7 -5
f -6 -5 -4
f -4 -5 -3
f -4 -3 -2
f -2 -3 -1

o Default b5C20-D21
usemtl 0x8FBDB9
v -13.623 17.001 0.28
v -12.937 17.001 0.28
v -12.937 17.785 0.28
v -13.623 17.785 0.28
v -13.623 17.001 0.28
v -13.623 17.001 0.28
v -13.623 17.001 0
v -12.937 17.001 0.28
v -12.937 17.001 0
v -12.937 17.785 0.28
v -12.937 17.785 0
v -13.623 17.785 0.28
v -13.623 17.785 0
v -13.623 17.001 0.28
v -13.623 17.001 0

f -12 -15 -14
f -14 -13 -12
f -10 -9 -8
f -8 -9 -7
f -8 -7 -6
f -6 -7 -5
f -6 -5 -4
f -4 -5 -3
f -4 -3 -2
f -2 -3 -1

o Default b5C24-D25
usemtl 0x8FBDB9
v -12.925 17.001 0.28
v -12.435 17.001 0.28
v -12.435 17.785 0.28
v -12.925 17.785 0.28
v -12.925 17.001 0.28
v -12.925 17.001 0.28
v -12.925 17.001 0
v -12.435 17.001 0.28
v -12.435 17.001 0
v -12.435 17.785 0.28
v -12.435 17.785 0
v -12.925 17.785 0.28
v -12.925 17.785 0
v -12.925 17.001 0.28
v -12.925 17.001 0

f -12 -15 -14
f -14 -13 -12
f -10 -9 -8
f -8 -9 -7
f -8 -7 -6
f -6 -7 -5
f -6 -5 -4
f -4 -5 -3
f -4 -3 -2
f -2 -3 -1

o Default b5C30-D31
usemtl 0x8FBDB9
v -12.116 17.001 0.28
v -10.744 17.001 0.28
v -10.744 17.785 0.28
v -12.116 17.785 0.28
v -12.116 17.001 0.28
v -12.116 17.001 0.28
v -12.116 17.001 0
v -10.744 17.001 0.28
v -10.744 17.001 0
v -10.744 17.785 0.28
v -10.744 17.785 0
v -12.116 17.785 0.28
v -12.116 17.785 0
v -12.116 17.001 0.28
v -12.116 17.001 0

f -12 -15 -14
f -14 -13 -12
f -10 -9 -8
f -8 -9 -7
f -8 -7 -6
f -6 -7 -5
f -6 -5 -4
f -4 -5 -3
f -4 -3 -2
f -2 -3 -1

o Default b5C34
usemtl 0x8FBDB9
v -10.722 16.997 0.28
v -9.938 16.997 0.28
v -9.938 17.389 0.28
v -10.722 17.389 0.28
v -10.722 16.997 0.28
v -10.722 16.997 0.28
v -10.722 16.997 0
v -9.938 16.997 0.28
v -9.938 16.997 0
v -9.938 17.389 0.28
v -9.938 17.389 0
v -10.722 17.389 0.28
v -10.722 17.389 0
v -10.722 16.997 0.28
v -10.722 16.997 0

f -12 -15 -14
f -14 -13 -12
f -10 -9 -8
f -8 -9 -7
f -8 -7 -6
f -6 -7 -5
f -6 -5 -4
f -4 -5 -3
f -4 -3 -2
f -2 -3 -1

o Default b5D35
usemtl 0x8FBDB9
v -10.722 17.397 0.28
v -9.938 17.397 0.28
v -9.938 17.789 0.28
v -10.722 17.789 0.28
v -10.722 17.397 0.28
v -10.722 17.397 0.28
v -10.722 17.397 0
v -9.938 17.397 0.28
v -9.938 17.397 0
v -9.938 17.789 0.28
v -9.938 17.789 0
v -10.722 17.789 0.28
v -10.722 17.789 0
v -10.722 17.397 0.28
v -10.722 17.397 0

f -12 -15 -14
f -14 -13 -12
f -10 -9 -8
f -8 -9 -7
f -8 -7 -6
f -6 -7 -5
f -6 -5 -4
f -4 -5 -3
f -4 -3 -2
f -2 -3 -1

o Default b5C40
usemtl 0x8FBDB9
v -9.672 16.995 0.28
v -8.937 16.995 0.28
v -8.937 17.191 0.28
v -9.672 17.191 0.28
v -9.672 16.995 0.28
v -9.672 16.995 0.28
v -9.672 16.995 0
v -8.937 16.995 0.28
v -8.937 16.995 0
v -8.937 17.191 0.28
v -8.937 17.191 0
v -9.672 17.191 0.28
v -9.672 17.191 0
v -9.672 16.995 0.28
v -9.672 16.995 0

f -12 -15 -14
f -14 -13 -12
f -10 -9 -8
f -8 -9 -7
f -8 -7 -6
f -6 -7 -5
f -6 -5 -4
f -4 -5 -3
f -4 -3 -2
f -2 -3 -1

o Default b5C44
usemtl 0x8FBDB9
v -8.927 16.995 0.28
v -8.682 16.995 0.28
v -8.682 17.191 0.28
v -8.927 17.191 0.28
v -8.927 16.995 0.28
v -8.927 16.995 0.28
v -8.927 16.995 0
v -8.682 16.995 0.28
v -8.682 16.995 0
v -8.682 17.191 0.28
v -8.682 17.191 0
v -8.927 17.191 0.28
v -8.927 17.191 0
v -8.927 16.995 0.28
v -8.927 16.995 0

f -12 -15 -14
f -14 -13 -12
f -10 -9 -8
f -8 -9 -7
f -8 -7 -6
f -6 -7 -5
f -6 -5 -4
f -4 -5 -3
f -4 -3 -2
f -2 -3 -1

o Default b5D41
usemtl 0x8FBDB9
v -9.675 17.199 0.28
v -9.185 17.199 0.28
v -9.185 17.787 0.28
v -9.675 17.787 0.28
v -9.675 17.199 0.28
v -9.675 17.199 0.28
v -9.675 17.199 0
v -9.185 17.199 0.28
v -9.185 17.199 0
v -9.185 17.787 0.28
v -9.185 17.787 0
v -9.675 17.787 0.28
v -9.675 17.787 0
v -9.675 17.199 0.28
v -9.675 17.199 0

f -12 -15 -14
f -14 -13 -12
f -10 -9 -8
f -8 -9 -7
f -8 -7 -6
f -6 -7 -5
f -6 -5 -4
f -4 -5 -3
f -4 -3 -2
f -2 -3 -1

o Default b5D10-E11
usemtl 0x8FBDB9
v -17.198 18.101 0.28
v -14.062 18.101 0.28
v -14.062 18.885 0.28
v -17.198 18.885 0.28
v -17.198 18.101 0.28
v -17.198 18.101 0.28
v -17.198 18.101 0
v -14.062 18.101 0.28
v -14.062 18.101 0
v -14.062 18.885 0.28
v -14.062 18.885 0
v -17.198 18.885 0.28
v -17.198 18.885 0
v -17.198 18.101 0.28
v -17.198 18.101 0

f -12 -15 -14
f -14 -13 -12
f -10 -9 -8
f -8 -9 -7
f -8 -7 -6
f -6 -7 -5
f -6 -5 -4
f -4 -5 -3
f -4 -3 -2
f -2 -3 -1

o Default b5D20-E21
usemtl 0x8FBDB9
v -13.618 18.101 0.28
v -12.442 18.101 0.28
v -12.442 18.885 0.28
v -13.618 18.885 0.28
v -13.618 18.101 0.28
v -13.618 18.101 0.28
v -13.618 18.101 0
v -12.442 18.101 0.28
v -12.442 18.101 0
v -12.442 18.885 0.28
v -12.442 18.885 0
v -13.618 18.885 0.28
v -13.618 18.885 0
v -13.618 18.101 0.28
v -13.618 18.101 0

f -12 -15 -14
f -14 -13 -12
f -10 -9 -8
f -8 -9 -7
f -8 -7 -6
f -6 -7 -5
f -6 -5 -4
f -4 -5 -3
f -4 -3 -2
f -2 -3 -1

o Default b5D30
usemtl 0x8FBDB9
v -12.117 18.098 0.28
v -10.892 18.098 0.28
v -10.892 18.539 0.28
v -12.117 18.539 0.28
v -12.117 18.098 0.28
v -12.117 18.098 0.28
v -12.117 18.098 0
v -10.892 18.098 0.28
v -10.892 18.098 0
v -10.892 18.539 0.28
v -10.892 18.539 0
v -12.117 18.539 0.28
v -12.117 18.539 0
v -12.117 18.098 0.28
v -12.117 18.098 0

f -12 -15 -14
f -14 -13 -12
f -10 -9 -8
f -8 -9 -7
f -8 -7 -6
f -6 -7 -5
f -6 -5 -4
f -4 -5 -3
f -4 -3 -2
f -2 -3 -1

o Default b5E31
usemtl 0x8FBDB9
v -12.124 18.547 0.28
v -11.585 18.547 0.28
v -11.585 18.89 0.28
v -12.124 18.89 0.28
v -12.124 18.547 0.28
v -12.124 18.547 0.28
v -12.124 18.547 0
v -11.585 18.547 0.28
v -11.585 18.547 0
v -11.585 18.89 0.28
v -11.585 18.89 0
v -12.124 18.89 0.28
v -12.124 18.89 0
v -12.124 18.547 0.28
v -12.124 18.547 0

f -12 -15 -14
f -14 -13 -12
f -10 -9 -8
f -8 -9 -7
f -8 -7 -6
f -6 -7 -5
f -6 -5 -4
f -4 -5 -3
f -4 -3 -2
f -2 -3 -1

o Default b5E33
usemtl 0x8FBDB9
v -11.573 18.547 0.28
v -10.887 18.547 0.28
v -10.887 18.89 0.28
v -11.573 18.89 0.28
v -11.573 18.547 0.28
v -11.573 18.547 0.28
v -11.573 18.547 0
v -10.887 18.547 0.28
v -10.887 18.547 0
v -10.887 18.89 0.28
v -10.887 18.89 0
v -11.573 18.89 0.28
v -11.573 18.89 0
v -11.573 18.547 0.28
v -11.573 18.547 0

f -12 -15 -14
f -14 -13 -12
f -10 -9 -8
f -8 -9 -7
f -8 -7 -6
f -6 -7 -5
f -6 -5 -4
f -4 -5 -3
f -4 -3 -2
f -2 -3 -1

o Default b5D40-E41
usemtl 0x8FBDB9
v -10.522 18.101 0.28
v -9.787 18.101 0.28
v -9.787 18.885 0.28
v -10.522 18.885 0.28
v -10.522 18.101 0.28
v -10.522 18.101 0.28
v -10.522 18.101 0
v -9.787 18.101 0.28
v -9.787 18.101 0
v -9.787 18.885 0.28
v -9.787 18.885 0
v -10.522 18.885 0.28
v -10.522 18.885 0
v -10.522 18.101 0.28
v -10.522 18.101 0

f -12 -15 -14
f -14 -13 -12
f -10 -9 -8
f -8 -9 -7
f -8 -7 -6
f -6 -7 -5
f -6 -5 -4
f -4 -5 -3
f -4 -3 -2
f -2 -3 -1

o Default b5E47
usemtl 0x8FBDB9
v -9.472 18.101 0.28
v -8.688 18.101 0.28
v -8.688 18.885 0.28
v -9.472 18.885 0.28
v -9.472 18.101 0.28
v -9.472 18.101 0.28
v -9.472 18.101 0
v -8.688 18.101 0.28
v -8.688 18.101 0
v -8.688 18.885 0.28
v -8.688 18.885 0
v -9.472 18.885 0.28
v -9.472 18.885 0
v -9.472 18.101 0.28
v -9.472 18.101 0

f -12 -15 -14
f -14 -13 -12
f -10 -9 -8
f -8 -9 -7
f -8 -7 -6
f -6 -7 -5
f -6 -5 -4
f -4 -5 -3
f -4 -3 -2
f -2 -3 -1

o Default b5E10-F11
usemtl 0x8FBDB9
v -17.216 19.199 0.28
v -15.844 19.199 0.28
v -15.844 19.738 0.28
v -17.216 19.738 0.28
v -17.216 19.199 0.28
v -17.216 19.199 0.28
v -17.216 19.199 0
v -15.844 19.199 0.28
v -15.844 19.199 0
v -15.844 19.738 0.28
v -15.844 19.738 0
v -17.216 19.738 0.28
v -17.216 19.738 0
v -17.216 19.199 0.28
v -17.216 19.199 0

f -12 -15 -14
f -14 -13 -12
f -10 -9 -8
f -8 -9 -7
f -8 -7 -6
f -6 -7 -5
f -6 -5 -4
f -4 -5 -3
f -4 -3 -2
f -2 -3 -1

o Default b5E14-F15
usemtl 0x8FBDB9
v -15.828 19.199 0.28
v -15.632 19.199 0.28
v -15.632 19.738 0.28
v -15.828 19.738 0.28
v -15.828 19.199 0.28
v -15.828 19.199 0.28
v -15.828 19.199 0
v -15.632 19.199 0.28
v -15.632 19.199 0
v -15.632 19.738 0.28
v -15.632 19.738 0
v -15.828 19.738 0.28
v -15.828 19.738 0
v -15.828 19.199 0.28
v -15.828 19.199 0

f -12 -15 -14
f -14 -13 -12
f -10 -9 -8
f -8 -9 -7
f -8 -7 -6
f -6 -7 -5
f -6 -5 -4
f -4 -5 -3
f -4 -3 -2
f -2 -3 -1

o Default b5E18-F19
usemtl 0x8FBDB9
v -15.315 19.199 0.28
v -13.845 19.199 0.28
v -13.845 19.738 0.28
v -15.315 19.738 0.28
v -15.315 19.199 0.28
v -15.315 19.199 0.28
v -15.315 19.199 0
v -13.845 19.199 0.28
v -13.845 19.199 0
v -13.845 19.738 0.28
v -13.845 19.738 0
v -15.315 19.738 0.28
v -15.315 19.738 0
v -15.315 19.199 0.28
v -15.315 19.199 0

f -12 -15 -14
f -14 -13 -12
f -10 -9 -8
f -8 -9 -7
f -8 -7 -6
f -6 -7 -5
f -6 -5 -4
f -4 -5 -3
f -4 -3 -2
f -2 -3 -1

o Default b5E20-F21
usemtl 0x8FBDB9
v -13.618 19.199 0.28
v -12.442 19.199 0.28
v -12.442 19.738 0.28
v -13.618 19.738 0.28
v -13.618 19.199 0.28
v -13.618 19.199 0.28
v -13.618 19.199 0
v -12.442 19.199 0.28
v -12.442 19.199 0
v -12.442 19.738 0.28
v -12.442 19.738 0
v -13.618 19.738 0.28
v -13.618 19.738 0
v -13.618 19.199 0.28
v -13.618 19.199 0

f -12 -15 -14
f -14 -13 -12
f -10 -9 -8
f -8 -9 -7
f -8 -7 -6
f -6 -7 -5
f -6 -5 -4
f -4 -5 -3
f -4 -3 -2
f -2 -3 -1

o Default b5E22
usemtl 0x8FBDB9
v -12.126 19.197 0.28
v -11.734 19.197 0.28
v -11.734 19.589 0.28
v -12.126 19.589 0.28
v -12.126 19.197 0.28
v -12.126 19.197 0.28
v -12.126 19.197 0
v -11.734 19.197 0.28
v -11.734 19.197 0
v -11.734 19.589 0.28
v -11.734 19.589 0
v -12.126 19.589 0.28
v -12.126 19.589 0
v -12.126 19.197 0.28
v -12.126 19.197 0

f -12 -15 -14
f -14 -13 -12
f -10 -9 -8
f -8 -9 -7
f -8 -7 -6
f -6 -7 -5
f -6 -5 -4
f -4 -5 -3
f -4 -3 -2
f -2 -3 -1

o Default b5F23
usemtl 0x8FBDB9
v -12.125 19.595 0.28
v -11.635 19.595 0.28
v -11.635 19.791 0.28
v -12.125 19.791 0.28
v -12.125 19.595 0.28
v -12.125 19.595 0.28
v -12.125 19.595 0
v -11.635 19.595 0.28
v -11.635 19.595 0
v -11.635 19.791 0.28
v -11.635 19.791 0
v -12.125 19.791 0.28
v -12.125 19.791 0
v -12.125 19.595 0.28
v -12.125 19.595 0

f -12 -15 -14
f -14 -13 -12
f -10 -9 -8
f -8 -9 -7
f -8 -7 -6
f -6 -7 -5
f -6 -5 -4
f -4 -5 -3
f -4 -3 -2
f -2 -3 -1

o Default b5E24
usemtl 0x8FBDB9
v -11.727 19.197 0.28
v -11.433 19.197 0.28
v -11.433 19.589 0.28
v -11.727 19.589 0.28
v -11.727 19.197 0.28
v -11.727 19.197 0.28
v -11.727 19.197 0
v -11.433 19.197 0.28
v -11.433 19.197 0
v -11.433 19.589 0.28
v -11.433 19.589 0
v -11.727 19.589 0.28
v -11.727 19.589 0
v -11.727 19.197 0.28
v -11.727 19.197 0

f -12 -15 -14
f -14 -13 -12
f -10 -9 -8
f -8 -9 -7
f -8 -7 -6
f -6 -7 -5
f -6 -5 -4
f -4 -5 -3
f -4 -3 -2
f -2 -3 -1

o Default b5E26
usemtl 0x8FBDB9
v -11.427 19.195 0.28
v -11.133 19.195 0.28
v -11.133 19.391 0.28
v -11.427 19.391 0.28
v -11.427 19.195 0.28
v -11.427 19.195 0.28
v -11.427 19.195 0
v -11.133 19.195 0.28
v -11.133 19.195 0
v -11.133 19.391 0.28
v -11.133 19.391 0
v -11.427 19.391 0.28
v -11.427 19.391 0
v -11.427 19.195 0.28
v -11.427 19.195 0

f -12 -15 -14
f -14 -13 -12
f -10 -9 -8
f -8 -9 -7
f -8 -7 -6
f -6 -7 -5
f -6 -5 -4
f -4 -5 -3
f -4 -3 -2
f -2 -3 -1

o Default b5F27
usemtl 0x8FBDB9
v -11.627 19.595 0.28
v -11.333 19.595 0.28
v -11.333 19.791 0.28
v -11.627 19.791 0.28
v -11.627 19.595 0.28
v -11.627 19.595 0.28
v -11.627 19.595 0
v -11.333 19.595 0.28
v -11.333 19.595 0
v -11.333 19.791 0.28
v -11.333 19.791 0
v -11.627 19.791 0.28
v -11.627 19.791 0
v -11.627 19.595 0.28
v -11.627 19.595 0

f -12 -15 -14
f -14 -13 -12
f -10 -9 -8
f -8 -9 -7
f -8 -7 -6
f -6 -7 -5
f -6 -5 -4
f -4 -5 -3
f -4 -3 -2
f -2 -3 -1

o Default b5E28
usemtl 0x8FBDB9
v -10.877 19.195 0.28
v -10.583 19.195 0.28
v -10.583 19.391 0.28
v -10.877 19.391 0.28
v -10.877 19.195 0.28
v -10.877 19.195 0.28
v -10.877 19.195 0
v -10.583 19.195 0.28
v -10.583 19.195 0
v -10.583 19.391 0.28
v -10.583 19.391 0
v -10.877 19.391 0.28
v -10.877 19.391 0
v -10.877 19.195 0.28
v -10.877 19.195 0

f -12 -15 -14
f -14 -13 -12
f -10 -9 -8
f -8 -9 -7
f -8 -7 -6
f -6 -7 -5
f -6 -5 -4
f -4 -5 -3
f -4 -3 -2
f -2 -3 -1

o Default b5E30
usemtl 0x8FBDB9
v -10.577 19.195 0.28
v -10.283 19.195 0.28
v -10.283 19.391 0.28
v -10.577 19.391 0.28
v -10.577 19.195 0.28
v -10.577 19.195 0.28
v -10.577 19.195 0
v -10.283 19.195 0.28
v -10.283 19.195 0
v -10.283 19.391 0.28
v -10.283 19.391 0
v -10.577 19.391 0.28
v -10.577 19.391 0
v -10.577 19.195 0.28
v -10.577 19.195 0

f -12 -15 -14
f -14 -13 -12
f -10 -9 -8
f -8 -9 -7
f -8 -7 -6
f -6 -7 -5
f -6 -5 -4
f -4 -5 -3
f -4 -3 -2
f -2 -3 -1

o Default b5E32
usemtl 0x8FBDB9
v -10.277 19.195 0.28
v -9.983 19.195 0.28
v -9.983 19.391 0.28
v -10.277 19.391 0.28
v -10.277 19.195 0.28
v -10.277 19.195 0.28
v -10.277 19.195 0
v -9.983 19.195 0.28
v -9.983 19.195 0
v -9.983 19.391 0.28
v -9.983 19.391 0
v -10.277 19.391 0.28
v -10.277 19.391 0
v -10.277 19.195 0.28
v -10.277 19.195 0

f -12 -15 -14
f -14 -13 -12
f -10 -9 -8
f -8 -9 -7
f -8 -7 -6
f -6 -7 -5
f -6 -5 -4
f -4 -5 -3
f -4 -3 -2
f -2 -3 -1

o Default b5E34
usemtl 0x8FBDB9
v -9.977 19.195 0.28
v -9.683 19.195 0.28
v -9.683 19.391 0.28
v -9.977 19.391 0.28
v -9.977 19.195 0.28
v -9.977 19.195 0.28
v -9.977 19.195 0
v -9.683 19.195 0.28
v -9.683 19.195 0
v -9.683 19.391 0.28
v -9.683 19.391 0
v -9.977 19.391 0.28
v -9.977 19.391 0
v -9.977 19.195 0.28
v -9.977 19.195 0

f -12 -15 -14
f -14 -13 -12
f -10 -9 -8
f -8 -9 -7
f -8 -7 -6
f -6 -7 -5
f -6 -5 -4
f -4 -5 -3
f -4 -3 -2
f -2 -3 -1

o Default b5F31
usemtl 0x8FBDB9
v -10.877 19.397 0.28
v -10.583 19.397 0.28
v -10.583 19.789 0.28
v -10.877 19.789 0.28
v -10.877 19.397 0.28
v -10.877 19.397 0.28
v -10.877 19.397 0
v -10.583 19.397 0.28
v -10.583 19.397 0
v -10.583 19.789 0.28
v -10.583 19.789 0
v -10.877 19.789 0.28
v -10.877 19.789 0
v -10.877 19.397 0.28
v -10.877 19.397 0

f -12 -15 -14
f -14 -13 -12
f -10 -9 -8
f -8 -9 -7
f -8 -7 -6
f -6 -7 -5
f -6 -5 -4
f -4 -5 -3
f -4 -3 -2
f -2 -3 -1

o Default b5F33
usemtl 0x8FBDB9
v -10.577 19.397 0.28
v -10.283 19.397 0.28
v -10.283 19.789 0.28
v -10.577 19.789 0.28
v -10.577 19.397 0.28
v -10.577 19.397 0.28
v -10.577 19.397 0
v -10.283 19.397 0.28
v -10.283 19.397 0
v -10.283 19.789 0.28
v -10.283 19.789 0
v -10.577 19.789 0.28
v -10.577 19.789 0
v -10.577 19.397 0.28
v -10.577 19.397 0

f -12 -15 -14
f -14 -13 -12
f -10 -9 -8
f -8 -9 -7
f -8 -7 -6
f -6 -7 -5
f -6 -5 -4
f -4 -5 -3
f -4 -3 -2
f -2 -3 -1

o Default b5F35
usemtl 0x8FBDB9
v -10.278 19.397 0.28
v -10.082 19.397 0.28
v -10.082 19.789 0.28
v -10.278 19.789 0.28
v -10.278 19.397 0.28
v -10.278 19.397 0.28
v -10.278 19.397 0
v -10.082 19.397 0.28
v -10.082 19.397 0
v -10.082 19.789 0.28
v -10.082 19.789 0
v -10.278 19.789 0.28
v -10.278 19.789 0
v -10.278 19.397 0.28
v -10.278 19.397 0

f -12 -15 -14
f -14 -13 -12
f -10 -9 -8
f -8 -9 -7
f -8 -7 -6
f -6 -7 -5
f -6 -5 -4
f -4 -5 -3
f -4 -3 -2
f -2 -3 -1

o Default b5F37
usemtl 0x8FBDB9
v -10.078 19.397 0.28
v -9.882 19.397 0.28
v -9.882 19.789 0.28
v -10.078 19.789 0.28
v -10.078 19.397 0.28
v -10.078 19.397 0.28
v -10.078 19.397 0
v -9.882 19.397 0.28
v -9.882 19.397 0
v -9.882 19.789 0.28
v -9.882 19.789 0
v -10.078 19.789 0.28
v -10.078 19.789 0
v -10.078 19.397 0.28
v -10.078 19.397 0

f -12 -15 -14
f -14 -13 -12
f -10 -9 -8
f -8 -9 -7
f -8 -7 -6
f -6 -7 -5
f -6 -5 -4
f -4 -5 -3
f -4 -3 -2
f -2 -3 -1

o Default b5F39
usemtl 0x8FBDB9
v -9.878 19.397 0.28
v -9.682 19.397 0.28
v -9.682 19.789 0.28
v -9.878 19.789 0.28
v -9.878 19.397 0.28
v -9.878 19.397 0.28
v -9.878 19.397 0
v -9.682 19.397 0.28
v -9.682 19.397 0
v -9.682 19.789 0.28
v -9.682 19.789 0
v -9.878 19.789 0.28
v -9.878 19.789 0
v -9.878 19.397 0.28
v -9.878 19.397 0

f -12 -15 -14
f -14 -13 -12
f -10 -9 -8
f -8 -9 -7
f -8 -7 -6
f -6 -7 -5
f -6 -5 -4
f -4 -5 -3
f -4 -3 -2
f -2 -3 -1

o Default b5E36
usemtl 0x8FBDB9
v -9.476 19.196 0.28
v -9.084 19.196 0.28
v -9.084 19.49 0.28
v -9.476 19.49 0.28
v -9.476 19.196 0.28
v -9.476 19.196 0.28
v -9.476 19.196 0
v -9.084 19.196 0.28
v -9.084 19.196 0
v -9.084 19.49 0.28
v -9.084 19.49 0
v -9.476 19.49 0.28
v -9.476 19.49 0
v -9.476 19.196 0.28
v -9.476 19.196 0

f -12 -15 -14
f -14 -13 -12
f -10 -9 -8
f -8 -9 -7
f -8 -7 -6
f -6 -7 -5
f -6 -5 -4
f -4 -5 -3
f -4 -3 -2
f -2 -3 -1

o Default b5E38
usemtl 0x8FBDB9
v -9.076 19.196 0.28
v -8.684 19.196 0.28
v -8.684 19.49 0.28
v -9.076 19.49 0.28
v -9.076 19.196 0.28
v -9.076 19.196 0.28
v -9.076 19.196 0
v -8.684 19.196 0.28
v -8.684 19.196 0
v -8.684 19.49 0.28
v -8.684 19.49 0
v -9.076 19.49 0.28
v -9.076 19.49 0
v -9.076 19.196 0.28
v -9.076 19.196 0

f -12 -15 -14
f -14 -13 -12
f -10 -9 -8
f -8 -9 -7
f -8 -7 -6
f -6 -7 -5
f -6 -5 -4
f -4 -5 -3
f -4 -3 -2
f -2 -3 -1

o Default b5F41
usemtl 0x8FBDB9
v -9.477 19.496 0.28
v -9.183 19.496 0.28
v -9.183 19.79 0.28
v -9.477 19.79 0.28
v -9.477 19.496 0.28
v -9.477 19.496 0.28
v -9.477 19.496 0
v -9.183 19.496 0.28
v -9.183 19.496 0
v -9.183 19.79 0.28
v -9.183 19.79 0
v -9.477 19.79 0.28
v -9.477 19.79 0
v -9.477 19.496 0.28
v -9.477 19.496 0

f -12 -15 -14
f -14 -13 -12
f -10 -9 -8
f -8 -9 -7
f -8 -7 -6
f -6 -7 -5
f -6 -5 -4
f -4 -5 -3
f -4 -3 -2
f -2 -3 -1

o Default b5F43
usemtl 0x8FBDB9
v -9.175 19.496 0.28
v -8.685 19.496 0.28
v -8.685 19.79 0.28
v -9.175 19.79 0.28
v -9.175 19.496 0.28
v -9.175 19.496 0.28
v -9.175 19.496 0
v -8.685 19.496 0.28
v -8.685 19.496 0
v -8.685 19.79 0.28
v -8.685 19.79 0
v -9.175 19.79 0.28
v -9.175 19.79 0
v -9.175 19.496 0.28
v -9.175 19.496 0

f -12 -15 -14
f -14 -13 -12
f -10 -9 -8
f -8 -9 -7
f -8 -7 -6
f -6 -7 -5
f -6 -5 -4
f -4 -5 -3
f -4 -3 -2
f -2 -3 -1

o Default b5F10-G11
usemtl 0x8FBDB9
v -17.222 20.099 0.28
v -16.438 20.099 0.28
v -16.438 20.687 0.28
v -17.222 20.687 0.28
v -17.222 20.099 0.28
v -17.222 20.099 0.28
v -17.222 20.099 0
v -16.438 20.099 0.28
v -16.438 20.099 0
v -16.438 20.687 0.28
v -16.438 20.687 0
v -17.222 20.687 0.28
v -17.222 20.687 0
v -17.222 20.099 0.28
v -17.222 20.099 0

f -12 -15 -14
f -14 -13 -12
f -10 -9 -8
f -8 -9 -7
f -8 -7 -6
f -6 -7 -5
f -6 -5 -4
f -4 -5 -3
f -4 -3 -2
f -2 -3 -1

o Default b5F14-G15
usemtl 0x8FBDB9
v -16.422 20.099 0.28
v -15.638 20.099 0.28
v -15.638 20.687 0.28
v -16.422 20.687 0.28
v -16.422 20.099 0.28
v -16.422 20.099 0.28
v -16.422 20.099 0
v -15.638 20.099 0.28
v -15.638 20.099 0
v -15.638 20.687 0.28
v -15.638 20.687 0
v -16.422 20.687 0.28
v -16.422 20.687 0
v -16.422 20.099 0.28
v -16.422 20.099 0

f -12 -15 -14
f -14 -13 -12
f -10 -9 -8
f -8 -9 -7
f -8 -7 -6
f -6 -7 -5
f -6 -5 -4
f -4 -5 -3
f -4 -3 -2
f -2 -3 -1

o Default b5F20-G21
usemtl 0x8FBDB9
v -15.307 20.099 0.28
v -13.102 20.099 0.28
v -13.102 20.687 0.28
v -15.307 20.687 0.28
v -15.307 20.099 0.28
v -15.307 20.099 0.28
v -15.307 20.099 0
v -13.102 20.099 0.28
v -13.102 20.099 0
v -13.102 20.687 0.28
v -13.102 20.687 0
v -15.307 20.687 0.28
v -15.307 20.687 0
v -15.307 20.099 0.28
v -15.307 20.099 0

f -12 -15 -14
f -14 -13 -12
f -10 -9 -8
f -8 -9 -7
f -8 -7 -6
f -6 -7 -5
f -6 -5 -4
f -4 -5 -3
f -4 -3 -2
f -2 -3 -1

o Default b5F24
usemtl 0x8FBDB9
v -12.77 20.046 0.28
v -11.79 20.046 0.28
v -11.79 20.34 0.28
v -12.77 20.34 0.28
v -12.77 20.046 0.28
v -12.77 20.046 0.28
v -12.77 20.046 0
v -11.79 20.046 0.28
v -11.79 20.046 0
v -11.79 20.34 0.28
v -11.79 20.34 0
v -12.77 20.34 0.28
v -12.77 20.34 0
v -12.77 20.046 0.28
v -12.77 20.046 0

f -12 -15 -14
f -14 -13 -12
f -10 -9 -8
f -8 -9 -7
f -8 -7 -6
f -6 -7 -5
f -6 -5 -4
f -4 -5 -3
f -4 -3 -2
f -2 -3 -1

o Default b5G25
usemtl 0x8FBDB9
v -12.767 20.347 0.28
v -11.542 20.347 0.28
v -11.542 20.69 0.28
v -12.767 20.69 0.28
v -12.767 20.347 0.28
v -12.767 20.347 0.28
v -12.767 20.347 0
v -11.542 20.347 0.28
v -11.542 20.347 0
v -11.542 20.69 0.28
v -11.542 20.69 0
v -12.767 20.69 0.28
v -12.767 20.69 0
v -12.767 20.347 0.28
v -12.767 20.347 0

f -12 -15 -14
f -14 -13 -12
f -10 -9 -8
f -8 -9 -7
f -8 -7 -6
f -6 -7 -5
f -6 -5 -4
f -4 -5 -3
f -4 -3 -2
f -2 -3 -1

o Default b5G29
usemtl 0x8FBDB9
v -11.526 20.297 0.28
v -11.134 20.297 0.28
v -11.134 20.689 0.28
v -11.526 20.689 0.28
v -11.526 20.297 0.28
v -11.526 20.297 0.28
v -11.526 20.297 0
v -11.134 20.297 0.28
v -11.134 20.297 0
v -11.134 20.689 0.28
v -11.134 20.689 0
v -11.526 20.689 0.28
v -11.526 20.689 0
v -11.526 20.297 0.28
v -11.526 20.297 0

f -12 -15 -14
f -14 -13 -12
f -10 -9 -8
f -8 -9 -7
f -8 -7 -6
f -6 -7 -5
f -6 -5 -4
f -4 -5 -3
f -4 -3 -2
f -2 -3 -1

o Default b5F30
usemtl 0x8FBDB9
v -10.878 20.095 0.28
v -10.682 20.095 0.28
v -10.682 20.291 0.28
v -10.878 20.291 0.28
v -10.878 20.095 0.28
v -10.878 20.095 0.28
v -10.878 20.095 0
v -10.682 20.095 0.28
v -10.682 20.095 0
v -10.682 20.291 0.28
v -10.682 20.291 0
v -10.878 20.291 0.28
v -10.878 20.291 0
v -10.878 20.095 0.28
v -10.878 20.095 0

f -12 -15 -14
f -14 -13 -12
f -10 -9 -8
f -8 -9 -7
f -8 -7 -6
f -6 -7 -5
f -6 -5 -4
f -4 -5 -3
f -4 -3 -2
f -2 -3 -1

o Default b5F32
usemtl 0x8FBDB9
v -10.678 20.095 0.28
v -10.482 20.095 0.28
v -10.482 20.291 0.28
v -10.678 20.291 0.28
v -10.678 20.095 0.28
v -10.678 20.095 0.28
v -10.678 20.095 0
v -10.482 20.095 0.28
v -10.482 20.095 0
v -10.482 20.291 0.28
v -10.482 20.291 0
v -10.678 20.291 0.28
v -10.678 20.291 0
v -10.678 20.095 0.28
v -10.678 20.095 0

f -12 -15 -14
f -14 -13 -12
f -10 -9 -8
f -8 -9 -7
f -8 -7 -6
f -6 -7 -5
f -6 -5 -4
f -4 -5 -3
f -4 -3 -2
f -2 -3 -1

o Default b5F34
usemtl 0x8FBDB9
v -10.478 20.095 0.28
v -10.282 20.095 0.28
v -10.282 20.291 0.28
v -10.478 20.291 0.28
v -10.478 20.095 0.28
v -10.478 20.095 0.28
v -10.478 20.095 0
v -10.282 20.095 0.28
v -10.282 20.095 0
v -10.282 20.291 0.28
v -10.282 20.291 0
v -10.478 20.291 0.28
v -10.478 20.291 0
v -10.478 20.095 0.28
v -10.478 20.095 0

f -12 -15 -14
f -14 -13 -12
f -10 -9 -8
f -8 -9 -7
f -8 -7 -6
f -6 -7 -5
f -6 -5 -4
f -4 -5 -3
f -4 -3 -2
f -2 -3 -1

o Default b5F36
usemtl 0x8FBDB9
v -10.278 20.095 0.28
v -10.082 20.095 0.28
v -10.082 20.291 0.28
v -10.278 20.291 0.28
v -10.278 20.095 0.28
v -10.278 20.095 0.28
v -10.278 20.095 0
v -10.082 20.095 0.28
v -10.082 20.095 0
v -10.082 20.291 0.28
v -10.082 20.291 0
v -10.278 20.291 0.28
v -10.278 20.291 0
v -10.278 20.095 0.28
v -10.278 20.095 0

f -12 -15 -14
f -14 -13 -12
f -10 -9 -8
f -8 -9 -7
f -8 -7 -6
f -6 -7 -5
f -6 -5 -4
f -4 -5 -3
f -4 -3 -2
f -2 -3 -1

o Default b5F38
usemtl 0x8FBDB9
v -10.078 20.095 0.28
v -9.882 20.095 0.28
v -9.882 20.291 0.28
v -10.078 20.291 0.28
v -10.078 20.095 0.28
v -10.078 20.095 0.28
v -10.078 20.095 0
v -9.882 20.095 0.28
v -9.882 20.095 0
v -9.882 20.291 0.28
v -9.882 20.291 0
v -10.078 20.291 0.28
v -10.078 20.291 0
v -10.078 20.095 0.28
v -10.078 20.095 0

f -12 -15 -14
f -14 -13 -12
f -10 -9 -8
f -8 -9 -7
f -8 -7 -6
f -6 -7 -5
f -6 -5 -4
f -4 -5 -3
f -4 -3 -2
f -2 -3 -1

o Default b5F40
usemtl 0x8FBDB9
v -9.878 20.095 0.28
v -9.682 20.095 0.28
v -9.682 20.291 0.28
v -9.878 20.291 0.28
v -9.878 20.095 0.28
v -9.878 20.095 0.28
v -9.878 20.095 0
v -9.682 20.095 0.28
v -9.682 20.095 0
v -9.682 20.291 0.28
v -9.682 20.291 0
v -9.878 20.291 0.28
v -9.878 20.291 0
v -9.878 20.095 0.28
v -9.878 20.095 0

f -12 -15 -14
f -14 -13 -12
f -10 -9 -8
f -8 -9 -7
f -8 -7 -6
f -6 -7 -5
f -6 -5 -4
f -4 -5 -3
f -4 -3 -2
f -2 -3 -1

o Default b5F42
usemtl 0x8FBDB9
v -9.678 20.095 0.28
v -9.482 20.095 0.28
v -9.482 20.291 0.28
v -9.678 20.291 0.28
v -9.678 20.095 0.28
v -9.678 20.095 0.28
v -9.678 20.095 0
v -9.482 20.095 0.28
v -9.482 20.095 0
v -9.482 20.291 0.28
v -9.482 20.291 0
v -9.678 20.291 0.28
v -9.678 20.291 0
v -9.678 20.095 0.28
v -9.678 20.095 0

f -12 -15 -14
f -14 -13 -12
f -10 -9 -8
f -8 -9 -7
f -8 -7 -6
f -6 -7 -5
f -6 -5 -4
f -4 -5 -3
f -4 -3 -2
f -2 -3 -1

o Default b5F46
usemtl 0x8FBDB9
v -9.472 20.095 0.28
v -8.688 20.095 0.28
v -8.688 20.291 0.28
v -9.472 20.291 0.28
v -9.472 20.095 0.28
v -9.472 20.095 0.28
v -9.472 20.095 0
v -8.688 20.095 0.28
v -8.688 20.095 0
v -8.688 20.291 0.28
v -8.688 20.291 0
v -9.472 20.291 0.28
v -9.472 20.291 0
v -9.472 20.095 0.28
v -9.472 20.095 0

f -12 -15 -14
f -14 -13 -12
f -10 -9 -8
f -8 -9 -7
f -8 -7 -6
f -6 -7 -5
f -6 -5 -4
f -4 -5 -3
f -4 -3 -2
f -2 -3 -1

o Default b5G31
usemtl 0x8FBDB9
v -10.868 20.297 0.28
v -9.741 20.297 0.28
v -9.741 20.689 0.28
v -10.868 20.689 0.28
v -10.868 20.297 0.28
v -10.868 20.297 0.28
v -10.868 20.297 0
v -9.741 20.297 0.28
v -9.741 20.297 0
v -9.741 20.689 0.28
v -9.741 20.689 0
v -10.868 20.689 0.28
v -10.868 20.689 0
v -10.868 20.297 0.28
v -10.868 20.297 0

f -12 -15 -14
f -14 -13 -12
f -10 -9 -8
f -8 -9 -7
f -8 -7 -6
f -6 -7 -5
f -6 -5 -4
f -4 -5 -3
f -4 -3 -2
f -2 -3 -1

o Default b5G35
usemtl 0x8FBDB9
v -9.719 20.297 0.28
v -8.69 20.297 0.28
v -8.69 20.689 0.28
v -9.719 20.689 0.28
v -9.719 20.297 0.28
v -9.719 20.297 0.28
v -9.719 20.297 0
v -8.69 20.297 0.28
v -8.69 20.297 0
v -8.69 20.689 0.28
v -8.69 20.689 0
v -9.719 20.689 0.28
v -9.719 20.689 0
v -9.719 20.297 0.28
v -9.719 20.297 0

f -12 -15 -14
f -14 -13 -12
f -10 -9 -8
f -8 -9 -7
f -8 -7 -6
f -6 -7 -5
f -6 -5 -4
f -4 -5 -3
f -4 -3 -2
f -2 -3 -1

o Default b5G10-H11
usemtl 0x8FBDB9
v -17.217 21.001 0.28
v -15.943 21.001 0.28
v -15.943 21.785 0.28
v -17.217 21.785 0.28
v -17.217 21.001 0.28
v -17.217 21.001 0.28
v -17.217 21.001 0
v -15.943 21.001 0.28
v -15.943 21.001 0
v -15.943 21.785 0.28
v -15.943 21.785 0
v -17.217 21.785 0.28
v -17.217 21.785 0
v -17.217 21.001 0.28
v -17.217 21.001 0

f -12 -15 -14
f -14 -13 -12
f -10 -9 -8
f -8 -9 -7
f -8 -7 -6
f -6 -7 -5
f -6 -5 -4
f -4 -5 -3
f -4 -3 -2
f -2 -3 -1

o Default b5G14-H15
usemtl 0x8FBDB9
v -15.927 21.001 0.28
v -15.633 21.001 0.28
v -15.633 21.785 0.28
v -15.927 21.785 0.28
v -15.927 21.001 0.28
v -15.927 21.001 0.28
v -15.927 21.001 0
v -15.633 21.001 0.28
v -15.633 21.001 0
v -15.633 21.785 0.28
v -15.633 21.785 0
v -15.927 21.785 0.28
v -15.927 21.785 0
v -15.927 21.001 0.28
v -15.927 21.001 0

f -12 -15 -14
f -14 -13 -12
f -10 -9 -8
f -8 -9 -7
f -8 -7 -6
f -6 -7 -5
f -6 -5 -4
f -4 -5 -3
f -4 -3 -2
f -2 -3 -1

o Default b5G20-H21
usemtl 0x8FBDB9
v -15.31 21.001 0.28
v -13.35 21.001 0.28
v -13.35 21.785 0.28
v -15.31 21.785 0.28
v -15.31 21.001 0.28
v -15.31 21.001 0.28
v -15.31 21.001 0
v -13.35 21.001 0.28
v -13.35 21.001 0
v -13.35 21.785 0.28
v -13.35 21.785 0
v -15.31 21.785 0.28
v -15.31 21.785 0
v -15.31 21.001 0.28
v -15.31 21.001 0

f -12 -15 -14
f -14 -13 -12
f -10 -9 -8
f -8 -9 -7
f -8 -7 -6
f -6 -7 -5
f -6 -5 -4
f -4 -5 -3
f -4 -3 -2
f -2 -3 -1

o Default b5G24-H25
usemtl 0x8FBDB9
v -13.327 21.001 0.28
v -13.082 21.001 0.28
v -13.082 21.785 0.28
v -13.327 21.785 0.28
v -13.327 21.001 0.28
v -13.327 21.001 0.28
v -13.327 21.001 0
v -13.082 21.001 0.28
v -13.082 21.001 0
v -13.082 21.785 0.28
v -13.082 21.785 0
v -13.327 21.785 0.28
v -13.327 21.785 0
v -13.327 21.001 0.28
v -13.327 21.001 0

f -12 -15 -14
f -14 -13 -12
f -10 -9 -8
f -8 -9 -7
f -8 -7 -6
f -6 -7 -5
f -6 -5 -4
f -4 -5 -3
f -4 -3 -2
f -2 -3 -1

o Default b5G30
usemtl 0x8FBDB9
v -12.77 20.997 0.28
v -11.79 20.997 0.28
v -11.79 21.389 0.28
v -12.77 21.389 0.28
v -12.77 20.997 0.28
v -12.77 20.997 0.28
v -12.77 20.997 0
v -11.79 20.997 0.28
v -11.79 20.997 0
v -11.79 21.389 0.28
v -11.79 21.389 0
v -12.77 21.389 0.28
v -12.77 21.389 0
v -12.77 20.997 0.28
v -12.77 20.997 0

f -12 -15 -14
f -14 -13 -12
f -10 -9 -8
f -8 -9 -7
f -8 -7 -6
f -6 -7 -5
f -6 -5 -4
f -4 -5 -3
f -4 -3 -2
f -2 -3 -1

o Default b5H31
usemtl 0x8FBDB9
v -12.77 21.397 0.28
v -11.79 21.397 0.28
v -11.79 21.789 0.28
v -12.77 21.789 0.28
v -12.77 21.397 0.28
v -12.77 21.397 0.28
v -12.77 21.397 0
v -11.79 21.397 0.28
v -11.79 21.397 0
v -11.79 21.789 0.28
v -11.79 21.789 0
v -12.77 21.789 0.28
v -12.77 21.789 0
v -12.77 21.397 0.28
v -12.77 21.397 0

f -12 -15 -14
f -14 -13 -12
f -10 -9 -8
f -8 -9 -7
f -8 -7 -6
f -6 -7 -5
f -6 -5 -4
f -4 -5 -3
f -4 -3 -2
f -2 -3 -1

o Default b5G34-H35
usemtl 0x8FBDB9
v -11.774 21.001 0.28
v -11.186 21.001 0.28
v -11.186 21.785 0.28
v -11.774 21.785 0.28
v -11.774 21.001 0.28
v -11.774 21.001 0.28
v -11.774 21.001 0
v -11.186 21.001 0.28
v -11.186 21.001 0
v -11.186 21.785 0.28
v -11.186 21.785 0
v -11.774 21.785 0.28
v -11.774 21.785 0
v -11.774 21.001 0.28
v -11.774 21.001 0

f -12 -15 -14
f -14 -13 -12
f -10 -9 -8
f -8 -9 -7
f -8 -7 -6
f -6 -7 -5
f -6 -5 -4
f -4 -5 -3
f -4 -3 -2
f -2 -3 -1

o Default b5G40-H41
usemtl 0x8FBDB9
v -10.858 21.001 0.28
v -8.702 21.001 0.28
v -8.702 21.785 0.28
v -10.858 21.785 0.28
v -10.858 21.001 0.28
v -10.858 21.001 0.28
v -10.858 21.001 0
v -8.702 21.001 0.28
v -8.702 21.001 0
v -8.702 21.785 0.28
v -8.702 21.785 0
v -10.858 21.785 0.28
v -10.858 21.785 0
v -10.858 21.001 0.28
v -10.858 21.001 0

f -12 -15 -14
f -14 -13 -12
f -10 -9 -8
f -8 -9 -7
f -8 -7 -6
f -6 -7 -5
f -6 -5 -4
f -4 -5 -3
f -4 -3 -2
f -2 -3 -1

o Default b5H10-J11
usemtl 0x8FBDB9
v -17.214 22.101 0.28
v -15.646 22.101 0.28
v -15.646 22.885 0.28
v -17.214 22.885 0.28
v -17.214 22.101 0.28
v -17.214 22.101 0.28
v -17.214 22.101 0
v -15.646 22.101 0.28
v -15.646 22.101 0
v -15.646 22.885 0.28
v -15.646 22.885 0
v -17.214 22.885 0.28
v -17.214 22.885 0
v -17.214 22.101 0.28
v -17.214 22.101 0

f -12 -15 -14
f -14 -13 -12
f -10 -9 -8
f -8 -9 -7
f -8 -7 -6
f -6 -7 -5
f -6 -5 -4
f -4 -5 -3
f -4 -3 -2
f -2 -3 -1

o Default b5H20
usemtl 0x8FBDB9
v -15.32 22.098 0.28
v -14.389 22.098 0.28
v -14.389 22.539 0.28
v -15.32 22.539 0.28
v -15.32 22.098 0.28
v -15.32 22.098 0.28
v -15.32 22.098 0
v -14.389 22.098 0.28
v -14.389 22.098 0
v -14.389 22.539 0.28
v -14.389 22.539 0
v -15.32 22.539 0.28
v -15.32 22.539 0
v -15.32 22.098 0.28
v -15.32 22.098 0

f -12 -15 -14
f -14 -13 -12
f -10 -9 -8
f -8 -9 -7
f -8 -7 -6
f -6 -7 -5
f -6 -5 -4
f -4 -5 -3
f -4 -3 -2
f -2 -3 -1

o Default b5J21
usemtl 0x8FBDB9
v -15.32 22.547 0.28
v -14.389 22.547 0.28
v -14.389 22.89 0.28
v -15.32 22.89 0.28
v -15.32 22.547 0.28
v -15.32 22.547 0.28
v -15.32 22.547 0
v -14.389 22.547 0.28
v -14.389 22.547 0
v -14.389 22.89 0.28
v -14.389 22.89 0
v -15.32 22.89 0.28
v -15.32 22.89 0
v -15.32 22.547 0.28
v -15.32 22.547 0

f -12 -15 -14
f -14 -13 -12
f -10 -9 -8
f -8 -9 -7
f -8 -7 -6
f -6 -7 -5
f -6 -5 -4
f -4 -5 -3
f -4 -3 -2
f -2 -3 -1

o Default b5H24-G25
usemtl 0x8FBDB9
v -14.368 22.101 0.28
v -13.241 22.101 0.28
v -13.241 22.885 0.28
v -14.368 22.885 0.28
v -14.368 22.101 0.28
v -14.368 22.101 0.28
v -14.368 22.101 0
v -13.241 22.101 0.28
v -13.241 22.101 0
v -13.241 22.885 0.28
v -13.241 22.885 0
v -14.368 22.885 0.28
v -14.368 22.885 0
v -14.368 22.101 0.28
v -14.368 22.101 0

f -12 -15 -14
f -14 -13 -12
f -10 -9 -8
f -8 -9 -7
f -8 -7 -6
f -6 -7 -5
f -6 -5 -4
f -4 -5 -3
f -4 -3 -2
f -2 -3 -1

o Default b5H30-J31
usemtl 0x8FBDB9
v -12.773 22.101 0.28
v -12.136 22.101 0.28
v -12.136 22.885 0.28
v -12.773 22.885 0.28
v -12.773 22.101 0.28
v -12.773 22.101 0.28
v -12.773 22.101 0
v -12.136 22.101 0.28
v -12.136 22.101 0
v -12.136 22.885 0.28
v -12.136 22.885 0
v -12.773 22.885 0.28
v -12.773 22.885 0
v -12.773 22.101 0.28
v -12.773 22.101 0

f -12 -15 -14
f -14 -13 -12
f -10 -9 -8
f -8 -9 -7
f -8 -7 -6
f -6 -7 -5
f -6 -5 -4
f -4 -5 -3
f -4 -3 -2
f -2 -3 -1

o Default b5H34-J35
usemtl 0x8FBDB9
v -12.125 22.101 0.28
v -11.684 22.101 0.28
v -11.684 22.885 0.28
v -12.125 22.885 0.28
v -12.125 22.101 0.28
v -12.125 22.101 0.28
v -12.125 22.101 0
v -11.684 22.101 0.28
v -11.684 22.101 0
v -11.684 22.885 0.28
v -11.684 22.885 0
v -12.125 22.885 0.28
v -12.125 22.885 0
v -12.125 22.101 0.28
v -12.125 22.101 0

f -12 -15 -14
f -14 -13 -12
f -10 -9 -8
f -8 -9 -7
f -8 -7 -6
f -6 -7 -5
f -6 -5 -4
f -4 -5 -3
f -4 -3 -2
f -2 -3 -1

o Default b5H40-J41
usemtl 0x8FBDB9
v -11.402 22.101 0.28
v -8.707 22.101 0.28
v -8.707 22.885 0.28
v -11.402 22.885 0.28
v -11.402 22.101 0.28
v -11.402 22.101 0.28
v -11.402 22.101 0
v -8.707 22.101 0.28
v -8.707 22.101 0
v -8.707 22.885 0.28
v -8.707 22.885 0
v -11.402 22.885 0.28
v -11.402 22.885 0
v -11.402 22.101 0.28
v -11.402 22.101 0

f -12 -15 -14
f -14 -13 -12
f -10 -9 -8
f -8 -9 -7
f -8 -7 -6
f -6 -7 -5
f -6 -5 -4
f -4 -5 -3
f -4 -3 -2
f -2 -3 -1

o Default b5J10-K11
usemtl 0x8FBDB9
v -17.214 23.101 0.28
v -15.646 23.101 0.28
v -15.646 23.885 0.28
v -17.214 23.885 0.28
v -17.214 23.101 0.28
v -17.214 23.101 0.28
v -17.214 23.101 0
v -15.646 23.101 0.28
v -15.646 23.101 0
v -15.646 23.885 0.28
v -15.646 23.885 0
v -17.214 23.885 0.28
v -17.214 23.885 0
v -17.214 23.101 0.28
v -17.214 23.101 0

f -12 -15 -14
f -14 -13 -12
f -10 -9 -8
f -8 -9 -7
f -8 -7 -6
f -6 -7 -5
f -6 -5 -4
f -4 -5 -3
f -4 -3 -2
f -2 -3 -1

o Default b5J20
usemtl 0x8FBDB9
v -15.319 23.098 0.28
v -14.241 23.098 0.28
v -14.241 23.588 0.28
v -15.319 23.588 0.28
v -15.319 23.098 0.28
v -15.319 23.098 0.28
v -15.319 23.098 0
v -14.241 23.098 0.28
v -14.241 23.098 0
v -14.241 23.588 0.28
v -14.241 23.588 0
v -15.319 23.588 0.28
v -15.319 23.588 0
v -15.319 23.098 0.28
v -15.319 23.098 0

f -12 -15 -14
f -14 -13 -12
f -10 -9 -8
f -8 -9 -7
f -8 -7 -6
f -6 -7 -5
f -6 -5 -4
f -4 -5 -3
f -4 -3 -2
f -2 -3 -1

o Default b5K21
usemtl 0x8FBDB9
v -15.325 23.596 0.28
v -14.835 23.596 0.28
v -14.835 23.89 0.28
v -15.325 23.89 0.28
v -15.325 23.596 0.28
v -15.325 23.596 0.28
v -15.325 23.596 0
v -14.835 23.596 0.28
v -14.835 23.596 0
v -14.835 23.89 0.28
v -14.835 23.89 0
v -15.325 23.89 0.28
v -15.325 23.89 0
v -15.325 23.596 0.28
v -15.325 23.596 0

f -12 -15 -14
f -14 -13 -12
f -10 -9 -8
f -8 -9 -7
f -8 -7 -6
f -6 -7 -5
f -6 -5 -4
f -4 -5 -3
f -4 -3 -2
f -2 -3 -1

o Default b5K23
usemtl 0x8FBDB9
v -14.825 23.596 0.28
v -14.335 23.596 0.28
v -14.335 23.89 0.28
v -14.825 23.89 0.28
v -14.825 23.596 0.28
v -14.825 23.596 0.28
v -14.825 23.596 0
v -14.335 23.596 0.28
v -14.335 23.596 0
v -14.335 23.89 0.28
v -14.335 23.89 0
v -14.825 23.89 0.28
v -14.825 23.89 0
v -14.825 23.596 0.28
v -14.825 23.596 0

f -12 -15 -14
f -14 -13 -12
f -10 -9 -8
f -8 -9 -7
f -8 -7 -6
f -6 -7 -5
f -6 -5 -4
f -4 -5 -3
f -4 -3 -2
f -2 -3 -1

o Default b5K25
usemtl 0x8FBDB9
v -14.323 23.596 0.28
v -13.686 23.596 0.28
v -13.686 23.89 0.28
v -14.323 23.89 0.28
v -14.323 23.596 0.28
v -14.323 23.596 0.28
v -14.323 23.596 0
v -13.686 23.596 0.28
v -13.686 23.596 0
v -13.686 23.89 0.28
v -13.686 23.89 0
v -14.323 23.89 0.28
v -14.323 23.89 0
v -14.323 23.596 0.28
v -14.323 23.596 0

f -12 -15 -14
f -14 -13 -12
f -10 -9 -8
f -8 -9 -7
f -8 -7 -6
f -6 -7 -5
f -6 -5 -4
f -4 -5 -3
f -4 -3 -2
f -2 -3 -1

o Default b5J24
usemtl 0x8FBDB9
v -14.224 23.098 0.28
v -13.685 23.098 0.28
v -13.685 23.588 0.28
v -14.224 23.588 0.28
v -14.224 23.098 0.28
v -14.224 23.098 0.28
v -14.224 23.098 0
v -13.685 23.098 0.28
v -13.685 23.098 0
v -13.685 23.588 0.28
v -13.685 23.588 0
v -14.224 23.588 0.28
v -14.224 23.588 0
v -14.224 23.098 0.28
v -14.224 23.098 0

f -12 -15 -14
f -14 -13 -12
f -10 -9 -8
f -8 -9 -7
f -8 -7 -6
f -6 -7 -5
f -6 -5 -4
f -4 -5 -3
f -4 -3 -2
f -2 -3 -1

o Default b5J26
usemtl 0x8FBDB9
v -13.674 23.097 0.28
v -13.086 23.097 0.28
v -13.086 23.489 0.28
v -13.674 23.489 0.28
v -13.674 23.097 0.28
v -13.674 23.097 0.28
v -13.674 23.097 0
v -13.086 23.097 0.28
v -13.086 23.097 0
v -13.086 23.489 0.28
v -13.086 23.489 0
v -13.674 23.489 0.28
v -13.674 23.489 0
v -13.674 23.097 0.28
v -13.674 23.097 0

f -12 -15 -14
f -14 -13 -12
f -10 -9 -8
f -8 -9 -7
f -8 -7 -6
f -6 -7 -5
f -6 -5 -4
f -4 -5 -3
f -4 -3 -2
f -2 -3 -1

o Default b5J30-K31
usemtl 0x8FBDB9
v -12.76 23.101 0.28
v -10.8 23.101 0.28
v -10.8 23.885 0.28
v -12.76 23.885 0.28
v -12.76 23.101 0.28
v -12.76 23.101 0.28
v -12.76 23.101 0
v -10.8 23.101 0.28
v -10.8 23.101 0
v -10.8 23.885 0.28
v -10.8 23.885 0
v -12.76 23.885 0.28
v -12.76 23.885 0
v -12.76 23.101 0.28
v -12.76 23.101 0

f -12 -15 -14
f -14 -13 -12
f -10 -9 -8
f -8 -9 -7
f -8 -7 -6
f -6 -7 -5
f -6 -5 -4
f -4 -5 -3
f -4 -3 -2
f -2 -3 -1

o Default b5J40-K41
usemtl 0x8FBDB9
v -10.462 23.101 0.28
v -8.698 23.101 0.28
v -8.698 23.885 0.28
v -10.462 23.885 0.28
v -10.462 23.101 0.28
v -10.462 23.101 0.28
v -10.462 23.101 0
v -8.698 23.101 0.28
v -8.698 23.101 0
v -8.698 23.885 0.28
v -8.698 23.885 0
v -10.462 23.885 0.28
v -10.462 23.885 0
v -10.462 23.101 0.28
v -10.462 23.101 0

f -12 -15 -14
f -14 -13 -12
f -10 -9 -8
f -8 -9 -7
f -8 -7 -6
f -6 -7 -5
f -6 -5 -4
f -4 -5 -3
f -4 -3 -2
f -2 -3 -1

o Default b5K10-L11
usemtl 0x8FBDB9
v -17.214 24.201 0.28
v -15.646 24.201 0.28
v -15.646 24.985 0.28
v -17.214 24.985 0.28
v -17.214 24.201 0.28
v -17.214 24.201 0.28
v -17.214 24.201 0
v -15.646 24.201 0.28
v -15.646 24.201 0
v -15.646 24.985 0.28
v -15.646 24.985 0
v -17.214 24.985 0.28
v -17.214 24.985 0
v -17.214 24.201 0.28
v -17.214 24.201 0

f -12 -15 -14
f -14 -13 -12
f -10 -9 -8
f -8 -9 -7
f -8 -7 -6
f -6 -7 -5
f -6 -5 -4
f -4 -5 -3
f -4 -3 -2
f -2 -3 -1

o Default b5K20-L21
usemtl 0x8FBDB9
v -15.317 24.201 0.28
v -14.043 24.201 0.28
v -14.043 24.985 0.28
v -15.317 24.985 0.28
v -15.317 24.201 0.28
v -15.317 24.201 0.28
v -15.317 24.201 0
v -14.043 24.201 0.28
v -14.043 24.201 0
v -14.043 24.985 0.28
v -14.043 24.985 0
v -15.317 24.985 0.28
v -15.317 24.985 0
v -15.317 24.201 0.28
v -15.317 24.201 0

f -12 -15 -14
f -14 -13 -12
f -10 -9 -8
f -8 -9 -7
f -8 -7 -6
f -6 -7 -5
f -6 -5 -4
f -4 -5 -3
f -4 -3 -2
f -2 -3 -1

o Default b5K24-L25
usemtl 0x8FBDB9
v -14.02 24.201 0.28
v -13.089 24.201 0.28
v -13.089 24.985 0.28
v -14.02 24.985 0.28
v -14.02 24.201 0.28
v -14.02 24.201 0.28
v -14.02 24.201 0
v -13.089 24.201 0.28
v -13.089 24.201 0
v -13.089 24.985 0.28
v -13.089 24.985 0
v -14.02 24.985 0.28
v -14.02 24.985 0
v -14.02 24.201 0.28
v -14.02 24.201 0

f -12 -15 -14
f -14 -13 -12
f -10 -9 -8
f -8 -9 -7
f -8 -7 -6
f -6 -7 -5
f -6 -5 -4
f -4 -5 -3
f -4 -3 -2
f -2 -3 -1

o Default b5K30-L31
usemtl 0x8FBDB9
v -12.771 24.2 0.28
v -11.889 24.2 0.28
v -11.889 24.837 0.28
v -12.771 24.837 0.28
v -12.771 24.2 0.28
v -12.771 24.2 0.28
v -12.771 24.2 0
v -11.889 24.2 0.28
v -11.889 24.2 0
v -11.889 24.837 0.28
v -11.889 24.837 0
v -12.771 24.837 0.28
v -12.771 24.837 0
v -12.771 24.2 0.28
v -12.771 24.2 0

f -12 -15 -14
f -14 -13 -12
f -10 -9 -8
f -8 -9 -7
f -8 -7 -6
f -6 -7 -5
f -6 -5 -4
f -4 -5 -3
f -4 -3 -2
f -2 -3 -1

o Default b5K34-L35
usemtl 0x8FBDB9
v -11.873 24.2 0.28
v -11.187 24.2 0.28
v -11.187 24.837 0.28
v -11.873 24.837 0.28
v -11.873 24.2 0.28
v -11.873 24.2 0.28
v -11.873 24.2 0
v -11.187 24.2 0.28
v -11.187 24.2 0
v -11.187 24.837 0.28
v -11.187 24.837 0
v -11.873 24.837 0.28
v -11.873 24.837 0
v -11.873 24.2 0.28
v -11.873 24.2 0

f -12 -15 -14
f -14 -13 -12
f -10 -9 -8
f -8 -9 -7
f -8 -7 -6
f -6 -7 -5
f -6 -5 -4
f -4 -5 -3
f -4 -3 -2
f -2 -3 -1

o Default b5K40
usemtl 0x8FBDB9
v -10.919 24.197 0.28
v -9.89 24.197 0.28
v -9.89 24.589 0.28
v -10.919 24.589 0.28
v -10.919 24.197 0.28
v -10.919 24.197 0.28
v -10.919 24.197 0
v -9.89 24.197 0.28
v -9.89 24.197 0
v -9.89 24.589 0.28
v -9.89 24.589 0
v -10.919 24.589 0.28
v -10.919 24.589 0
v -10.919 24.197 0.28
v -10.919 24.197 0

f -12 -15 -14
f -14 -13 -12
f -10 -9 -8
f -8 -9 -7
f -8 -7 -6
f -6 -7 -5
f -6 -5 -4
f -4 -5 -3
f -4 -3 -2
f -2 -3 -1

o Default b5L41
usemtl 0x8FBDB9
v -10.923 24.596 0.28
v -10.237 24.596 0.28
v -10.237 24.841 0.28
v -10.923 24.841 0.28
v -10.923 24.596 0.28
v -10.923 24.596 0.28
v -10.923 24.596 0
v -10.237 24.596 0.28
v -10.237 24.596 0
v -10.237 24.841 0.28
v -10.237 24.841 0
v -10.923 24.841 0.28
v -10.923 24.841 0
v -10.923 24.596 0.28
v -10.923 24.596 0

f -12 -15 -14
f -14 -13 -12
f -10 -9 -8
f -8 -9 -7
f -8 -7 -6
f -6 -7 -5
f -6 -5 -4
f -4 -5 -3
f -4 -3 -2
f -2 -3 -1

o Default b5L43
usemtl 0x8FBDB9
v -10.226 24.596 0.28
v -9.883 24.596 0.28
v -9.883 24.841 0.28
v -10.226 24.841 0.28
v -10.226 24.596 0.28
v -10.226 24.596 0.28
v -10.226 24.596 0
v -9.883 24.596 0.28
v -9.883 24.596 0
v -9.883 24.841 0.28
v -9.883 24.841 0
v -10.226 24.841 0.28
v -10.226 24.841 0
v -10.226 24.596 0.28
v -10.226 24.596 0

f -12 -15 -14
f -14 -13 -12
f -10 -9 -8
f -8 -9 -7
f -8 -7 -6
f -6 -7 -5
f -6 -5 -4
f -4 -5 -3
f -4 -3 -2
f -2 -3 -1

o Default b5K44
usemtl 0x8FBDB9
v -9.575 24.197 0.28
v -9.085 24.197 0.28
v -9.085 24.54 0.28
v -9.575 24.54 0.28
v -9.575 24.197 0.28
v -9.575 24.197 0.28
v -9.575 24.197 0
v -9.085 24.197 0.28
v -9.085 24.197 0
v -9.085 24.54 0.28
v -9.085 24.54 0
v -9.575 24.54 0.28
v -9.575 24.54 0
v -9.575 24.197 0.28
v -9.575 24.197 0

f -12 -15 -14
f -14 -13 -12
f -10 -9 -8
f -8 -9 -7
f -8 -7 -6
f -6 -7 -5
f -6 -5 -4
f -4 -5 -3
f -4 -3 -2
f -2 -3 -1

o Default b5L49
usemtl 0x8FBDB9
v -9.575 24.546 0.28
v -9.134 24.546 0.28
v -9.134 24.84 0.28
v -9.575 24.84 0.28
v -9.575 24.546 0.28
v -9.575 24.546 0.28
v -9.575 24.546 0
v -9.134 24.546 0.28
v -9.134 24.546 0
v -9.134 24.84 0.28
v -9.134 24.84 0
v -9.575 24.84 0.28
v -9.575 24.84 0
v -9.575 24.546 0.28
v -9.575 24.546 0

f -12 -15 -14
f -14 -13 -12
f -10 -9 -8
f -8 -9 -7
f -8 -7 -6
f -6 -7 -5
f -6 -5 -4
f -4 -5 -3
f -4 -3 -2
f -2 -3 -1

o Default b5K46
usemtl 0x8FBDB9
v -9.076 24.197 0.28
v -8.684 24.197 0.28
v -8.684 24.54 0.28
v -9.076 24.54 0.28
v -9.076 24.197 0.28
v -9.076 24.197 0.28
v -9.076 24.197 0
v -8.684 24.197 0.28
v -8.684 24.197 0
v -8.684 24.54 0.28
v -8.684 24.54 0
v -9.076 24.54 0.28
v -9.076 24.54 0
v -9.076 24.197 0.28
v -9.076 24.197 0

f -12 -15 -14
f -14 -13 -12
f -10 -9 -8
f -8 -9 -7
f -8 -7 -6
f -6 -7 -5
f -6 -5 -4
f -4 -5 -3
f -4 -3 -2
f -2 -3 -1

o Default b5L53
usemtl 0x8FBDB9
v -9.125 24.546 0.28
v -8.684 24.546 0.28
v -8.684 24.84 0.28
v -9.125 24.84 0.28
v -9.125 24.546 0.28
v -9.125 24.546 0.28
v -9.125 24.546 0
v -8.684 24.546 0.28
v -8.684 24.546 0
v -8.684 24.84 0.28
v -8.684 24.84 0
v -9.125 24.84 0.28
v -9.125 24.84 0
v -9.125 24.546 0.28
v -9.125 24.546 0

f -12 -15 -14
f -14 -13 -12
f -10 -9 -8
f -8 -9 -7
f -8 -7 -6
f -6 -7 -5
f -6 -5 -4
f -4 -5 -3
f -4 -3 -2
f -2 -3 -1

o Default b5L10
usemtl 0x8FBDB9
v -17.221 25.247 0.28
v -16.339 25.247 0.28
v -16.339 25.59 0.28
v -17.221 25.59 0.28
v -17.221 25.247 0.28
v -17.221 25.247 0.28
v -17.221 25.247 0
v -16.339 25.247 0.28
v -16.339 25.247 0
v -16.339 25.59 0.28
v -16.339 25.59 0
v -17.221 25.59 0.28
v -17.221 25.59 0
v -17.221 25.247 0.28
v -17.221 25.247 0

f -12 -15 -14
f -14 -13 -12
f -10 -9 -8
f -8 -9 -7
f -8 -7 -6
f -6 -7 -5
f -6 -5 -4
f -4 -5 -3
f -4 -3 -2
f -2 -3 -1

o Default b5M11
usemtl 0x8FBDB9
v -17.227 25.595 0.28
v -16.933 25.595 0.28
v -16.933 25.791 0.28
v -17.227 25.791 0.28
v -17.227 25.595 0.28
v -17.227 25.595 0.28
v -17.227 25.595 0
v -16.933 25.595 0.28
v -16.933 25.595 0
v -16.933 25.791 0.28
v -16.933 25.791 0
v -17.227 25.791 0.28
v -17.227 25.791 0
v -17.227 25.595 0.28
v -17.227 25.595 0

f -12 -15 -14
f -14 -13 -12
f -10 -9 -8
f -8 -9 -7
f -8 -7 -6
f -6 -7 -5
f -6 -5 -4
f -4 -5 -3
f -4 -3 -2
f -2 -3 -1

o Default b5M13
usemtl 0x8FBDB9
v -16.927 25.595 0.28
v -16.682 25.595 0.28
v -16.682 25.791 0.28
v -16.927 25.791 0.28
v -16.927 25.595 0.28
v -16.927 25.595 0.28
v -16.927 25.595 0
v -16.682 25.595 0.28
v -16.682 25.595 0
v -16.682 25.791 0.28
v -16.682 25.791 0
v -16.927 25.791 0.28
v -16.927 25.791 0
v -16.927 25.595 0.28
v -16.927 25.595 0

f -12 -15 -14
f -14 -13 -12
f -10 -9 -8
f -8 -9 -7
f -8 -7 -6
f -6 -7 -5
f -6 -5 -4
f -4 -5 -3
f -4 -3 -2
f -2 -3 -1

o Default b5M15
usemtl 0x8FBDB9
v -16.676 25.595 0.28
v -16.333 25.595 0.28
v -16.333 25.791 0.28
v -16.676 25.791 0.28
v -16.676 25.595 0.28
v -16.676 25.595 0.28
v -16.676 25.595 0
v -16.333 25.595 0.28
v -16.333 25.595 0
v -16.333 25.791 0.28
v -16.333 25.791 0
v -16.676 25.791 0.28
v -16.676 25.791 0
v -16.676 25.595 0.28
v -16.676 25.595 0

f -12 -15 -14
f -14 -13 -12
f -10 -9 -8
f -8 -9 -7
f -8 -7 -6
f -6 -7 -5
f -6 -5 -4
f -4 -5 -3
f -4 -3 -2
f -2 -3 -1

o Default b5L14
usemtl 0x8FBDB9
v -16.127 25.246 0.28
v -15.833 25.246 0.28
v -15.833 25.54 0.28
v -16.127 25.54 0.28
v -16.127 25.246 0.28
v -16.127 25.246 0.28
v -16.127 25.246 0
v -15.833 25.246 0.28
v -15.833 25.246 0
v -15.833 25.54 0.28
v -15.833 25.54 0
v -16.127 25.54 0.28
v -16.127 25.54 0
v -16.127 25.246 0.28
v -16.127 25.246 0

f -12 -15 -14
f -14 -13 -12
f -10 -9 -8
f -8 -9 -7
f -8 -7 -6
f -6 -7 -5
f -6 -5 -4
f -4 -5 -3
f -4 -3 -2
f -2 -3 -1

o Default b5M17
usemtl 0x8FBDB9
v -16.127 25.546 0.28
v -15.833 25.546 0.28
v -15.833 25.791 0.28
v -16.127 25.791 0.28
v -16.127 25.546 0.28
v -16.127 25.546 0.28
v -16.127 25.546 0
v -15.833 25.546 0.28
v -15.833 25.546 0
v -15.833 25.791 0.28
v -15.833 25.791 0
v -16.127 25.791 0.28
v -16.127 25.791 0
v -16.127 25.546 0.28
v -16.127 25.546 0

f -12 -15 -14
f -14 -13 -12
f -10 -9 -8
f -8 -9 -7
f -8 -7 -6
f -6 -7 -5
f -6 -5 -4
f -4 -5 -3
f -4 -3 -2
f -2 -3 -1

o Default b5L18-M19
usemtl 0x8FBDB9
v -15.828 25.249 0.28
v -15.632 25.249 0.28
v -15.632 25.788 0.28
v -15.828 25.788 0.28
v -15.828 25.249 0.28
v -15.828 25.249 0.28
v -15.828 25.249 0
v -15.632 25.249 0.28
v -15.632 25.249 0
v -15.632 25.788 0.28
v -15.632 25.788 0
v -15.828 25.788 0.28
v -15.828 25.788 0
v -15.828 25.249 0.28
v -15.828 25.249 0

f -12 -15 -14
f -14 -13 -12
f -10 -9 -8
f -8 -9 -7
f -8 -7 -6
f -6 -7 -5
f -6 -5 -4
f -4 -5 -3
f -4 -3 -2
f -2 -3 -1

o Default b5L20-M21
usemtl 0x8FBDB9
v -15.323 25.249 0.28
v -14.686 25.249 0.28
v -14.686 25.788 0.28
v -15.323 25.788 0.28
v -15.323 25.249 0.28
v -15.323 25.249 0.28
v -15.323 25.249 0
v -14.686 25.249 0.28
v -14.686 25.249 0
v -14.686 25.788 0.28
v -14.686 25.788 0
v -15.323 25.788 0.28
v -15.323 25.788 0
v -15.323 25.249 0.28
v -15.323 25.249 0

f -12 -15 -14
f -14 -13 -12
f -10 -9 -8
f -8 -9 -7
f -8 -7 -6
f -6 -7 -5
f -6 -5 -4
f -4 -5 -3
f -4 -3 -2
f -2 -3 -1

o Default b5L24
usemtl 0x8FBDB9
v -14.669 25.245 0.28
v -13.591 25.245 0.28
v -13.591 25.441 0.28
v -14.669 25.441 0.28
v -14.669 25.245 0.28
v -14.669 25.245 0.28
v -14.669 25.245 0
v -13.591 25.245 0.28
v -13.591 25.245 0
v -13.591 25.441 0.28
v -13.591 25.441 0
v -14.669 25.441 0.28
v -14.669 25.441 0
v -14.669 25.245 0.28
v -14.669 25.245 0

f -12 -15 -14
f -14 -13 -12
f -10 -9 -8
f -8 -9 -7
f -8 -7 -6
f -6 -7 -5
f -6 -5 -4
f -4 -5 -3
f -4 -3 -2
f -2 -3 -1

o Default b5M29
usemtl 0x8FBDB9
v -14.471 25.447 0.28
v -13.589 25.447 0.28
v -13.589 25.79 0.28
v -14.471 25.79 0.28
v -14.471 25.447 0.28
v -14.471 25.447 0.28
v -14.471 25.447 0
v -13.589 25.447 0.28
v -13.589 25.447 0
v -13.589 25.79 0.28
v -13.589 25.79 0
v -14.471 25.79 0.28
v -14.471 25.79 0
v -14.471 25.447 0.28
v -14.471 25.447 0

f -12 -15 -14
f -14 -13 -12
f -10 -9 -8
f -8 -9 -7
f -8 -7 -6
f -6 -7 -5
f -6 -5 -4
f -4 -5 -3
f -4 -3 -2
f -2 -3 -1

o Default b5L30
usemtl 0x8FBDB9
v -12.767 25.145 0.28
v -11.542 25.145 0.28
v -11.542 25.341 0.28
v -12.767 25.341 0.28
v -12.767 25.145 0.28
v -12.767 25.145 0.28
v -12.767 25.145 0
v -11.542 25.145 0.28
v -11.542 25.145 0
v -11.542 25.341 0.28
v -11.542 25.341 0
v -12.767 25.341 0.28
v -12.767 25.341 0
v -12.767 25.145 0.28
v -12.767 25.145 0

f -12 -15 -14
f -14 -13 -12
f -10 -9 -8
f -8 -9 -7
f -8 -7 -6
f -6 -7 -5
f -6 -5 -4
f -4 -5 -3
f -4 -3 -2
f -2 -3 -1

o Default b5L38
usemtl 0x8FBDB9
v -11.526 25.145 0.28
v -11.183 25.145 0.28
v -11.183 25.341 0.28
v -11.526 25.341 0.28
v -11.526 25.145 0.28
v -11.526 25.145 0.28
v -11.526 25.145 0
v -11.183 25.145 0.28
v -11.183 25.145 0
v -11.183 25.341 0.28
v -11.183 25.341 0
v -11.526 25.341 0.28
v -11.526 25.341 0
v -11.526 25.145 0.28
v -11.526 25.145 0

f -12 -15 -14
f -14 -13 -12
f -10 -9 -8
f -8 -9 -7
f -8 -7 -6
f -6 -7 -5
f -6 -5 -4
f -4 -5 -3
f -4 -3 -2
f -2 -3 -1

o Default b5M31
usemtl 0x8FBDB9
v -12.773 25.345 0.28
v -12.136 25.345 0.28
v -12.136 25.541 0.28
v -12.773 25.541 0.28
v -12.773 25.345 0.28
v -12.773 25.345 0.28
v -12.773 25.345 0
v -12.136 25.345 0.28
v -12.136 25.345 0
v -12.136 25.541 0.28
v -12.136 25.541 0
v -12.773 25.541 0.28
v -12.773 25.541 0
v -12.773 25.345 0.28
v -12.773 25.345 0

f -12 -15 -14
f -14 -13 -12
f -10 -9 -8
f -8 -9 -7
f -8 -7 -6
f -6 -7 -5
f -6 -5 -4
f -4 -5 -3
f -4 -3 -2
f -2 -3 -1

o Default b5M33
usemtl 0x8FBDB9
v -12.128 25.345 0.28
v -11.932 25.345 0.28
v -11.932 25.541 0.28
v -12.128 25.541 0.28
v -12.128 25.345 0.28
v -12.128 25.345 0.28
v -12.128 25.345 0
v -11.932 25.345 0.28
v -11.932 25.345 0
v -11.932 25.541 0.28
v -11.932 25.541 0
v -12.128 25.541 0.28
v -12.128 25.541 0
v -12.128 25.345 0.28
v -12.128 25.345 0

f -12 -15 -14
f -14 -13 -12
f -10 -9 -8
f -8 -9 -7
f -8 -7 -6
f -6 -7 -5
f -6 -5 -4
f -4 -5 -3
f -4 -3 -2
f -2 -3 -1

o Default b5M37
usemtl 0x8FBDB9
v -11.927 25.345 0.28
v -11.633 25.345 0.28
v -11.633 25.541 0.28
v -11.927 25.541 0.28
v -11.927 25.345 0.28
v -11.927 25.345 0.28
v -11.927 25.345 0
v -11.633 25.345 0.28
v -11.633 25.345 0
v -11.633 25.541 0.28
v -11.633 25.541 0
v -11.927 25.541 0.28
v -11.927 25.541 0
v -11.927 25.345 0.28
v -11.927 25.345 0

f -12 -15 -14
f -14 -13 -12
f -10 -9 -8
f -8 -9 -7
f -8 -7 -6
f -6 -7 -5
f -6 -5 -4
f -4 -5 -3
f -4 -3 -2
f -2 -3 -1

o Default b5M39
usemtl 0x8FBDB9
v -11.625 25.345 0.28
v -11.184 25.345 0.28
v -11.184 25.541 0.28
v -11.625 25.541 0.28
v -11.625 25.345 0.28
v -11.625 25.345 0.28
v -11.625 25.345 0
v -11.184 25.345 0.28
v -11.184 25.345 0
v -11.184 25.541 0.28
v -11.184 25.541 0
v -11.625 25.541 0.28
v -11.625 25.541 0
v -11.625 25.345 0.28
v -11.625 25.345 0

f -12 -15 -14
f -14 -13 -12
f -10 -9 -8
f -8 -9 -7
f -8 -7 -6
f -6 -7 -5
f -6 -5 -4
f -4 -5 -3
f -4 -3 -2
f -2 -3 -1

o Default b5L40
usemtl 0x8FBDB9
v -10.927 25.145 0.28
v -10.633 25.145 0.28
v -10.633 25.341 0.28
v -10.927 25.341 0.28
v -10.927 25.145 0.28
v -10.927 25.145 0.28
v -10.927 25.145 0
v -10.633 25.145 0.28
v -10.633 25.145 0
v -10.633 25.341 0.28
v -10.633 25.341 0
v -10.927 25.341 0.28
v -10.927 25.341 0
v -10.927 25.145 0.28
v -10.927 25.145 0

f -12 -15 -14
f -14 -13 -12
f -10 -9 -8
f -8 -9 -7
f -8 -7 -6
f -6 -7 -5
f -6 -5 -4
f -4 -5 -3
f -4 -3 -2
f -2 -3 -1

o Default b5L44
usemtl 0x8FBDB9
v -10.626 25.145 0.28
v -10.283 25.145 0.28
v -10.283 25.341 0.28
v -10.626 25.341 0.28
v -10.626 25.145 0.28
v -10.626 25.145 0.28
v -10.626 25.145 0
v -10.283 25.145 0.28
v -10.283 25.145 0
v -10.283 25.341 0.28
v -10.283 25.341 0
v -10.626 25.341 0.28
v -10.626 25.341 0
v -10.626 25.145 0.28
v -10.626 25.145 0

f -12 -15 -14
f -14 -13 -12
f -10 -9 -8
f -8 -9 -7
f -8 -7 -6
f -6 -7 -5
f -6 -5 -4
f -4 -5 -3
f -4 -3 -2
f -2 -3 -1

o Default b5M41
usemtl 0x8FBDB9
v -10.926 25.345 0.28
v -10.583 25.345 0.28
v -10.583 25.541 0.28
v -10.926 25.541 0.28
v -10.926 25.345 0.28
v -10.926 25.345 0.28
v -10.926 25.345 0
v -10.583 25.345 0.28
v -10.583 25.345 0
v -10.583 25.541 0.28
v -10.583 25.541 0
v -10.926 25.541 0.28
v -10.926 25.541 0
v -10.926 25.345 0.28
v -10.926 25.345 0

f -12 -15 -14
f -14 -13 -12
f -10 -9 -8
f -8 -9 -7
f -8 -7 -6
f -6 -7 -5
f -6 -5 -4
f -4 -5 -3
f -4 -3 -2
f -2 -3 -1

o Default b5M43
usemtl 0x8FBDB9
v -10.278 25.148 0.28
v -9.886 25.148 0.28
v -9.886 25.54 0.28
v -10.572 25.54 0.28
v -10.572 25.344 0.28
v -10.278 25.344 0.28
v -10.278 25.148 0.28
v -10.278 25.148 0.28
v -10.278 25.148 0.28
v -10.278 25.148 0
v -9.886 25.148 0.28
v -9.886 25.148 0
v -9.886 25.54 0.28
v -9.886 25.54 0
v -10.572 25.54 0.28
v -10.572 25.54 0
v -10.572 25.344 0.28
v -10.572 25.344 0
v -10.278 25.344 0.28
v -10.278 25.344 0
v -10.278 25.148 0.28
v -10.278 25.148 0
v -10.278 25.148 0.28
v -10.278 25.148 0

f -23 -22 -21
f -21 -20 -19
f -23 -21 -19
f -23 -19 -24
f -16 -15 -14
f -14 -15 -13
f -14 -13 -12
f -12 -13 -11
f -12 -11 -10
f -10 -11 -9
f -10 -9 -8
f -8 -9 -7
f -8 -7 -6
f -6 -7 -5
f -6 -5 -4
f -4 -5 -3
f -4 -3 -2
f -2 -3 -1

o Default b5L50
usemtl 0x8FBDB9
v -9.575 25.145 0.28
v -9.134 25.145 0.28
v -9.134 25.341 0.28
v -9.575 25.341 0.28
v -9.575 25.145 0.28
v -9.575 25.145 0.28
v -9.575 25.145 0
v -9.134 25.145 0.28
v -9.134 25.145 0
v -9.134 25.341 0.28
v -9.134 25.341 0
v -9.575 25.341 0.28
v -9.575 25.341 0
v -9.575 25.145 0.28
v -9.575 25.145 0

f -12 -15 -14
f -14 -13 -12
f -10 -9 -8
f -8 -9 -7
f -8 -7 -6
f -6 -7 -5
f -6 -5 -4
f -4 -5 -3
f -4 -3 -2
f -2 -3 -1

o Default b5L52
usemtl 0x8FBDB9
v -9.125 25.145 0.28
v -8.684 25.145 0.28
v -8.684 25.341 0.28
v -9.125 25.341 0.28
v -9.125 25.145 0.28
v -9.125 25.145 0.28
v -9.125 25.145 0
v -8.684 25.145 0.28
v -8.684 25.145 0
v -8.684 25.341 0.28
v -8.684 25.341 0
v -9.125 25.341 0.28
v -9.125 25.341 0
v -9.125 25.145 0.28
v -9.125 25.145 0

f -12 -15 -14
f -14 -13 -12
f -10 -9 -8
f -8 -9 -7
f -8 -7 -6
f -6 -7 -5
f -6 -5 -4
f -4 -5 -3
f -4 -3 -2
f -2 -3 -1

o Default b5M45
usemtl 0x8FBDB9
v -9.577 25.345 0.28
v -9.283 25.345 0.28
v -9.283 25.541 0.28
v -9.577 25.541 0.28
v -9.577 25.345 0.28
v -9.577 25.345 0.28
v -9.577 25.345 0
v -9.283 25.345 0.28
v -9.283 25.345 0
v -9.283 25.541 0.28
v -9.283 25.541 0
v -9.577 25.541 0.28
v -9.577 25.541 0
v -9.577 25.345 0.28
v -9.577 25.345 0

f -12 -15 -14
f -14 -13 -12
f -10 -9 -8
f -8 -9 -7
f -8 -7 -6
f -6 -7 -5
f -6 -5 -4
f -4 -5 -3
f -4 -3 -2
f -2 -3 -1

o Default b5M47
usemtl 0x8FBDB9
v -9.277 25.345 0.28
v -9.032 25.345 0.28
v -9.032 25.541 0.28
v -9.277 25.541 0.28
v -9.277 25.345 0.28
v -9.277 25.345 0.28
v -9.277 25.345 0
v -9.032 25.345 0.28
v -9.032 25.345 0
v -9.032 25.541 0.28
v -9.032 25.541 0
v -9.277 25.541 0.28
v -9.277 25.541 0
v -9.277 25.345 0.28
v -9.277 25.345 0

f -12 -15 -14
f -14 -13 -12
f -10 -9 -8
f -8 -9 -7
f -8 -7 -6
f -6 -7 -5
f -6 -5 -4
f -4 -5 -3
f -4 -3 -2
f -2 -3 -1

o Default b5M49
usemtl 0x8FBDB9
v -9.026 25.345 0.28
v -8.683 25.345 0.28
v -8.683 25.541 0.28
v -9.026 25.541 0.28
v -9.026 25.345 0.28
v -9.026 25.345 0.28
v -9.026 25.345 0
v -8.683 25.345 0.28
v -8.683 25.345 0
v -8.683 25.541 0.28
v -8.683 25.541 0
v -9.026 25.541 0.28
v -9.026 25.541 0
v -9.026 25.345 0.28
v -9.026 25.345 0

f -12 -15 -14
f -14 -13 -12
f -10 -9 -8
f -8 -9 -7
f -8 -7 -6
f -6 -7 -5
f -6 -5 -4
f -4 -5 -3
f -4 -3 -2
f -2 -3 -1

o Default b5E02
usemtl 0x8FBDB9
v -17.817 18.883 0.28
v -17.523 18.883 0.28
v -17.523 19.863 0.28
v -17.866 19.863 0.28
v -17.866 18.981 0.28
v -17.817 18.981 0.28
v -17.817 18.883 0.28
v -17.808 18.883 0.28
v -17.817 18.883 0.28
v -17.817 18.883 0.28
v -17.817 18.883 0
v -17.523 18.883 0.28
v -17.523 18.883 0
v -17.523 19.863 0.28
v -17.523 19.863 0
v -17.866 19.863 0.28
v -17.866 19.863 0
v -17.866 18.981 0.28
v -17.866 18.981 0
v -17.817 18.981 0.28
v -17.817 18.981 0
v -17.817 18.883 0.28
v -17.817 18.883 0
v -17.808 18.883 0.28
v -17.808 18.883 0
v -17.817 18.883 0.28
v -17.817 18.883 0

f -27 -26 -25
f -25 -24 -23
f -25 -23 -22
f -27 -25 -22
f -18 -17 -16
f -16 -17 -15
f -16 -15 -14
f -14 -15 -13
f -14 -13 -12
f -12 -13 -11
f -12 -11 -10
f -10 -11 -9
f -10 -9 -8
f -8 -9 -7
f -8 -7 -6
f -6 -7 -5
f -6 -5 -4
f -4 -5 -3
f -4 -3 -2
f -2 -3 -1

o Default b5F02
usemtl 0x8FBDB9
v -17.866 19.879 0.28
v -17.523 19.879 0.28
v -17.523 20.516 0.28
v -17.817 20.516 0.28
v -17.817 20.32 0.28
v -17.866 20.32 0.28
v -17.866 19.879 0.28
v -17.866 19.879 0.28
v -17.866 19.879 0.28
v -17.866 19.879 0
v -17.523 19.879 0.28
v -17.523 19.879 0
v -17.523 20.516 0.28
v -17.523 20.516 0
v -17.817 20.516 0.28
v -17.817 20.516 0
v -17.817 20.32 0.28
v -17.817 20.32 0
v -17.866 20.32 0.28
v -17.866 20.32 0
v -17.866 19.879 0.28
v -17.866 19.879 0
v -17.866 19.879 0.28
v -17.866 19.879 0

f -23 -22 -21
f -23 -21 -20
f -23 -20 -19
f -23 -19 -24
f -16 -15 -14
f -14 -15 -13
f -14 -13 -12
f -12 -13 -11
f -12 -11 -10
f -10 -11 -9
f -10 -9 -8
f -8 -9 -7
f -8 -7 -6
f -6 -7 -5
f -6 -5 -4
f -4 -5 -3
f -4 -3 -2
f -2 -3 -1

o Default b5F04
usemtl 0x8FBDB9
v -17.916 20.532 0.28
v -17.524 20.532 0.28
v -17.524 21.365 0.28
v -17.916 21.365 0.28
v -17.916 20.532 0.28
v -17.916 20.532 0.28
v -17.916 20.532 0
v -17.524 20.532 0.28
v -17.524 20.532 0
v -17.524 21.365 0.28
v -17.524 21.365 0
v -17.916 21.365 0.28
v -17.916 21.365 0
v -17.916 20.532 0.28
v -17.916 20.532 0

f -12 -15 -14
f -14 -13 -12
f -10 -9 -8
f -8 -9 -7
f -8 -7 -6
f -6 -7 -5
f -6 -5 -4
f -4 -5 -3
f -4 -3 -2
f -2 -3 -1

o Default b5G02
usemtl 0x8FBDB9
v -17.916 21.396 0.28
v -17.524 21.396 0.28
v -17.524 23.748 0.28
v -17.72 23.748 0.28
v -17.72 23.405 0.28
v -17.818 23.405 0.28
v -17.818 23.307 0.28
v -17.916 23.307 0.28
v -17.916 22.033 0.28
v -17.818 22.033 0.28
v -17.818 21.837 0.28
v -17.916 21.837 0.28
v -17.916 21.396 0.28
v -17.916 21.396 0.28
v -17.916 21.396 0.28
v -17.916 21.396 0
v -17.524 21.396 0.28
v -17.524 21.396 0
v -17.524 23.748 0.28
v -17.524 23.748 0
v -17.72 23.748 0.28
v -17.72 23.748 0
v -17.72 23.405 0.28
v -17.72 23.405 0
v -17.818 23.405 0.28
v -17.818 23.405 0
v -17.818 23.307 0.28
v -17.818 23.307 0
v -17.916 23.307 0.28
v -17.916 23.307 0
v -17.916 22.033 0.28
v -17.916 22.033 0
v -17.818 22.033 0.28
v -17.818 22.033 0
v -17.818 21.837 0.28
v -17.818 21.837 0
v -17.916 21.837 0.28
v -17.916 21.837 0
v -17.916 21.396 0.28
v -17.916 21.396 0
v -17.916 21.396 0.28
v -17.916 21.396 0

f -41 -40 -39
f -38 -37 -36
f -36 -35 -34
f -41 -39 -38
f -38 -36 -34
f -38 -34 -33
f -41 -38 -33
f -41 -33 -32
f -41 -32 -31
f -41 -31 -42
f -28 -27 -26
f -26 -27 -25
f -26 -25 -24
f -24 -25 -23
f -24 -23 -22
f -22 -23 -21
f -22 -21 -20
f -20 -21 -19
f -20 -19 -18
f -18 -19 -17
f -18 -17 -16
f -16 -17 -15
f -16 -15 -14
f -14 -15 -13
f -14 -13 -12
f -12 -13 -11
f -12 -11 -10
f -10 -11 -9
f -10 -9 -8
f -8 -9 -7
f -8 -7 -6
f -6 -7 -5
f -6 -5 -4
f -4 -5 -3
f -4 -3 -2
f -2 -3 -1

o Default b5L02
usemtl 0x8FBDB9
v -17.817 24.622 0.28
v -17.523 24.622 0.28
v -17.523 25.504 0.28
v -17.817 25.504 0.28
v -17.817 24.622 0.28
v -17.817 24.622 0.28
v -17.817 24.622 0
v -17.523 24.622 0.28
v -17.523 24.622 0
v -17.523 25.504 0.28
v -17.523 25.504 0
v -17.817 25.504 0.28
v -17.817 25.504 0
v -17.817 24.622 0.28
v -17.817 24.622 0

f -12 -15 -14
f -14 -13 -12
f -10 -9 -8
f -8 -9 -7
f -8 -7 -6
f -6 -7 -5
f -6 -5 -4
f -4 -5 -3
f -4 -3 -2
f -2 -3 -1

o Default b5M02
usemtl 0x8FBDB9
v -17.817 25.519 0.28
v -17.523 25.519 0.28
v -17.523 26.107 0.28
v -17.768 26.107 0.28
v -17.768 25.813 0.28
v -17.817 25.813 0.28
v -17.817 25.519 0.28
v -17.817 25.519 0.28
v -17.817 25.519 0.28
v -17.817 25.519 0.28
v -17.817 25.519 0
v -17.523 25.519 0.28
v -17.523 25.519 0
v -17.523 26.107 0.28
v -17.523 26.107 0
v -17.768 26.107 0.28
v -17.768 26.107 0
v -17.768 25.813 0.28
v -17.768 25.813 0
v -17.817 25.813 0.28
v -17.817 25.813 0
v -17.817 25.519 0.28
v -17.817 25.519 0
v -17.817 25.519 0.28
v -17.817 25.519 0
v -17.817 25.519 0.28
v -17.817 25.519 0

f -26 -25 -24
f -26 -24 -23
f -26 -23 -22
f -26 -22 -27
f -18 -17 -16
f -16 -17 -15
f -16 -15 -14
f -14 -15 -13
f -14 -13 -12
f -12 -13 -11
f -12 -11 -10
f -10 -11 -9
f -10 -9 -8
f -8 -9 -7
f -8 -7 -6
f -6 -7 -5
f -6 -5 -4
f -4 -5 -3
f -4 -3 -2
f -2 -3 -1

o Default b5M06
usemtl 0x8FBDB9
v -17.512 26.116 0.28
v -16.728 26.116 0.28
v -16.728 26.361 0.28
v -17.512 26.361 0.28
v -17.512 26.116 0.28
v -17.512 26.116 0.28
v -17.512 26.116 0
v -16.728 26.116 0.28
v -16.728 26.116 0
v -16.728 26.361 0.28
v -16.728 26.361 0
v -17.512 26.361 0.28
v -17.512 26.361 0
v -17.512 26.116 0.28
v -17.512 26.116 0

f -12 -15 -14
f -14 -13 -12
f -10 -9 -8
f -8 -9 -7
f -8 -7 -6
f -6 -7 -5
f -6 -5 -4
f -4 -5 -3
f -4 -3 -2
f -2 -3 -1

o Default b5M08
usemtl 0x8FBDB9
v -16.709 26.36 0.28
v -16.709 26.115 0.28
v -15.631 26.115 0.28
v -15.631 26.311 0.28
v -16.513 26.311 0.28
v -16.513 26.36 0.28
v -16.709 26.36 0.28
v -16.709 26.36 0.28
v -16.709 26.36 0.28
v -16.709 26.36 0
v -16.709 26.115 0.28
v -16.709 26.115 0
v -15.631 26.115 0.28
v -15.631 26.115 0
v -15.631 26.311 0.28
v -15.631 26.311 0
v -16.513 26.311 0.28
v -16.513 26.311 0
v -16.513 26.36 0.28
v -16.513 26.36 0
v -16.709 26.36 0.28
v -16.709 26.36 0
v -16.709 26.36 0.28
v -16.709 26.36 0

f -23 -22 -21
f -23 -21 -20
f -23 -20 -19
f -23 -19 -24
f -16 -15 -14
f -14 -15 -13
f -14 -13 -12
f -12 -13 -11
f -12 -11 -10
f -10 -11 -9
f -10 -9 -8
f -8 -9 -7
f -8 -7 -6
f -6 -7 -5
f -6 -5 -4
f -4 -5 -3
f -4 -3 -2
f -2 -3 -1

o Default b5M20
usemtl 0x8FBDB9
v -15.617 26.115 0.28
v -15.323 26.115 0.28
v -15.323 26.311 0.28
v -15.617 26.311 0.28
v -15.617 26.115 0.28
v -15.617 26.115 0.28
v -15.617 26.115 0
v -15.323 26.115 0.28
v -15.323 26.115 0
v -15.323 26.311 0.28
v -15.323 26.311 0
v -15.617 26.311 0.28
v -15.617 26.311 0
v -15.617 26.115 0.28
v -15.617 26.115 0

f -12 -15 -14
f -14 -13 -12
f -10 -9 -8
f -8 -9 -7
f -8 -7 -6
f -6 -7 -5
f -6 -5 -4
f -4 -5 -3
f -4 -3 -2
f -2 -3 -1

o Default b5M22
usemtl 0x8FBDB9
v -15.314 26.311 0.28
v -15.314 26.115 0.28
v -14.628 26.115 0.28
v -14.628 26.213 0.28
v -14.873 26.213 0.28
v -14.873 26.311 0.28
v -15.314 26.311 0.28
v -15.314 26.311 0.28
v -15.314 26.311 0.28
v -15.314 26.311 0
v -15.314 26.115 0.28
v -15.314 26.115 0
v -14.628 26.115 0.28
v -14.628 26.115 0
v -14.628 26.213 0.28
v -14.628 26.213 0
v -14.873 26.213 0.28
v -14.873 26.213 0
v -14.873 26.311 0.28
v -14.873 26.311 0
v -15.314 26.311 0.28
v -15.314 26.311 0
v -15.314 26.311 0.28
v -15.314 26.311 0

f -23 -22 -21
f -23 -21 -20
f -23 -20 -19
f -23 -19 -24
f -16 -15 -14
f -14 -15 -13
f -14 -13 -12
f -12 -13 -11
f -12 -11 -10
f -10 -11 -9
f -10 -9 -8
f -8 -9 -7
f -8 -7 -6
f -6 -7 -5
f -6 -5 -4
f -4 -5 -3
f -4 -3 -2
f -2 -3 -1

o Default b5B50-C51
usemtl 0x8FBDB9
v -8.263 16.2 0.28
v -6.597 16.2 0.28
v -6.597 16.837 0.28
v -8.263 16.837 0.28
v -8.263 16.2 0.28
v -8.263 16.2 0.28
v -8.263 16.2 0
v -6.597 16.2 0.28
v -6.597 16.2 0
v -6.597 16.837 0.28
v -6.597 16.837 0
v -8.263 16.837 0.28
v -8.263 16.837 0
v -8.263 16.2 0.28
v -8.263 16.2 0

f -12 -15 -14
f -14 -13 -12
f -10 -9 -8
f -8 -9 -7
f -8 -7 -6
f -6 -7 -5
f -6 -5 -4
f -4 -5 -3
f -4 -3 -2
f -2 -3 -1

o Default b5B60-C61
usemtl 0x8FBDB9
v -6.215 16.051 0.28
v -4.745 16.051 0.28
v -4.745 16.835 0.28
v -6.215 16.835 0.28
v -6.215 16.051 0.28
v -6.215 16.051 0.28
v -6.215 16.051 0
v -4.745 16.051 0.28
v -4.745 16.051 0
v -4.745 16.835 0.28
v -4.745 16.835 0
v -6.215 16.835 0.28
v -6.215 16.835 0
v -6.215 16.051 0.28
v -6.215 16.051 0

f -12 -15 -14
f -14 -13 -12
f -10 -9 -8
f -8 -9 -7
f -8 -7 -6
f -6 -7 -5
f -6 -5 -4
f -4 -5 -3
f -4 -3 -2
f -2 -3 -1

o Default b5B64-C65
usemtl 0x8FBDB9
v -4.422 16.051 0.28
v -3.638 16.051 0.28
v -3.638 16.835 0.28
v -4.422 16.835 0.28
v -4.422 16.051 0.28
v -4.422 16.051 0.28
v -4.422 16.051 0
v -3.638 16.051 0.28
v -3.638 16.051 0
v -3.638 16.835 0.28
v -3.638 16.835 0
v -4.422 16.835 0.28
v -4.422 16.835 0
v -4.422 16.051 0.28
v -4.422 16.051 0

f -12 -15 -14
f -14 -13 -12
f -10 -9 -8
f -8 -9 -7
f -8 -7 -6
f -6 -7 -5
f -6 -5 -4
f -4 -5 -3
f -4 -3 -2
f -2 -3 -1

o Default b5B66
usemtl 0x8FBDB9
v -3.628 16.047 0.28
v -3.432 16.047 0.28
v -3.432 16.439 0.28
v -3.628 16.439 0.28
v -3.628 16.047 0.28
v -3.628 16.047 0.28
v -3.628 16.047 0
v -3.432 16.047 0.28
v -3.432 16.047 0
v -3.432 16.439 0.28
v -3.432 16.439 0
v -3.628 16.439 0.28
v -3.628 16.439 0
v -3.628 16.047 0.28
v -3.628 16.047 0

f -12 -15 -14
f -14 -13 -12
f -10 -9 -8
f -8 -9 -7
f -8 -7 -6
f -6 -7 -5
f -6 -5 -4
f -4 -5 -3
f -4 -3 -2
f -2 -3 -1

o Default b5C67
usemtl 0x9AADAD
v -3.628 16.447 0.28
v -3.432 16.447 0.28
v -3.432 16.839 0.28
v -3.628 16.839 0.28
v -3.628 16.447 0.28
v -3.628 16.447 0.28
v -3.628 16.447 0
v -3.432 16.447 0.28
v -3.432 16.447 0
v -3.432 16.839 0.28
v -3.432 16.839 0
v -3.628 16.839 0.28
v -3.628 16.839 0
v -3.628 16.447 0.28
v -3.628 16.447 0

f -12 -15 -14
f -14 -13 -12
f -10 -9 -8
f -8 -9 -7
f -8 -7 -6
f -6 -7 -5
f -6 -5 -4
f -4 -5 -3
f -4 -3 -2
f -2 -3 -1

o Default b5B68-C69
usemtl 0x8FBDB9
v -3.128 16.051 0.28
v -2.932 16.051 0.28
v -2.932 16.835 0.28
v -3.128 16.835 0.28
v -3.128 16.051 0.28
v -3.128 16.051 0.28
v -3.128 16.051 0
v -2.932 16.051 0.28
v -2.932 16.051 0
v -2.932 16.835 0.28
v -2.932 16.835 0
v -3.128 16.835 0.28
v -3.128 16.835 0
v -3.128 16.051 0.28
v -3.128 16.051 0

f -12 -15 -14
f -14 -13 -12
f -10 -9 -8
f -8 -9 -7
f -8 -7 -6
f -6 -7 -5
f -6 -5 -4
f -4 -5 -3
f -4 -3 -2
f -2 -3 -1

o Default b5B70-C71
usemtl 0x8FBDB9
v -2.925 16.051 0.28
v -2.435 16.051 0.28
v -2.435 16.835 0.28
v -2.925 16.835 0.28
v -2.925 16.051 0.28
v -2.925 16.051 0.28
v -2.925 16.051 0
v -2.435 16.051 0.28
v -2.435 16.051 0
v -2.435 16.835 0.28
v -2.435 16.835 0
v -2.925 16.835 0.28
v -2.925 16.835 0
v -2.925 16.051 0.28
v -2.925 16.051 0

f -12 -15 -14
f -14 -13 -12
f -10 -9 -8
f -8 -9 -7
f -8 -7 -6
f -6 -7 -5
f -6 -5 -4
f -4 -5 -3
f -4 -3 -2
f -2 -3 -1

o Default b5C50-E51
usemtl 0x8FBDB9
v -8.223 17.159 0.28
v -6.557 17.159 0.28
v -6.557 18.727 0.28
v -8.223 18.727 0.28
v -8.223 17.159 0.28
v -8.223 17.159 0.28
v -8.223 17.159 0
v -6.557 17.159 0.28
v -6.557 17.159 0
v -6.557 18.727 0.28
v -6.557 18.727 0
v -8.223 18.727 0.28
v -8.223 18.727 0
v -8.223 17.159 0.28
v -8.223 17.159 0

f -12 -15 -14
f -14 -13 -12
f -10 -9 -8
f -8 -9 -7
f -8 -7 -6
f -6 -7 -5
f -6 -5 -4
f -4 -5 -3
f -4 -3 -2
f -2 -3 -1

o Default b5C60-E61
usemtl 0x8FBDB9
v -6.265 17.159 0.28
v -4.795 17.159 0.28
v -4.795 18.727 0.28
v -6.265 18.727 0.28
v -6.265 17.159 0.28
v -6.265 17.159 0.28
v -6.265 17.159 0
v -4.795 17.159 0.28
v -4.795 17.159 0
v -4.795 18.727 0.28
v -4.795 18.727 0
v -6.265 18.727 0.28
v -6.265 18.727 0
v -6.265 17.159 0.28
v -6.265 17.159 0

f -12 -15 -14
f -14 -13 -12
f -10 -9 -8
f -8 -9 -7
f -8 -7 -6
f -6 -7 -5
f -6 -5 -4
f -4 -5 -3
f -4 -3 -2
f -2 -3 -1

o Default b5C70-E71
usemtl 0x8FBDB9
v -4.471 17.159 0.28
v -3.638 17.159 0.28
v -3.638 18.727 0.28
v -4.471 18.727 0.28
v -4.471 17.159 0.28
v -4.471 17.159 0.28
v -4.471 17.159 0
v -3.638 17.159 0.28
v -3.638 17.159 0
v -3.638 18.727 0.28
v -3.638 18.727 0
v -4.471 18.727 0.28
v -4.471 18.727 0
v -4.471 17.159 0.28
v -4.471 17.159 0

f -12 -15 -14
f -14 -13 -12
f -10 -9 -8
f -8 -9 -7
f -8 -7 -6
f -6 -7 -5
f -6 -5 -4
f -4 -5 -3
f -4 -3 -2
f -2 -3 -1

o Default b5C74
usemtl 0x8FBDB9
v -3.32 17.159 0.28
v -2.34 17.159 0.28
v -2.34 18.727 0.28
v -3.32 18.727 0.28
v -3.32 17.159 0.28
v -3.32 17.159 0.28
v -3.32 17.159 0
v -2.34 17.159 0.28
v -2.34 17.159 0
v -2.34 18.727 0.28
v -2.34 18.727 0
v -3.32 18.727 0.28
v -3.32 18.727 0
v -3.32 17.159 0.28
v -3.32 17.159 0

f -12 -15 -14
f -14 -13 -12
f -10 -9 -8
f -8 -9 -7
f -8 -7 -6
f -6 -7 -5
f -6 -5 -4
f -4 -5 -3
f -4 -3 -2
f -2 -3 -1

o Default b5C80-E81
usemtl 0x8FBDB9
v -2.025 17.159 0.28
v -1.535 17.159 0.28
v -1.535 18.727 0.28
v -2.025 18.727 0.28
v -2.025 17.159 0.28
v -2.025 17.159 0.28
v -2.025 17.159 0
v -1.535 17.159 0.28
v -1.535 17.159 0
v -1.535 18.727 0.28
v -1.535 18.727 0
v -2.025 18.727 0.28
v -2.025 18.727 0
v -2.025 17.159 0.28
v -2.025 17.159 0

f -12 -15 -14
f -14 -13 -12
f -10 -9 -8
f -8 -9 -7
f -8 -7 -6
f -6 -7 -5
f -6 -5 -4
f -4 -5 -3
f -4 -3 -2
f -2 -3 -1

o Default b5E50-G51
usemtl 0x8FBDB9
v -8.264 19.059 0.28
v -6.696 19.059 0.28
v -6.696 20.627 0.28
v -8.264 20.627 0.28
v -8.264 19.059 0.28
v -8.264 19.059 0.28
v -8.264 19.059 0
v -6.696 19.059 0.28
v -6.696 19.059 0
v -6.696 20.627 0.28
v -6.696 20.627 0
v -8.264 20.627 0.28
v -8.264 20.627 0
v -8.264 19.059 0.28
v -8.264 19.059 0

f -12 -15 -14
f -14 -13 -12
f -10 -9 -8
f -8 -9 -7
f -8 -7 -6
f -6 -7 -5
f -6 -5 -4
f -4 -5 -3
f -4 -3 -2
f -2 -3 -1

o Default b5E56-G57
usemtl 0x8FBDB9
v -6.207 19.059 0.28
v -4.002 19.059 0.28
v -4.002 20.627 0.28
v -6.207 20.627 0.28
v -6.207 19.059 0.28
v -6.207 19.059 0.28
v -6.207 19.059 0
v -4.002 19.059 0.28
v -4.002 19.059 0
v -4.002 20.627 0.28
v -4.002 20.627 0
v -6.207 20.627 0.28
v -6.207 20.627 0
v -6.207 19.059 0.28
v -6.207 19.059 0

f -12 -15 -14
f -14 -13 -12
f -10 -9 -8
f -8 -9 -7
f -8 -7 -6
f -6 -7 -5
f -6 -5 -4
f -4 -5 -3
f -4 -3 -2
f -2 -3 -1

o Default b5E70-G71
usemtl 0x8FBDB9
v -3.52 19.059 0.28
v -2.589 19.059 0.28
v -2.589 20.627 0.28
v -3.52 20.627 0.28
v -3.52 19.059 0.28
v -3.52 19.059 0.28
v -3.52 19.059 0
v -2.589 19.059 0.28
v -2.589 19.059 0
v -2.589 20.627 0.28
v -2.589 20.627 0
v -3.52 20.627 0.28
v -3.52 20.627 0
v -3.52 19.059 0.28
v -3.52 19.059 0

f -12 -15 -14
f -14 -13 -12
f -10 -9 -8
f -8 -9 -7
f -8 -7 -6
f -6 -7 -5
f -6 -5 -4
f -4 -5 -3
f -4 -3 -2
f -2 -3 -1

o Default b5G50-H51
usemtl 0x8FBDB9
v -8.262 20.951 0.28
v -6.498 20.951 0.28
v -6.498 21.735 0.28
v -8.262 21.735 0.28
v -8.262 20.951 0.28
v -8.262 20.951 0.28
v -8.262 20.951 0
v -6.498 20.951 0.28
v -6.498 20.951 0
v -6.498 21.735 0.28
v -6.498 21.735 0
v -8.262 21.735 0.28
v -8.262 21.735 0
v -8.262 20.951 0.28
v -8.262 20.951 0

f -12 -15 -14
f -14 -13 -12
f -10 -9 -8
f -8 -9 -7
f -8 -7 -6
f -6 -7 -5
f -6 -5 -4
f -4 -5 -3
f -4 -3 -2
f -2 -3 -1

o Default b5G60-H61
usemtl 0x8FBDB9
v -6.109 20.951 0.28
v -4.1 20.951 0.28
v -4.1 21.735 0.28
v -6.109 21.735 0.28
v -6.109 20.951 0.28
v -6.109 20.951 0.28
v -6.109 20.951 0
v -4.1 20.951 0.28
v -4.1 20.951 0
v -4.1 21.735 0.28
v -4.1 21.735 0
v -6.109 21.735 0.28
v -6.109 21.735 0
v -6.109 20.951 0.28
v -6.109 20.951 0

f -12 -15 -14
f -14 -13 -12
f -10 -9 -8
f -8 -9 -7
f -8 -7 -6
f -6 -7 -5
f -6 -5 -4
f -4 -5 -3
f -4 -3 -2
f -2 -3 -1

o Default b5G64-H65
usemtl 0x8FBDB9
v -3.768 20.951 0.28
v -2.592 20.951 0.28
v -2.592 21.735 0.28
v -3.768 21.735 0.28
v -3.768 20.951 0.28
v -3.768 20.951 0.28
v -3.768 20.951 0
v -2.592 20.951 0.28
v -2.592 20.951 0
v -2.592 21.735 0.28
v -2.592 21.735 0
v -3.768 21.735 0.28
v -3.768 21.735 0
v -3.768 20.951 0.28
v -3.768 20.951 0

f -12 -15 -14
f -14 -13 -12
f -10 -9 -8
f -8 -9 -7
f -8 -7 -6
f -6 -7 -5
f -6 -5 -4
f -4 -5 -3
f -4 -3 -2
f -2 -3 -1

o Default b5E80-H81
usemtl 0x8FBDB9
v -2.272 19.275 0.28
v -1.488 19.275 0.28
v -1.488 22.411 0.28
v -2.272 22.411 0.28
v -2.272 19.275 0.28
v -2.272 19.275 0.28
v -2.272 19.275 0
v -1.488 19.275 0.28
v -1.488 19.275 0
v -1.488 22.411 0.28
v -1.488 22.411 0
v -2.272 22.411 0.28
v -2.272 22.411 0
v -2.272 19.275 0.28
v -2.272 19.275 0

f -12 -15 -14
f -14 -13 -12
f -10 -9 -8
f -8 -9 -7
f -8 -7 -6
f -6 -7 -5
f -6 -5 -4
f -4 -5 -3
f -4 -3 -2
f -2 -3 -1

o Default b5E90-J91
usemtl 0xFF9E4E
v -1.173 18.785 0.28
v -0.487 18.785 0.28
v -0.487 22.901 0.28
v -1.173 22.901 0.28
v -1.173 18.785 0.28
v -1.173 18.785 0.28
v -1.173 18.785 0
v -0.487 18.785 0.28
v -0.487 18.785 0
v -0.487 22.901 0.28
v -0.487 22.901 0
v -1.173 22.901 0.28
v -1.173 22.901 0
v -1.173 18.785 0.28
v -1.173 18.785 0

f -12 -15 -14
f -14 -13 -12
f -10 -9 -8
f -8 -9 -7
f -8 -7 -6
f -6 -7 -5
f -6 -5 -4
f -4 -5 -3
f -4 -3 -2
f -2 -3 -1

o Default b5H50-J51
usemtl 0x8FBDB9
v -8.261 22.001 0.28
v -6.448 22.001 0.28
v -6.448 22.785 0.28
v -8.261 22.785 0.28
v -8.261 22.001 0.28
v -8.261 22.001 0.28
v -8.261 22.001 0
v -6.448 22.001 0.28
v -6.448 22.001 0
v -6.448 22.785 0.28
v -6.448 22.785 0
v -8.261 22.785 0.28
v -8.261 22.785 0
v -8.261 22.001 0.28
v -8.261 22.001 0

f -12 -15 -14
f -14 -13 -12
f -10 -9 -8
f -8 -9 -7
f -8 -7 -6
f -6 -7 -5
f -6 -5 -4
f -4 -5 -3
f -4 -3 -2
f -2 -3 -1

o Default b5H60-J61
usemtl 0x8FBDB9
v -6.109 22.001 0.28
v -4.1 22.001 0.28
v -4.1 22.785 0.28
v -6.109 22.785 0.28
v -6.109 22.001 0.28
v -6.109 22.001 0.28
v -6.109 22.001 0
v -4.1 22.001 0.28
v -4.1 22.001 0
v -4.1 22.785 0.28
v -4.1 22.785 0
v -6.109 22.785 0.28
v -6.109 22.785 0
v -6.109 22.001 0.28
v -6.109 22.001 0

f -12 -15 -14
f -14 -13 -12
f -10 -9 -8
f -8 -9 -7
f -8 -7 -6
f -6 -7 -5
f -6 -5 -4
f -4 -5 -3
f -4 -3 -2
f -2 -3 -1

o Default b5H64-J65
usemtl 0x8FBDB9
v -3.867 22.001 0.28
v -2.593 22.001 0.28
v -2.593 22.785 0.28
v -3.867 22.785 0.28
v -3.867 22.001 0.28
v -3.867 22.001 0.28
v -3.867 22.001 0
v -2.593 22.001 0.28
v -2.593 22.001 0
v -2.593 22.785 0.28
v -2.593 22.785 0
v -3.867 22.785 0.28
v -3.867 22.785 0
v -3.867 22.001 0.28
v -3.867 22.001 0

f -12 -15 -14
f -14 -13 -12
f -10 -9 -8
f -8 -9 -7
f -8 -7 -6
f -6 -7 -5
f -6 -5 -4
f -4 -5 -3
f -4 -3 -2
f -2 -3 -1

o Default b5J50-K51
usemtl 0x8FBDB9
v -8.276 23.101 0.28
v -7.884 23.101 0.28
v -7.884 23.885 0.28
v -8.276 23.885 0.28
v -8.276 23.101 0.28
v -8.276 23.101 0.28
v -8.276 23.101 0
v -7.884 23.101 0.28
v -7.884 23.101 0
v -7.884 23.885 0.28
v -7.884 23.885 0
v -8.276 23.885 0.28
v -8.276 23.885 0
v -8.276 23.101 0.28
v -8.276 23.101 0

f -12 -15 -14
f -14 -13 -12
f -10 -9 -8
f -8 -9 -7
f -8 -7 -6
f -6 -7 -5
f -6 -5 -4
f -4 -5 -3
f -4 -3 -2
f -2 -3 -1

o Default b5J54
usemtl 0x9AADAD
v -7.865 23.094 0.28
v -6.444 23.094 0.28
v -6.444 23.192 0.28
v -7.865 23.192 0.28
v -7.865 23.094 0.28
v -7.865 23.094 0.28
v -7.865 23.094 0
v -6.444 23.094 0.28
v -6.444 23.094 0
v -6.444 23.192 0.28
v -6.444 23.192 0
v -7.865 23.192 0.28
v -7.865 23.192 0
v -7.865 23.094 0.28
v -7.865 23.094 0

f -12 -15 -14
f -14 -13 -12
f -10 -9 -8
f -8 -9 -7
f -8 -7 -6
f -6 -7 -5
f -6 -5 -4
f -4 -5 -3
f -4 -3 -2
f -2 -3 -1

o Default b5J66
usemtl 0x9AADAD
v -6.109 23.094 0.28
v -4.1 23.094 0.28
v -4.1 23.192 0.28
v -6.109 23.192 0.28
v -6.109 23.094 0.28
v -6.109 23.094 0.28
v -6.109 23.094 0
v -4.1 23.094 0.28
v -4.1 23.094 0
v -4.1 23.192 0.28
v -4.1 23.192 0
v -6.109 23.192 0.28
v -6.109 23.192 0
v -6.109 23.094 0.28
v -6.109 23.094 0

f -12 -15 -14
f -14 -13 -12
f -10 -9 -8
f -8 -9 -7
f -8 -7 -6
f -6 -7 -5
f -6 -5 -4
f -4 -5 -3
f -4 -3 -2
f -2 -3 -1

o Default b5K50
usemtl 0xFF9E4E
v -8.271 24.303 0.28
v -7.144 24.303 0.28
v -7.144 24.607 0.28
v -7.977 25.489 0.28
v -8.271 25.489 0.28
v -8.271 24.303 0.28
v -8.271 24.303 0.28
v -8.271 24.303 0.28
v -8.271 24.303 0
v -7.144 24.303 0.28
v -7.144 24.303 0
v -7.144 24.607 0.28
v -7.144 24.607 0
v -7.977 25.489 0.28
v -7.977 25.489 0
v -8.271 25.489 0.28
v -8.271 25.489 0
v -8.271 24.303 0.28
v -8.271 24.303 0
v -8.271 24.303 0.28
v -8.271 24.303 0

f -20 -19 -18
f -20 -18 -17
f -20 -17 -21
f -14 -13 -12
f -12 -13 -11
f -12 -11 -10
f -10 -11 -9
f -10 -9 -8
f -8 -9 -7
f -8 -7 -6
f -6 -7 -5
f -6 -5 -4
f -4 -5 -3
f -4 -3 -2
f -2 -3 -1

o Default b6A50-B51
usemtl 0x8FBDB9
v 7.396 -3.337 0.28
v 10.875 -3.337 0.28
v 10.875 -1.328 0.28
v 7.396 -1.328 0.28
v 7.396 -3.337 0.28
v 7.396 -3.337 0.28
v 7.396 -3.337 0
v 10.875 -3.337 0.28
v 10.875 -3.337 0
v 10.875 -1.328 0.28
v 10.875 -1.328 0
v 7.396 -1.328 0.28
v 7.396 -1.328 0
v 7.396 -3.337 0.28
v 7.396 -3.337 0

f -12 -15 -14
f -14 -13 -12
f -10 -9 -8
f -8 -9 -7
f -8 -7 -6
f -6 -7 -5
f -6 -5 -4
f -4 -5 -3
f -4 -3 -2
f -2 -3 -1

o Default b6D01-E01
usemtl 0x8FBDB9
v 17.764 -5.611 0.28
v 18.156 -5.611 0.28
v 18.156 -3.063 0.28
v 17.764 -3.063 0.28
v 17.764 -5.611 0.28
v 17.764 -5.611 0.28
v 17.764 -5.611 0
v 18.156 -5.611 0.28
v 18.156 -5.611 0
v 18.156 -3.063 0.28
v 18.156 -3.063 0
v 17.764 -3.063 0.28
v 17.764 -3.063 0
v 17.764 -5.611 0.28
v 17.764 -5.611 0

f -12 -15 -14
f -14 -13 -12
f -10 -9 -8
f -8 -9 -7
f -8 -7 -6
f -6 -7 -5
f -6 -5 -4
f -4 -5 -3
f -4 -3 -2
f -2 -3 -1

o Default b6F01
usemtl 0x8FBDB9
v 17.763 -6.617 0.28
v 18.057 -6.617 0.28
v 18.057 -5.637 0.28
v 17.763 -5.637 0.28
v 17.763 -6.617 0.28
v 17.763 -6.617 0.28
v 17.763 -6.617 0
v 18.057 -6.617 0.28
v 18.057 -6.617 0
v 18.057 -5.637 0.28
v 18.057 -5.637 0
v 17.763 -5.637 0.28
v 17.763 -5.637 0
v 17.763 -6.617 0.28
v 17.763 -6.617 0

f -12 -15 -14
f -14 -13 -12
f -10 -9 -8
f -8 -9 -7
f -8 -7 -6
f -6 -7 -5
f -6 -5 -4
f -4 -5 -3
f -4 -3 -2
f -2 -3 -1

o Default b6F10
usemtl 0x8FBDB9
v 15.966 -7.053 0.28
v 17.485 -7.053 0.28
v 17.485 -6.661 0.28
v 15.966 -6.661 0.28
v 15.966 -7.053 0.28
v 15.966 -7.053 0.28
v 15.966 -7.053 0
v 17.485 -7.053 0.28
v 17.485 -7.053 0
v 17.485 -6.661 0.28
v 17.485 -6.661 0
v 15.966 -6.661 0.28
v 15.966 -6.661 0
v 15.966 -7.053 0.28
v 15.966 -7.053 0

f -12 -15 -14
f -14 -13 -12
f -10 -9 -8
f -8 -9 -7
f -8 -7 -6
f -6 -7 -5
f -6 -5 -4
f -4 -5 -3
f -4 -3 -2
f -2 -3 -1

o Default b6F14
usemtl 0x8FBDB9
v 15.356 -6.855 0.28
v 15.944 -6.855 0.28
v 15.944 -6.659 0.28
v 15.356 -6.659 0.28
v 15.356 -6.855 0.28
v 15.356 -6.855 0.28
v 15.356 -6.855 0
v 15.944 -6.855 0.28
v 15.944 -6.855 0
v 15.944 -6.659 0.28
v 15.944 -6.659 0
v 15.356 -6.659 0.28
v 15.356 -6.659 0
v 15.356 -6.855 0.28
v 15.356 -6.855 0

f -12 -15 -14
f -14 -13 -12
f -10 -9 -8
f -8 -9 -7
f -8 -7 -6
f -6 -7 -5
f -6 -5 -4
f -4 -5 -3
f -4 -3 -2
f -2 -3 -1

o Default b6F16
usemtl 0x8FBDB9
v 15.152 -6.855 0.28
v 15.348 -6.855 0.28
v 15.348 -6.659 0.28
v 15.152 -6.659 0.28
v 15.152 -6.855 0.28
v 15.152 -6.855 0.28
v 15.152 -6.855 0
v 15.348 -6.855 0.28
v 15.348 -6.855 0
v 15.348 -6.659 0.28
v 15.348 -6.659 0
v 15.152 -6.659 0.28
v 15.152 -6.659 0
v 15.152 -6.855 0.28
v 15.152 -6.855 0

f -12 -15 -14
f -14 -13 -12
f -10 -9 -8
f -8 -9 -7
f -8 -7 -6
f -6 -7 -5
f -6 -5 -4
f -4 -5 -3
f -4 -3 -2
f -2 -3 -1

o Default b6C70-D71
usemtl 0x8FBDB9
v 7.367 -4.647 0.28
v 8.004 -4.647 0.28
v 8.004 -3.667 0.28
v 7.367 -3.667 0.28
v 7.367 -4.647 0.28
v 7.367 -4.647 0.28
v 7.367 -4.647 0
v 8.004 -4.647 0.28
v 8.004 -4.647 0
v 8.004 -3.667 0.28
v 8.004 -3.667 0
v 7.367 -3.667 0.28
v 7.367 -3.667 0
v 7.367 -4.647 0.28
v 7.367 -4.647 0

f -12 -15 -14
f -14 -13 -12
f -10 -9 -8
f -8 -9 -7
f -8 -7 -6
f -6 -7 -5
f -6 -5 -4
f -4 -5 -3
f -4 -3 -2
f -2 -3 -1

o Default b6D61
usemtl 0x8FBDB9
v 8.315 -4.652 0.28
v 8.805 -4.652 0.28
v 8.805 -4.162 0.28
v 8.315 -4.162 0.28
v 8.315 -4.652 0.28
v 8.315 -4.652 0.28
v 8.315 -4.652 0
v 8.805 -4.652 0.28
v 8.805 -4.652 0
v 8.805 -4.162 0.28
v 8.805 -4.162 0
v 8.315 -4.162 0.28
v 8.315 -4.162 0
v 8.315 -4.652 0.28
v 8.315 -4.652 0

f -12 -15 -14
f -14 -13 -12
f -10 -9 -8
f -8 -9 -7
f -8 -7 -6
f -6 -7 -5
f -6 -5 -4
f -4 -5 -3
f -4 -3 -2
f -2 -3 -1

o Default b6C50-D51
usemtl 0x8FBDB9
v 9.128 -4.647 0.28
v 10.892 -4.647 0.28
v 10.892 -3.667 0.28
v 9.128 -3.667 0.28
v 9.128 -4.647 0.28
v 9.128 -4.647 0.28
v 9.128 -4.647 0
v 10.892 -4.647 0.28
v 10.892 -4.647 0
v 10.892 -3.667 0.28
v 10.892 -3.667 0
v 9.128 -3.667 0.28
v 9.128 -3.667 0
v 9.128 -4.647 0.28
v 9.128 -4.647 0

f -12 -15 -14
f -14 -13 -12
f -10 -9 -8
f -8 -9 -7
f -8 -7 -6
f -6 -7 -5
f -6 -5 -4
f -4 -5 -3
f -4 -3 -2
f -2 -3 -1

o Default b6D70
usemtl 0x8FBDB9
v 7.367 -5.254 0.28
v 8.053 -5.254 0.28
v 8.053 -4.911 0.28
v 7.367 -4.911 0.28
v 7.367 -5.254 0.28
v 7.367 -5.254 0.28
v 7.367 -5.254 0
v 8.053 -5.254 0.28
v 8.053 -5.254 0
v 8.053 -4.911 0.28
v 8.053 -4.911 0
v 7.367 -4.911 0.28
v 7.367 -4.911 0
v 7.367 -5.254 0.28
v 7.367 -5.254 0

f -12 -15 -14
f -14 -13 -12
f -10 -9 -8
f -8 -9 -7
f -8 -7 -6
f -6 -7 -5
f -6 -5 -4
f -4 -5 -3
f -4 -3 -2
f -2 -3 -1

o Default b6E71
usemtl 0x8FBDB9
v 7.367 -5.604 0.28
v 8.053 -5.604 0.28
v 8.053 -5.261 0.28
v 7.367 -5.261 0.28
v 7.367 -5.604 0.28
v 7.367 -5.604 0.28
v 7.367 -5.604 0
v 8.053 -5.604 0.28
v 8.053 -5.604 0
v 8.053 -5.261 0.28
v 8.053 -5.261 0
v 7.367 -5.261 0.28
v 7.367 -5.261 0
v 7.367 -5.604 0.28
v 7.367 -5.604 0

f -12 -15 -14
f -14 -13 -12
f -10 -9 -8
f -8 -9 -7
f -8 -7 -6
f -6 -7 -5
f -6 -5 -4
f -4 -5 -3
f -4 -3 -2
f -2 -3 -1

o Default b6D50-E51
usemtl 0x8FBDB9
v 8.386 -5.6 0.28
v 10.885 -5.6 0.28
v 10.885 -4.914 0.28
v 8.386 -4.914 0.28
v 8.386 -5.6 0.28
v 8.386 -5.6 0.28
v 8.386 -5.6 0
v 10.885 -5.6 0.28
v 10.885 -5.6 0
v 10.885 -4.914 0.28
v 10.885 -4.914 0
v 8.386 -4.914 0.28
v 8.386 -4.914 0
v 8.386 -5.6 0.28
v 8.386 -5.6 0

f -12 -15 -14
f -14 -13 -12
f -10 -9 -8
f -8 -9 -7
f -8 -7 -6
f -6 -7 -5
f -6 -5 -4
f -4 -5 -3
f -4 -3 -2
f -2 -3 -1

o Default b6E74
usemtl 0x8FBDB9
v 7.364 -6.155 0.28
v 7.707 -6.155 0.28
v 7.707 -5.91 0.28
v 7.364 -5.91 0.28
v 7.364 -6.155 0.28
v 7.364 -6.155 0.28
v 7.364 -6.155 0
v 7.707 -6.155 0.28
v 7.707 -6.155 0
v 7.707 -5.91 0.28
v 7.707 -5.91 0
v 7.364 -5.91 0.28
v 7.364 -5.91 0
v 7.364 -6.155 0.28
v 7.364 -6.155 0

f -12 -15 -14
f -14 -13 -12
f -10 -9 -8
f -8 -9 -7
f -8 -7 -6
f -6 -7 -5
f -6 -5 -4
f -4 -5 -3
f -4 -3 -2
f -2 -3 -1

o Default b6E70
usemtl 0x8FBDB9
v 7.713 -6.155 0.28
v 7.958 -6.155 0.28
v 7.958 -5.91 0.28
v 7.713 -5.91 0.28
v 7.713 -6.155 0.28
v 7.713 -6.155 0.28
v 7.713 -6.155 0
v 7.958 -6.155 0.28
v 7.958 -6.155 0
v 7.958 -5.91 0.28
v 7.958 -5.91 0
v 7.713 -5.91 0.28
v 7.713 -5.91 0
v 7.713 -6.155 0.28
v 7.713 -6.155 0

f -12 -15 -14
f -14 -13 -12
f -10 -9 -8
f -8 -9 -7
f -8 -7 -6
f -6 -7 -5
f -6 -5 -4
f -4 -5 -3
f -4 -3 -2
f -2 -3 -1

o Default b6F75
usemtl 0x8FBDB9
v 7.362 -6.355 0.28
v 7.558 -6.355 0.28
v 7.558 -6.159 0.28
v 7.362 -6.159 0.28
v 7.362 -6.355 0.28
v 7.362 -6.355 0.28
v 7.362 -6.355 0
v 7.558 -6.355 0.28
v 7.558 -6.355 0
v 7.558 -6.159 0.28
v 7.558 -6.159 0
v 7.362 -6.159 0.28
v 7.362 -6.159 0
v 7.362 -6.355 0.28
v 7.362 -6.355 0

f -12 -15 -14
f -14 -13 -12
f -10 -9 -8
f -8 -9 -7
f -8 -7 -6
f -6 -7 -5
f -6 -5 -4
f -4 -5 -3
f -4 -3 -2
f -2 -3 -1

o Default b6F71
usemtl 0x8FBDB9
v 7.564 -6.355 0.28
v 7.956 -6.355 0.28
v 7.956 -6.159 0.28
v 7.564 -6.159 0.28
v 7.564 -6.355 0.28
v 7.564 -6.355 0.28
v 7.564 -6.355 0
v 7.956 -6.355 0.28
v 7.956 -6.355 0
v 7.956 -6.159 0.28
v 7.956 -6.159 0
v 7.564 -6.159 0.28
v 7.564 -6.159 0
v 7.564 -6.355 0.28
v 7.564 -6.355 0

f -12 -15 -14
f -14 -13 -12
f -10 -9 -8
f -8 -9 -7
f -8 -7 -6
f -6 -7 -5
f -6 -5 -4
f -4 -5 -3
f -4 -3 -2
f -2 -3 -1

o Default b6F65
usemtl 0x8FBDB9
v 8.218 -6.355 0.28
v 9.002 -6.355 0.28
v 9.002 -6.159 0.28
v 8.218 -6.159 0.28
v 8.218 -6.355 0.28
v 8.218 -6.355 0.28
v 8.218 -6.355 0
v 9.002 -6.355 0.28
v 9.002 -6.355 0
v 9.002 -6.159 0.28
v 9.002 -6.159 0
v 8.218 -6.159 0.28
v 8.218 -6.159 0
v 8.218 -6.355 0.28
v 8.218 -6.355 0

f -12 -15 -14
f -14 -13 -12
f -10 -9 -8
f -8 -9 -7
f -8 -7 -6
f -6 -7 -5
f -6 -5 -4
f -4 -5 -3
f -4 -3 -2
f -2 -3 -1

o Default b6E60
usemtl 0x8FBDB9
v 8.218 -6.155 0.28
v 9.002 -6.155 0.28
v 9.002 -5.91 0.28
v 8.218 -5.91 0.28
v 8.218 -6.155 0.28
v 8.218 -6.155 0.28
v 8.218 -6.155 0
v 9.002 -6.155 0.28
v 9.002 -6.155 0
v 9.002 -5.91 0.28
v 9.002 -5.91 0
v 8.218 -5.91 0.28
v 8.218 -5.91 0
v 8.218 -6.155 0.28
v 8.218 -6.155 0

f -12 -15 -14
f -14 -13 -12
f -10 -9 -8
f -8 -9 -7
f -8 -7 -6
f -6 -7 -5
f -6 -5 -4
f -4 -5 -3
f -4 -3 -2
f -2 -3 -1

o Default b6F55
usemtl 0x8FBDB9
v 9.315 -6.355 0.28
v 9.756 -6.355 0.28
v 9.756 -6.159 0.28
v 9.315 -6.159 0.28
v 9.315 -6.355 0.28
v 9.315 -6.355 0.28
v 9.315 -6.355 0
v 9.756 -6.355 0.28
v 9.756 -6.355 0
v 9.756 -6.159 0.28
v 9.756 -6.159 0
v 9.315 -6.159 0.28
v 9.315 -6.159 0
v 9.315 -6.355 0.28
v 9.315 -6.355 0

f -12 -15 -14
f -14 -13 -12
f -10 -9 -8
f -8 -9 -7
f -8 -7 -6
f -6 -7 -5
f -6 -5 -4
f -4 -5 -3
f -4 -3 -2
f -2 -3 -1

o Default b6E56
usemtl 0x8FBDB9
v 9.315 -6.155 0.28
v 9.756 -6.155 0.28
v 9.756 -5.91 0.28
v 9.315 -5.91 0.28
v 9.315 -6.155 0.28
v 9.315 -6.155 0.28
v 9.315 -6.155 0
v 9.756 -6.155 0.28
v 9.756 -6.155 0
v 9.756 -5.91 0.28
v 9.756 -5.91 0
v 9.315 -5.91 0.28
v 9.315 -5.91 0
v 9.315 -6.155 0.28
v 9.315 -6.155 0

f -12 -15 -14
f -14 -13 -12
f -10 -9 -8
f -8 -9 -7
f -8 -7 -6
f -6 -7 -5
f -6 -5 -4
f -4 -5 -3
f -4 -3 -2
f -2 -3 -1

o Default b6F53
usemtl 0x8FBDB9
v 9.764 -6.355 0.28
v 10.107 -6.355 0.28
v 10.107 -6.159 0.28
v 9.764 -6.159 0.28
v 9.764 -6.355 0.28
v 9.764 -6.355 0.28
v 9.764 -6.355 0
v 10.107 -6.355 0.28
v 10.107 -6.355 0
v 10.107 -6.159 0.28
v 10.107 -6.159 0
v 9.764 -6.159 0.28
v 9.764 -6.159 0
v 9.764 -6.355 0.28
v 9.764 -6.355 0

f -12 -15 -14
f -14 -13 -12
f -10 -9 -8
f -8 -9 -7
f -8 -7 -6
f -6 -7 -5
f -6 -5 -4
f -4 -5 -3
f -4 -3 -2
f -2 -3 -1

o Default b6F51
usemtl 0x8FBDB9
v 10.118 -6.355 0.28
v 10.902 -6.355 0.28
v 10.902 -6.159 0.28
v 10.118 -6.159 0.28
v 10.118 -6.355 0.28
v 10.118 -6.355 0.28
v 10.118 -6.355 0
v 10.902 -6.355 0.28
v 10.902 -6.355 0
v 10.902 -6.159 0.28
v 10.902 -6.159 0
v 10.118 -6.159 0.28
v 10.118 -6.159 0
v 10.118 -6.355 0.28
v 10.118 -6.355 0

f -12 -15 -14
f -14 -13 -12
f -10 -9 -8
f -8 -9 -7
f -8 -7 -6
f -6 -7 -5
f -6 -5 -4
f -4 -5 -3
f -4 -3 -2
f -2 -3 -1

o Default b6E52
usemtl 0x8FBDB9
v 9.772 -6.155 0.28
v 10.899 -6.155 0.28
v 10.899 -5.91 0.28
v 9.772 -5.91 0.28
v 9.772 -6.155 0.28
v 9.772 -6.155 0.28
v 9.772 -6.155 0
v 10.899 -6.155 0.28
v 10.899 -6.155 0
v 10.899 -5.91 0.28
v 10.899 -5.91 0
v 9.772 -5.91 0.28
v 9.772 -5.91 0
v 9.772 -6.155 0.28
v 9.772 -6.155 0

f -12 -15 -14
f -14 -13 -12
f -10 -9 -8
f -8 -9 -7
f -8 -7 -6
f -6 -7 -5
f -6 -5 -4
f -4 -5 -3
f -4 -3 -2
f -2 -3 -1

o Default b6F60-J61
usemtl 0xFF9E4E
v 7.432 -9.083 0.28
v 9.539 -9.083 0.28
v 9.539 -6.682 0.28
v 7.432 -6.682 0.28
v 7.432 -9.083 0.28
v 7.432 -9.083 0.28
v 7.432 -9.083 0
v 9.539 -9.083 0.28
v 9.539 -9.083 0
v 9.539 -6.682 0.28
v 9.539 -6.682 0
v 7.432 -6.682 0.28
v 7.432 -6.682 0
v 7.432 -9.083 0.28
v 7.432 -9.083 0

f -12 -15 -14
f -14 -13 -12
f -10 -9 -8
f -8 -9 -7
f -8 -7 -6
f -6 -7 -5
f -6 -5 -4
f -4 -5 -3
f -4 -3 -2
f -2 -3 -1

o Default b6F50-G51
usemtl 0x8FBDB9
v 9.92 -8.439 0.28
v 10.9 -8.439 0.28
v 10.9 -6.675 0.28
v 9.92 -6.675 0.28
v 9.92 -8.439 0.28
v 9.92 -8.439 0.28
v 9.92 -8.439 0
v 10.9 -8.439 0.28
v 10.9 -8.439 0
v 10.9 -6.675 0.28
v 10.9 -6.675 0
v 9.92 -6.675 0.28
v 9.92 -6.675 0
v 9.92 -8.439 0.28
v 9.92 -8.439 0

f -12 -15 -14
f -14 -13 -12
f -10 -9 -8
f -8 -9 -7
f -8 -7 -6
f -6 -7 -5
f -6 -5 -4
f -4 -5 -3
f -4 -3 -2
f -2 -3 -1

o Default b6H50
usemtl 0x8FBDB9
v 9.871 -8.905 0.28
v 10.9 -8.905 0.28
v 10.9 -8.66 0.28
v 9.871 -8.66 0.28
v 9.871 -8.905 0.28
v 9.871 -8.905 0.28
v 9.871 -8.905 0
v 10.9 -8.905 0.28
v 10.9 -8.905 0
v 10.9 -8.66 0.28
v 10.9 -8.66 0
v 9.871 -8.66 0.28
v 9.871 -8.66 0
v 9.871 -8.905 0.28
v 9.871 -8.905 0

f -12 -15 -14
f -14 -13 -12
f -10 -9 -8
f -8 -9 -7
f -8 -7 -6
f -6 -7 -5
f -6 -5 -4
f -4 -5 -3
f -4 -3 -2
f -2 -3 -1

o Default b6J51
usemtl 0x8FBDB9
v 9.866 -9.105 0.28
v 10.454 -9.105 0.28
v 10.454 -8.909 0.28
v 9.866 -8.909 0.28
v 9.866 -9.105 0.28
v 9.866 -9.105 0.28
v 9.866 -9.105 0
v 10.454 -9.105 0.28
v 10.454 -9.105 0
v 10.454 -8.909 0.28
v 10.454 -8.909 0
v 9.866 -8.909 0.28
v 9.866 -8.909 0
v 9.866 -9.105 0.28
v 9.866 -9.105 0

f -12 -15 -14
f -14 -13 -12
f -10 -9 -8
f -8 -9 -7
f -8 -7 -6
f -6 -7 -5
f -6 -5 -4
f -4 -5 -3
f -4 -3 -2
f -2 -3 -1

o Default b6J49
usemtl 0x8FBDB9
v 10.465 -9.105 0.28
v 10.906 -9.105 0.28
v 10.906 -8.909 0.28
v 10.465 -8.909 0.28
v 10.465 -9.105 0.28
v 10.465 -9.105 0.28
v 10.465 -9.105 0
v 10.906 -9.105 0.28
v 10.906 -9.105 0
v 10.906 -8.909 0.28
v 10.906 -8.909 0
v 10.465 -8.909 0.28
v 10.465 -8.909 0
v 10.465 -9.105 0.28
v 10.465 -9.105 0

f -12 -15 -14
f -14 -13 -12
f -10 -9 -8
f -8 -9 -7
f -8 -7 -6
f -6 -7 -5
f -6 -5 -4
f -4 -5 -3
f -4 -3 -2
f -2 -3 -1

o Default b6G40-J41
usemtl 0x8FBDB9
v 11.323 -9.093 0.28
v 12.597 -9.093 0.28
v 12.597 -7.721 0.28
v 11.323 -7.721 0.28
v 11.323 -9.093 0.28
v 11.323 -9.093 0.28
v 11.323 -9.093 0
v 12.597 -9.093 0.28
v 12.597 -9.093 0
v 12.597 -7.721 0.28
v 12.597 -7.721 0
v 11.323 -7.721 0.28
v 11.323 -7.721 0
v 11.323 -9.093 0.28
v 11.323 -9.093 0

f -12 -15 -14
f -14 -13 -12
f -10 -9 -8
f -8 -9 -7
f -8 -7 -6
f -6 -7 -5
f -6 -5 -4
f -4 -5 -3
f -4 -3 -2
f -2 -3 -1

o Default b6F40-G41
usemtl 0x8FBDB9
v 11.317 -7.35 0.28
v 12.003 -7.35 0.28
v 12.003 -6.664 0.28
v 11.317 -6.664 0.28
v 11.317 -7.35 0.28
v 11.317 -7.35 0.28
v 11.317 -7.35 0
v 12.003 -7.35 0.28
v 12.003 -7.35 0
v 12.003 -6.664 0.28
v 12.003 -6.664 0
v 11.317 -6.664 0.28
v 11.317 -6.664 0
v 11.317 -7.35 0.28
v 11.317 -7.35 0

f -12 -15 -14
f -14 -13 -12
f -10 -9 -8
f -8 -9 -7
f -8 -7 -6
f -6 -7 -5
f -6 -5 -4
f -4 -5 -3
f -4 -3 -2
f -2 -3 -1

o Default b6F38-G39
usemtl 0x8FBDB9
v 12.015 -7.35 0.28
v 12.456 -7.35 0.28
v 12.456 -6.664 0.28
v 12.015 -6.664 0.28
v 12.015 -7.35 0.28
v 12.015 -7.35 0.28
v 12.015 -7.35 0
v 12.456 -7.35 0.28
v 12.456 -7.35 0
v 12.456 -6.664 0.28
v 12.456 -6.664 0
v 12.015 -6.664 0.28
v 12.015 -6.664 0
v 12.015 -7.35 0.28
v 12.015 -7.35 0

f -12 -15 -14
f -14 -13 -12
f -10 -9 -8
f -8 -9 -7
f -8 -7 -6
f -6 -7 -5
f -6 -5 -4
f -4 -5 -3
f -4 -3 -2
f -2 -3 -1

o Default b6H34
usemtl 0x8FBDB9
v 12.968 -8.855 0.28
v 13.752 -8.855 0.28
v 13.752 -8.659 0.28
v 12.968 -8.659 0.28
v 12.968 -8.855 0.28
v 12.968 -8.855 0.28
v 12.968 -8.855 0
v 13.752 -8.855 0.28
v 13.752 -8.855 0
v 13.752 -8.659 0.28
v 13.752 -8.659 0
v 12.968 -8.659 0.28
v 12.968 -8.659 0
v 12.968 -8.855 0.28
v 12.968 -8.855 0

f -12 -15 -14
f -14 -13 -12
f -10 -9 -8
f -8 -9 -7
f -8 -7 -6
f -6 -7 -5
f -6 -5 -4
f -4 -5 -3
f -4 -3 -2
f -2 -3 -1

o Default b6H30
usemtl 0x8FBDB9
v 13.772 -8.855 0.28
v 14.899 -8.855 0.28
v 14.899 -8.659 0.28
v 13.772 -8.659 0.28
v 13.772 -8.855 0.28
v 13.772 -8.855 0.28
v 13.772 -8.855 0
v 14.899 -8.855 0.28
v 14.899 -8.855 0
v 14.899 -8.659 0.28
v 14.899 -8.659 0
v 13.772 -8.659 0.28
v 13.772 -8.659 0
v 13.772 -8.855 0.28
v 13.772 -8.855 0

f -12 -15 -14
f -14 -13 -12
f -10 -9 -8
f -8 -9 -7
f -8 -7 -6
f -6 -7 -5
f -6 -5 -4
f -4 -5 -3
f -4 -3 -2
f -2 -3 -1

o Default b6G34-H35
usemtl 0x8FBDB9
v 12.916 -8.351 0.28
v 13.504 -8.351 0.28
v 13.504 -7.763 0.28
v 12.916 -7.763 0.28
v 12.916 -8.351 0.28
v 12.916 -8.351 0.28
v 12.916 -8.351 0
v 13.504 -8.351 0.28
v 13.504 -8.351 0
v 13.504 -7.763 0.28
v 13.504 -7.763 0
v 12.916 -7.763 0.28
v 12.916 -7.763 0
v 12.916 -8.351 0.28
v 12.916 -8.351 0

f -12 -15 -14
f -14 -13 -12
f -10 -9 -8
f -8 -9 -7
f -8 -7 -6
f -6 -7 -5
f -6 -5 -4
f -4 -5 -3
f -4 -3 -2
f -2 -3 -1

o Default b6G30-H31
usemtl 0x8FBDB9
v 13.521 -8.351 0.28
v 14.599 -8.351 0.28
v 14.599 -7.763 0.28
v 13.521 -7.763 0.28
v 13.521 -8.351 0.28
v 13.521 -8.351 0.28
v 13.521 -8.351 0
v 14.599 -8.351 0.28
v 14.599 -8.351 0
v 14.599 -7.763 0.28
v 14.599 -7.763 0
v 13.521 -7.763 0.28
v 13.521 -7.763 0
v 13.521 -8.351 0.28
v 13.521 -8.351 0

f -12 -15 -14
f -14 -13 -12
f -10 -9 -8
f -8 -9 -7
f -8 -7 -6
f -6 -7 -5
f -6 -5 -4
f -4 -5 -3
f -4 -3 -2
f -2 -3 -1

o Default b6F34-G35
usemtl 0x8FBDB9
v 12.763 -7.449 0.28
v 13.057 -7.449 0.28
v 13.057 -6.665 0.28
v 12.763 -6.665 0.28
v 12.763 -7.449 0.28
v 12.763 -7.449 0.28
v 12.763 -7.449 0
v 13.057 -7.449 0.28
v 13.057 -7.449 0
v 13.057 -6.665 0.28
v 13.057 -6.665 0
v 12.763 -6.665 0.28
v 12.763 -6.665 0
v 12.763 -7.449 0.28
v 12.763 -7.449 0

f -12 -15 -14
f -14 -13 -12
f -10 -9 -8
f -8 -9 -7
f -8 -7 -6
f -6 -7 -5
f -6 -5 -4
f -4 -5 -3
f -4 -3 -2
f -2 -3 -1

o Default b6F32-G33
usemtl 0x8FBDB9
v 13.063 -7.449 0.28
v 13.308 -7.449 0.28
v 13.308 -6.665 0.28
v 13.063 -6.665 0.28
v 13.063 -7.449 0.28
v 13.063 -7.449 0.28
v 13.063 -7.449 0
v 13.308 -7.449 0.28
v 13.308 -7.449 0
v 13.308 -6.665 0.28
v 13.308 -6.665 0
v 13.063 -6.665 0.28
v 13.063 -6.665 0
v 13.063 -7.449 0.28
v 13.063 -7.449 0

f -12 -15 -14
f -14 -13 -12
f -10 -9 -8
f -8 -9 -7
f -8 -7 -6
f -6 -7 -5
f -6 -5 -4
f -4 -5 -3
f -4 -3 -2
f -2 -3 -1

o Default b6F30-G31
usemtl 0x8FBDB9
v 13.571 -7.449 0.28
v 14.6 -7.449 0.28
v 14.6 -6.665 0.28
v 13.571 -6.665 0.28
v 13.571 -7.449 0.28
v 13.571 -7.449 0.28
v 13.571 -7.449 0
v 14.6 -7.449 0.28
v 14.6 -7.449 0
v 14.6 -6.665 0.28
v 14.6 -6.665 0
v 13.571 -6.665 0.28
v 13.571 -6.665 0
v 13.571 -7.449 0.28
v 13.571 -7.449 0

f -12 -15 -14
f -14 -13 -12
f -10 -9 -8
f -8 -9 -7
f -8 -7 -6
f -6 -7 -5
f -6 -5 -4
f -4 -5 -3
f -4 -3 -2
f -2 -3 -1

o Default b6D30-F31
usemtl 0x8FBDB9
v 11.343 -6.337 0.28
v 14.577 -6.337 0.28
v 14.577 -4.377 0.28
v 11.343 -4.377 0.28
v 11.343 -6.337 0.28
v 11.343 -6.337 0.28
v 11.343 -6.337 0
v 14.577 -6.337 0.28
v 14.577 -6.337 0
v 14.577 -4.377 0.28
v 14.577 -4.377 0
v 11.343 -4.377 0.28
v 11.343 -4.377 0
v 11.343 -6.337 0.28
v 11.343 -6.337 0

f -12 -15 -14
f -14 -13 -12
f -10 -9 -8
f -8 -9 -7
f -8 -7 -6
f -6 -7 -5
f -6 -5 -4
f -4 -5 -3
f -4 -3 -2
f -2 -3 -1

o Default b6F21
usemtl 0x8FBDB9
v 14.88 -6.353 0.28
v 16.791 -6.353 0.28
v 16.791 -5.961 0.28
v 14.88 -5.961 0.28
v 14.88 -6.353 0.28
v 14.88 -6.353 0.28
v 14.88 -6.353 0
v 16.791 -6.353 0.28
v 16.791 -6.353 0
v 16.791 -5.961 0.28
v 16.791 -5.961 0
v 14.88 -5.961 0.28
v 14.88 -5.961 0
v 14.88 -6.353 0.28
v 14.88 -6.353 0

f -12 -15 -14
f -14 -13 -12
f -10 -9 -8
f -8 -9 -7
f -8 -7 -6
f -6 -7 -5
f -6 -5 -4
f -4 -5 -3
f -4 -3 -2
f -2 -3 -1

o Default b6F11
usemtl 0x8FBDB9
v 16.817 -6.353 0.28
v 17.454 -6.353 0.28
v 17.454 -5.961 0.28
v 16.817 -5.961 0.28
v 16.817 -6.353 0.28
v 16.817 -6.353 0.28
v 16.817 -6.353 0
v 17.454 -6.353 0.28
v 17.454 -6.353 0
v 17.454 -5.961 0.28
v 17.454 -5.961 0
v 16.817 -5.961 0.28
v 16.817 -5.961 0
v 16.817 -6.353 0.28
v 16.817 -6.353 0

f -12 -15 -14
f -14 -13 -12
f -10 -9 -8
f -8 -9 -7
f -8 -7 -6
f -6 -7 -5
f -6 -5 -4
f -4 -5 -3
f -4 -3 -2
f -2 -3 -1

o Default b6E14
usemtl 0x8FBDB9
v 14.867 -5.955 0.28
v 15.504 -5.955 0.28
v 15.504 -5.759 0.28
v 14.867 -5.759 0.28
v 14.867 -5.955 0.28
v 14.867 -5.955 0.28
v 14.867 -5.955 0
v 15.504 -5.955 0.28
v 15.504 -5.955 0
v 15.504 -5.759 0.28
v 15.504 -5.759 0
v 14.867 -5.759 0.28
v 14.867 -5.759 0
v 14.867 -5.955 0.28
v 14.867 -5.955 0

f -12 -15 -14
f -14 -13 -12
f -10 -9 -8
f -8 -9 -7
f -8 -7 -6
f -6 -7 -5
f -6 -5 -4
f -4 -5 -3
f -4 -3 -2
f -2 -3 -1

o Default b6E10
usemtl 0x8FBDB9
v 15.53 -5.955 0.28
v 17.441 -5.955 0.28
v 17.441 -5.759 0.28
v 15.53 -5.759 0.28
v 15.53 -5.955 0.28
v 15.53 -5.955 0.28
v 15.53 -5.955 0
v 17.441 -5.955 0.28
v 17.441 -5.955 0
v 17.441 -5.759 0.28
v 17.441 -5.759 0
v 15.53 -5.759 0.28
v 15.53 -5.759 0
v 15.53 -5.955 0.28
v 15.53 -5.955 0

f -12 -15 -14
f -14 -13 -12
f -10 -9 -8
f -8 -9 -7
f -8 -7 -6
f -6 -7 -5
f -6 -5 -4
f -4 -5 -3
f -4 -3 -2
f -2 -3 -1

o Default b6D20-E21
usemtl 0x8FBDB9
v 14.87 -5.446 0.28
v 15.85 -5.446 0.28
v 15.85 -4.368 0.28
v 14.87 -4.368 0.28
v 14.87 -5.446 0.28
v 14.87 -5.446 0.28
v 14.87 -5.446 0
v 15.85 -5.446 0.28
v 15.85 -5.446 0
v 15.85 -4.368 0.28
v 15.85 -4.368 0
v 14.87 -4.368 0.28
v 14.87 -4.368 0
v 14.87 -5.446 0.28
v 14.87 -5.446 0

f -12 -15 -14
f -14 -13 -12
f -10 -9 -8
f -8 -9 -7
f -8 -7 -6
f -6 -7 -5
f -6 -5 -4
f -4 -5 -3
f -4 -3 -2
f -2 -3 -1

o Default b6E11
usemtl 0x8FBDB9
v 16.173 -5.453 0.28
v 17.447 -5.453 0.28
v 17.447 -5.061 0.28
v 16.173 -5.061 0.28
v 16.173 -5.453 0.28
v 16.173 -5.453 0.28
v 16.173 -5.453 0
v 17.447 -5.453 0.28
v 17.447 -5.453 0
v 17.447 -5.061 0.28
v 17.447 -5.061 0
v 16.173 -5.061 0.28
v 16.173 -5.061 0
v 16.173 -5.453 0.28
v 16.173 -5.453 0

f -12 -15 -14
f -14 -13 -12
f -10 -9 -8
f -8 -9 -7
f -8 -7 -6
f -6 -7 -5
f -6 -5 -4
f -4 -5 -3
f -4 -3 -2
f -2 -3 -1

o Default b6D10
usemtl 0x8FBDB9
v 16.173 -5.05 0.28
v 17.447 -5.05 0.28
v 17.447 -4.364 0.28
v 16.173 -4.364 0.28
v 16.173 -5.05 0.28
v 16.173 -5.05 0.28
v 16.173 -5.05 0
v 17.447 -5.05 0.28
v 17.447 -5.05 0
v 17.447 -4.364 0.28
v 17.447 -4.364 0
v 16.173 -4.364 0.28
v 16.173 -4.364 0
v 16.173 -5.05 0.28
v 16.173 -5.05 0

f -12 -15 -14
f -14 -13 -12
f -10 -9 -8
f -8 -9 -7
f -8 -7 -6
f -6 -7 -5
f -6 -5 -4
f -4 -5 -3
f -4 -3 -2
f -2 -3 -1

o Default b6D21
usemtl 0x8FBDB9
v 14.87 -4.052 0.28
v 15.85 -4.052 0.28
v 15.85 -3.562 0.28
v 14.87 -3.562 0.28
v 14.87 -4.052 0.28
v 14.87 -4.052 0.28
v 14.87 -4.052 0
v 15.85 -4.052 0.28
v 15.85 -4.052 0
v 15.85 -3.562 0.28
v 15.85 -3.562 0
v 14.87 -3.562 0.28
v 14.87 -3.562 0
v 14.87 -4.052 0.28
v 14.87 -4.052 0

f -12 -15 -14
f -14 -13 -12
f -10 -9 -8
f -8 -9 -7
f -8 -7 -6
f -6 -7 -5
f -6 -5 -4
f -4 -5 -3
f -4 -3 -2
f -2 -3 -1

o Default b6B20
usemtl 0x8FBDB9
v 14.87 -3.55 0.28
v 15.85 -3.55 0.28
v 15.85 -2.864 0.28
v 14.87 -2.864 0.28
v 14.87 -3.55 0.28
v 14.87 -3.55 0.28
v 14.87 -3.55 0
v 15.85 -3.55 0.28
v 15.85 -3.55 0
v 15.85 -2.864 0.28
v 15.85 -2.864 0
v 14.87 -2.864 0.28
v 14.87 -2.864 0
v 14.87 -3.55 0.28
v 14.87 -3.55 0

f -12 -15 -14
f -14 -13 -12
f -10 -9 -8
f -8 -9 -7
f -8 -7 -6
f -6 -7 -5
f -6 -5 -4
f -4 -5 -3
f -4 -3 -2
f -2 -3 -1

o Default b6B10-D11
usemtl 0x8FBDB9
v 16.173 -4.045 0.28
v 17.447 -4.045 0.28
v 17.447 -2.869 0.28
v 16.173 -2.869 0.28
v 16.173 -4.045 0.28
v 16.173 -4.045 0.28
v 16.173 -4.045 0
v 17.447 -4.045 0.28
v 17.447 -4.045 0
v 17.447 -2.869 0.28
v 17.447 -2.869 0
v 16.173 -2.869 0.28
v 16.173 -2.869 0
v 16.173 -4.045 0.28
v 16.173 -4.045 0

f -12 -15 -14
f -14 -13 -12
f -10 -9 -8
f -8 -9 -7
f -8 -7 -6
f -6 -7 -5
f -6 -5 -4
f -4 -5 -3
f -4 -3 -2
f -2 -3 -1

o Default b6B40-D41
usemtl 0x8FBDB9
v 11.343 -4.095 0.28
v 14.577 -4.095 0.28
v 14.577 -2.919 0.28
v 11.343 -2.919 0.28
v 11.343 -4.095 0.28
v 11.343 -4.095 0.28
v 11.343 -4.095 0
v 14.577 -4.095 0.28
v 14.577 -4.095 0
v 14.577 -2.919 0.28
v 14.577 -2.919 0
v 11.343 -2.919 0.28
v 11.343 -2.919 0
v 11.343 -4.095 0.28
v 11.343 -4.095 0

f -12 -15 -14
f -14 -13 -12
f -10 -9 -8
f -8 -9 -7
f -8 -7 -6
f -6 -7 -5
f -6 -5 -4
f -4 -5 -3
f -4 -3 -2
f -2 -3 -1

o Default b6A30-B31
usemtl 0x8FBDB9
v 12.927 -2.594 0.28
v 14.544 -2.594 0.28
v 14.544 -1.32 0.28
v 12.927 -1.32 0.28
v 12.927 -2.594 0.28
v 12.927 -2.594 0.28
v 12.927 -2.594 0
v 14.544 -2.594 0.28
v 14.544 -2.594 0
v 14.544 -1.32 0.28
v 14.544 -1.32 0
v 12.927 -1.32 0.28
v 12.927 -1.32 0
v 12.927 -2.594 0.28
v 12.927 -2.594 0

f -12 -15 -14
f -14 -13 -12
f -10 -9 -8
f -8 -9 -7
f -8 -7 -6
f -6 -7 -5
f -6 -5 -4
f -4 -5 -3
f -4 -3 -2
f -2 -3 -1

o Default b6B41
usemtl 0x8FBDB9
v 11.324 -2.604 0.28
v 12.696 -2.604 0.28
v 12.696 -2.31 0.28
v 11.324 -2.31 0.28
v 11.324 -2.604 0.28
v 11.324 -2.604 0.28
v 11.324 -2.604 0
v 12.696 -2.604 0.28
v 12.696 -2.604 0
v 12.696 -2.31 0.28
v 12.696 -2.31 0
v 11.324 -2.31 0.28
v 11.324 -2.31 0
v 11.324 -2.604 0.28
v 11.324 -2.604 0

f -12 -15 -14
f -14 -13 -12
f -10 -9 -8
f -8 -9 -7
f -8 -7 -6
f -6 -7 -5
f -6 -5 -4
f -4 -5 -3
f -4 -3 -2
f -2 -3 -1

o Default b6A40
usemtl 0x8FBDB9
v 11.324 -2.297 0.28
v 12.696 -2.297 0.28
v 12.696 -1.317 0.28
v 11.324 -1.317 0.28
v 11.324 -2.297 0.28
v 11.324 -2.297 0.28
v 11.324 -2.297 0
v 12.696 -2.297 0.28
v 12.696 -2.297 0
v 12.696 -1.317 0.28
v 12.696 -1.317 0
v 11.324 -1.317 0.28
v 11.324 -1.317 0
v 11.324 -2.297 0.28
v 11.324 -2.297 0

f -12 -15 -14
f -14 -13 -12
f -10 -9 -8
f -8 -9 -7
f -8 -7 -6
f -6 -7 -5
f -6 -5 -4
f -4 -5 -3
f -4 -3 -2
f -2 -3 -1

o Default b6A20-B21
usemtl 0x8FBDB9
v 15.365 -2.594 0.28
v 15.806 -2.594 0.28
v 15.806 -1.32 0.28
v 15.365 -1.32 0.28
v 15.365 -2.594 0.28
v 15.365 -2.594 0.28
v 15.365 -2.594 0
v 15.806 -2.594 0.28
v 15.806 -2.594 0
v 15.806 -1.32 0.28
v 15.806 -1.32 0
v 15.365 -1.32 0.28
v 15.365 -1.32 0
v 15.365 -2.594 0.28
v 15.365 -2.594 0

f -12 -15 -14
f -14 -13 -12
f -10 -9 -8
f -8 -9 -7
f -8 -7 -6
f -6 -7 -5
f -6 -5 -4
f -4 -5 -3
f -4 -3 -2
f -2 -3 -1

o Default b6A10-B11
usemtl 0x8FBDB9
v 16.124 -2.594 0.28
v 17.447 -2.594 0.28
v 17.447 -1.32 0.28
v 16.124 -1.32 0.28
v 16.124 -2.594 0.28
v 16.124 -2.594 0.28
v 16.124 -2.594 0
v 17.447 -2.594 0.28
v 17.447 -2.594 0
v 17.447 -1.32 0.28
v 17.447 -1.32 0
v 16.124 -1.32 0.28
v 16.124 -1.32 0
v 16.124 -2.594 0.28
v 16.124 -2.594 0

f -12 -15 -14
f -14 -13 -12
f -10 -9 -8
f -8 -9 -7
f -8 -7 -6
f -6 -7 -5
f -6 -5 -4
f -4 -5 -3
f -4 -3 -2
f -2 -3 -1

o Default b6B01
usemtl 0x8FBDB9
v 17.764 -2.83 0.28
v 18.156 -2.83 0.28
v 18.156 -2.144 0.28
v 17.764 -2.144 0.28
v 17.764 -2.83 0.28
v 17.764 -2.83 0.28
v 17.764 -2.83 0
v 18.156 -2.83 0.28
v 18.156 -2.83 0
v 18.156 -2.144 0.28
v 18.156 -2.144 0
v 17.764 -2.144 0.28
v 17.764 -2.144 0
v 17.764 -2.83 0.28
v 17.764 -2.83 0

f -12 -15 -14
f -14 -13 -12
f -10 -9 -8
f -8 -9 -7
f -8 -7 -6
f -6 -7 -5
f -6 -5 -4
f -4 -5 -3
f -4 -3 -2
f -2 -3 -1

o Default b6A02
usemtl 0x8FBDB9
v 17.764 -2.129 0.28
v 18.156 -2.129 0.28
v 18.156 -1.296 0.28
v 17.764 -1.296 0.28
v 17.764 -2.129 0.28
v 17.764 -2.129 0.28
v 17.764 -2.129 0
v 18.156 -2.129 0.28
v 18.156 -2.129 0
v 18.156 -1.296 0.28
v 18.156 -1.296 0
v 17.764 -1.296 0.28
v 17.764 -1.296 0
v 17.764 -2.129 0.28
v 17.764 -2.129 0

f -12 -15 -14
f -14 -13 -12
f -10 -9 -8
f -8 -9 -7
f -8 -7 -6
f -6 -7 -5
f -6 -5 -4
f -4 -5 -3
f -4 -3 -2
f -2 -3 -1

o Default b6A71
usemtl 0x8FBDB9
v 7.367 -1.002 0.28
v 8.004 -1.002 0.28
v 8.004 -0.512 0.28
v 7.367 -0.512 0.28
v 7.367 -1.002 0.28
v 7.367 -1.002 0.28
v 7.367 -1.002 0
v 8.004 -1.002 0.28
v 8.004 -1.002 0
v 8.004 -0.512 0.28
v 8.004 -0.512 0
v 7.367 -0.512 0.28
v 7.367 -0.512 0
v 7.367 -1.002 0.28
v 7.367 -1.002 0

f -12 -15 -14
f -14 -13 -12
f -10 -9 -8
f -8 -9 -7
f -8 -7 -6
f -6 -7 -5
f -6 -5 -4
f -4 -5 -3
f -4 -3 -2
f -2 -3 -1

o Default b7E70
usemtl 0x8FBDB9
v 7.367 -0.499 0.28
v 8.004 -0.499 0.28
v 8.004 0.285 0.28
v 7.367 0.285 0.28
v 7.367 -0.499 0.28
v 7.367 -0.499 0.28
v 7.367 -0.499 0
v 8.004 -0.499 0.28
v 8.004 -0.499 0
v 8.004 0.285 0.28
v 8.004 0.285 0
v 7.367 0.285 0.28
v 7.367 0.285 0
v 7.367 -0.499 0.28
v 7.367 -0.499 0

f -12 -15 -14
f -14 -13 -12
f -10 -9 -8
f -8 -9 -7
f -8 -7 -6
f -6 -7 -5
f -6 -5 -4
f -4 -5 -3
f -4 -3 -2
f -2 -3 -1

o Default b7E50-6A51
usemtl 0x8FBDB9
v 9.772 -0.994 0.28
v 10.899 -0.994 0.28
v 10.899 0.28 0.28
v 9.772 0.28 0.28
v 9.772 -0.994 0.28
v 9.772 -0.994 0.28
v 9.772 -0.994 0
v 10.899 -0.994 0.28
v 10.899 -0.994 0
v 10.899 0.28 0.28
v 10.899 0.28 0
v 9.772 0.28 0.28
v 9.772 0.28 0
v 9.772 -0.994 0.28
v 9.772 -0.994 0

f -12 -15 -14
f -14 -13 -12
f -10 -9 -8
f -8 -9 -7
f -8 -7 -6
f -6 -7 -5
f -6 -5 -4
f -4 -5 -3
f -4 -3 -2
f -2 -3 -1

o Default b7E44-6A45
usemtl 0x8FBDB9
v 11.316 -0.995 0.28
v 11.904 -0.995 0.28
v 11.904 0.181 0.28
v 11.316 0.181 0.28
v 11.316 -0.995 0.28
v 11.316 -0.995 0.28
v 11.316 -0.995 0
v 11.904 -0.995 0.28
v 11.904 -0.995 0
v 11.904 0.181 0.28
v 11.904 0.181 0
v 11.316 0.181 0.28
v 11.316 0.181 0
v 11.316 -0.995 0.28
v 11.316 -0.995 0

f -12 -15 -14
f -14 -13 -12
f -10 -9 -8
f -8 -9 -7
f -8 -7 -6
f -6 -7 -5
f -6 -5 -4
f -4 -5 -3
f -4 -3 -2
f -2 -3 -1

o Default b7E40-6A41
usemtl 0x8FBDB9
v 12.728 -0.995 0.28
v 14.492 -0.995 0.28
v 14.492 0.181 0.28
v 12.728 0.181 0.28
v 12.728 -0.995 0.28
v 12.728 -0.995 0.28
v 12.728 -0.995 0
v 14.492 -0.995 0.28
v 14.492 -0.995 0
v 14.492 0.181 0.28
v 14.492 0.181 0
v 12.728 0.181 0.28
v 12.728 0.181 0
v 12.728 -0.995 0.28
v 12.728 -0.995 0

f -12 -15 -14
f -14 -13 -12
f -10 -9 -8
f -8 -9 -7
f -8 -7 -6
f -6 -7 -5
f -6 -5 -4
f -4 -5 -3
f -4 -3 -2
f -2 -3 -1

o Default b6A21
usemtl 0x8FBDB9
v 14.886 -0.367 0.28
v 14.886 -1.004 0.28
v 16.689 -1.004 0.28
v 16.689 -0.857 0.28
v 16.543 -0.857 0.28
v 16.543 -0.808 0.28
v 15.324 -0.808 0.28
v 15.324 -0.857 0.28
v 15.032 -0.857 0.28
v 15.032 -0.661 0.28
v 15.081 -0.661 0.28
v 15.081 -0.367 0.28
v 14.886 -0.367 0.28
v 14.886 -0.367 0.28
v 14.886 -0.367 0.28
v 14.886 -0.367 0
v 14.886 -1.004 0.28
v 14.886 -1.004 0
v 16.689 -1.004 0.28
v 16.689 -1.004 0
v 16.689 -0.857 0.28
v 16.689 -0.857 0
v 16.543 -0.857 0.28
v 16.543 -0.857 0
v 16.543 -0.808 0.28
v 16.543 -0.808 0
v 15.324 -0.808 0.28
v 15.324 -0.808 0
v 15.324 -0.857 0.28
v 15.324 -0.857 0
v 15.032 -0.857 0.28
v 15.032 -0.857 0
v 15.032 -0.661 0.28
v 15.032 -0.661 0
v 15.081 -0.661 0.28
v 15.081 -0.661 0
v 15.081 -0.367 0.28
v 15.081 -0.367 0
v 14.886 -0.367 0.28
v 14.886 -0.367 0
v 14.886 -0.367 0.28
v 14.886 -0.367 0

f -41 -40 -39
f -38 -37 -36
f -33 -32 -31
f -41 -39 -38
f -38 -36 -35
f -41 -38 -35
f -41 -35 -34
f -41 -34 -33
f -41 -33 -31
f -41 -31 -42
f -28 -27 -26
f -26 -27 -25
f -26 -25 -24
f -24 -25 -23
f -24 -23 -22
f -22 -23 -21
f -22 -21 -20
f -20 -21 -19
f -20 -19 -18
f -18 -19 -17
f -18 -17 -16
f -16 -17 -15
f -16 -15 -14
f -14 -15 -13
f -14 -13 -12
f -12 -13 -11
f -12 -11 -10
f -10 -11 -9
f -10 -9 -8
f -8 -9 -7
f -8 -7 -6
f -6 -7 -5
f -6 -5 -4
f -4 -5 -3
f -4 -3 -2
f -2 -3 -1

o Default b7E20
usemtl 0x8FBDB9
v 14.873 -0.346 0.28
v 15.118 -0.346 0.28
v 15.118 0.732 0.28
v 14.873 0.732 0.28
v 14.873 -0.346 0.28
v 14.873 -0.346 0.28
v 14.873 -0.346 0
v 15.118 -0.346 0.28
v 15.118 -0.346 0
v 15.118 0.732 0.28
v 15.118 0.732 0
v 14.873 0.732 0.28
v 14.873 0.732 0
v 14.873 -0.346 0.28
v 14.873 -0.346 0

f -12 -15 -14
f -14 -13 -12
f -10 -9 -8
f -8 -9 -7
f -8 -7 -6
f -6 -7 -5
f -6 -5 -4
f -4 -5 -3
f -4 -3 -2
f -2 -3 -1

o Default b7E71
usemtl 0x8FBDB9
v 7.367 0.595 0.28
v 8.004 0.595 0.28
v 8.004 0.791 0.28
v 7.367 0.791 0.28
v 7.367 0.595 0.28
v 7.367 0.595 0.28
v 7.367 0.595 0
v 8.004 0.595 0.28
v 8.004 0.595 0
v 8.004 0.791 0.28
v 8.004 0.791 0
v 7.367 0.791 0.28
v 7.367 0.791 0
v 7.367 0.595 0.28
v 7.367 0.595 0

f -12 -15 -14
f -14 -13 -12
f -10 -9 -8
f -8 -9 -7
f -8 -7 -6
f -6 -7 -5
f -6 -5 -4
f -4 -5 -3
f -4 -3 -2
f -2 -3 -1

o Default b7D70
usemtl 0x8FBDB9
v 7.367 0.797 0.28
v 8.004 0.797 0.28
v 8.004 1.189 0.28
v 7.367 1.189 0.28
v 7.367 0.797 0.28
v 7.367 0.797 0.28
v 7.367 0.797 0
v 8.004 0.797 0.28
v 8.004 0.797 0
v 8.004 1.189 0.28
v 8.004 1.189 0
v 7.367 1.189 0.28
v 7.367 1.189 0
v 7.367 0.797 0.28
v 7.367 0.797 0

f -12 -15 -14
f -14 -13 -12
f -10 -9 -8
f -8 -9 -7
f -8 -7 -6
f -6 -7 -5
f -6 -5 -4
f -4 -5 -3
f -4 -3 -2
f -2 -3 -1

o Default b7E63
usemtl 0x8FBDB9
v 8.323 0.596 0.28
v 9.597 0.596 0.28
v 9.597 0.89 0.28
v 8.323 0.89 0.28
v 8.323 0.596 0.28
v 8.323 0.596 0.28
v 8.323 0.596 0
v 9.597 0.596 0.28
v 9.597 0.596 0
v 9.597 0.89 0.28
v 9.597 0.89 0
v 8.323 0.89 0.28
v 8.323 0.89 0
v 8.323 0.596 0.28
v 8.323 0.596 0

f -12 -15 -14
f -14 -13 -12
f -10 -9 -8
f -8 -9 -7
f -8 -7 -6
f -6 -7 -5
f -6 -5 -4
f -4 -5 -3
f -4 -3 -2
f -2 -3 -1

o Default b7D64
usemtl 0x8FBDB9
v 8.317 0.896 0.28
v 8.954 0.896 0.28
v 8.954 1.19 0.28
v 8.317 1.19 0.28
v 8.317 0.896 0.28
v 8.317 0.896 0.28
v 8.317 0.896 0
v 8.954 0.896 0.28
v 8.954 0.896 0
v 8.954 1.19 0.28
v 8.954 1.19 0
v 8.317 1.19 0.28
v 8.317 1.19 0
v 8.317 0.896 0.28
v 8.317 0.896 0

f -12 -15 -14
f -14 -13 -12
f -10 -9 -8
f -8 -9 -7
f -8 -7 -6
f -6 -7 -5
f -6 -5 -4
f -4 -5 -3
f -4 -3 -2
f -2 -3 -1

o Default b7D60
usemtl 0x8FBDB9
v 8.967 0.896 0.28
v 9.604 0.896 0.28
v 9.604 1.19 0.28
v 8.967 1.19 0.28
v 8.967 0.896 0.28
v 8.967 0.896 0.28
v 8.967 0.896 0
v 9.604 0.896 0.28
v 9.604 0.896 0
v 9.604 1.19 0.28
v 9.604 1.19 0
v 8.967 1.19 0.28
v 8.967 1.19 0
v 8.967 0.896 0.28
v 8.967 0.896 0

f -12 -15 -14
f -14 -13 -12
f -10 -9 -8
f -8 -9 -7
f -8 -7 -6
f -6 -7 -5
f -6 -5 -4
f -4 -5 -3
f -4 -3 -2
f -2 -3 -1

o Default b7D50-E51
usemtl 0x8FBDB9
v 9.92 0.599 0.28
v 10.9 0.599 0.28
v 10.9 1.187 0.28
v 9.92 1.187 0.28
v 9.92 0.599 0.28
v 9.92 0.599 0.28
v 9.92 0.599 0
v 10.9 0.599 0.28
v 10.9 0.599 0
v 10.9 1.187 0.28
v 10.9 1.187 0
v 9.92 1.187 0.28
v 9.92 1.187 0
v 9.92 0.599 0.28
v 9.92 0.599 0

f -12 -15 -14
f -14 -13 -12
f -10 -9 -8
f -8 -9 -7
f -8 -7 -6
f -6 -7 -5
f -6 -5 -4
f -4 -5 -3
f -4 -3 -2
f -2 -3 -1

o Default b7D30-E31
usemtl 0x8FBDB9
v 13.025 0.501 0.28
v 14.495 0.501 0.28
v 14.495 1.285 0.28
v 13.025 1.285 0.28
v 13.025 0.501 0.28
v 13.025 0.501 0.28
v 13.025 0.501 0
v 14.495 0.501 0.28
v 14.495 0.501 0
v 14.495 1.285 0.28
v 14.495 1.285 0
v 13.025 1.285 0.28
v 13.025 1.285 0
v 13.025 0.501 0.28
v 13.025 0.501 0

f -12 -15 -14
f -14 -13 -12
f -10 -9 -8
f -8 -9 -7
f -8 -7 -6
f -6 -7 -5
f -6 -5 -4
f -4 -5 -3
f -4 -3 -2
f -2 -3 -1

o Default b7D73
usemtl 0x8FBDB9
v 7.362 1.495 0.28
v 7.558 1.495 0.28
v 7.558 1.691 0.28
v 7.362 1.691 0.28
v 7.362 1.495 0.28
v 7.362 1.495 0.28
v 7.362 1.495 0
v 7.558 1.495 0.28
v 7.558 1.495 0
v 7.558 1.691 0.28
v 7.558 1.691 0
v 7.362 1.691 0.28
v 7.362 1.691 0
v 7.362 1.495 0.28
v 7.362 1.495 0

f -12 -15 -14
f -14 -13 -12
f -10 -9 -8
f -8 -9 -7
f -8 -7 -6
f -6 -7 -5
f -6 -5 -4
f -4 -5 -3
f -4 -3 -2
f -2 -3 -1

o Default b7D71
usemtl 0x8FBDB9
v 7.565 1.495 0.28
v 8.006 1.495 0.28
v 8.006 1.691 0.28
v 7.565 1.691 0.28
v 7.565 1.495 0.28
v 7.565 1.495 0.28
v 7.565 1.495 0
v 8.006 1.495 0.28
v 8.006 1.495 0
v 8.006 1.691 0.28
v 8.006 1.691 0
v 7.565 1.691 0.28
v 7.565 1.691 0
v 7.565 1.495 0.28
v 7.565 1.495 0

f -12 -15 -14
f -14 -13 -12
f -10 -9 -8
f -8 -9 -7
f -8 -7 -6
f -6 -7 -5
f -6 -5 -4
f -4 -5 -3
f -4 -3 -2
f -2 -3 -1

o Default b7C70
usemtl 0x8FBDB9
v 7.367 1.699 0.28
v 8.004 1.699 0.28
v 8.004 2.287 0.28
v 7.367 2.287 0.28
v 7.367 1.699 0.28
v 7.367 1.699 0.28
v 7.367 1.699 0
v 8.004 1.699 0.28
v 8.004 1.699 0
v 8.004 2.287 0.28
v 8.004 2.287 0
v 7.367 2.287 0.28
v 7.367 2.287 0
v 7.367 1.699 0.28
v 7.367 1.699 0

f -12 -15 -14
f -14 -13 -12
f -10 -9 -8
f -8 -9 -7
f -8 -7 -6
f -6 -7 -5
f -6 -5 -4
f -4 -5 -3
f -4 -3 -2
f -2 -3 -1

o Default b7C50-D51
usemtl 0x8FBDB9
v 8.336 1.501 0.28
v 10.884 1.501 0.28
v 10.884 2.285 0.28
v 8.336 2.285 0.28
v 8.336 1.501 0.28
v 8.336 1.501 0.28
v 8.336 1.501 0
v 10.884 1.501 0.28
v 10.884 1.501 0
v 10.884 2.285 0.28
v 10.884 2.285 0
v 8.336 2.285 0.28
v 8.336 2.285 0
v 8.336 1.501 0.28
v 8.336 1.501 0

f -12 -15 -14
f -14 -13 -12
f -10 -9 -8
f -8 -9 -7
f -8 -7 -6
f -6 -7 -5
f -6 -5 -4
f -4 -5 -3
f -4 -3 -2
f -2 -3 -1

o Default b7C40-D41
usemtl 0x8FBDB9
v 11.321 1.601 0.28
v 12.35 1.601 0.28
v 12.35 2.385 0.28
v 11.321 2.385 0.28
v 11.321 1.601 0.28
v 11.321 1.601 0.28
v 11.321 1.601 0
v 12.35 1.601 0.28
v 12.35 1.601 0
v 12.35 2.385 0.28
v 12.35 2.385 0
v 11.321 2.385 0.28
v 11.321 2.385 0
v 11.321 1.601 0.28
v 11.321 1.601 0

f -12 -15 -14
f -14 -13 -12
f -10 -9 -8
f -8 -9 -7
f -8 -7 -6
f -6 -7 -5
f -6 -5 -4
f -4 -5 -3
f -4 -3 -2
f -2 -3 -1

o Default b7D41
usemtl 0x8FBDB9
v 12.367 1.597 0.28
v 13.004 1.597 0.28
v 13.004 2.038 0.28
v 12.367 2.038 0.28
v 12.367 1.597 0.28
v 12.367 1.597 0.28
v 12.367 1.597 0
v 13.004 1.597 0.28
v 13.004 1.597 0
v 13.004 2.038 0.28
v 13.004 2.038 0
v 12.367 2.038 0.28
v 12.367 2.038 0
v 12.367 1.597 0.28
v 12.367 1.597 0

f -12 -15 -14
f -14 -13 -12
f -10 -9 -8
f -8 -9 -7
f -8 -7 -6
f -6 -7 -5
f -6 -5 -4
f -4 -5 -3
f -4 -3 -2
f -2 -3 -1

o Default b7C34
usemtl 0x8FBDB9
v 12.367 2.046 0.28
v 13.004 2.046 0.28
v 13.004 2.389 0.28
v 12.367 2.389 0.28
v 12.367 2.046 0.28
v 12.367 2.046 0.28
v 12.367 2.046 0
v 13.004 2.046 0.28
v 13.004 2.046 0
v 13.004 2.389 0.28
v 13.004 2.389 0
v 12.367 2.389 0.28
v 12.367 2.389 0
v 12.367 2.046 0.28
v 12.367 2.046 0

f -12 -15 -14
f -14 -13 -12
f -10 -9 -8
f -8 -9 -7
f -8 -7 -6
f -6 -7 -5
f -6 -5 -4
f -4 -5 -3
f -4 -3 -2
f -2 -3 -1

o Default b7C30-D31
usemtl 0x8FBDB9
v 13.322 1.601 0.28
v 14.498 1.601 0.28
v 14.498 2.385 0.28
v 13.322 2.385 0.28
v 13.322 1.601 0.28
v 13.322 1.601 0.28
v 13.322 1.601 0
v 14.498 1.601 0.28
v 14.498 1.601 0
v 14.498 2.385 0.28
v 14.498 2.385 0
v 13.322 2.385 0.28
v 13.322 2.385 0
v 13.322 1.601 0.28
v 13.322 1.601 0

f -12 -15 -14
f -14 -13 -12
f -10 -9 -8
f -8 -9 -7
f -8 -7 -6
f -6 -7 -5
f -6 -5 -4
f -4 -5 -3
f -4 -3 -2
f -2 -3 -1

o Default b7D28
usemtl 0x8FBDB9
v 14.914 1.447 0.28
v 15.257 1.447 0.28
v 15.257 1.839 0.28
v 14.914 1.839 0.28
v 14.914 1.447 0.28
v 14.914 1.447 0.28
v 14.914 1.447 0
v 15.257 1.447 0.28
v 15.257 1.447 0
v 15.257 1.839 0.28
v 15.257 1.839 0
v 14.914 1.839 0.28
v 14.914 1.839 0
v 14.914 1.447 0.28
v 14.914 1.447 0

f -12 -15 -14
f -14 -13 -12
f -10 -9 -8
f -8 -9 -7
f -8 -7 -6
f -6 -7 -5
f -6 -5 -4
f -4 -5 -3
f -4 -3 -2
f -2 -3 -1

o Default b7C26
usemtl 0x8FBDB9
v 14.914 1.846 0.28
v 15.257 1.846 0.28
v 15.257 2.14 0.28
v 14.914 2.14 0.28
v 14.914 1.846 0.28
v 14.914 1.846 0.28
v 14.914 1.846 0
v 15.257 1.846 0.28
v 15.257 1.846 0
v 15.257 2.14 0.28
v 15.257 2.14 0
v 14.914 2.14 0.28
v 14.914 2.14 0
v 14.914 1.846 0.28
v 14.914 1.846 0

f -12 -15 -14
f -14 -13 -12
f -10 -9 -8
f -8 -9 -7
f -8 -7 -6
f -6 -7 -5
f -6 -5 -4
f -4 -5 -3
f -4 -3 -2
f -2 -3 -1

o Default b7C24
usemtl 0x8FBDB9
v 14.912 2.147 0.28
v 15.108 2.147 0.28
v 15.108 2.588 0.28
v 14.912 2.588 0.28
v 14.912 2.147 0.28
v 14.912 2.147 0.28
v 14.912 2.147 0
v 15.108 2.147 0.28
v 15.108 2.147 0
v 15.108 2.588 0.28
v 15.108 2.588 0
v 14.912 2.588 0.28
v 14.912 2.588 0
v 14.912 2.147 0.28
v 14.912 2.147 0

f -12 -15 -14
f -14 -13 -12
f -10 -9 -8
f -8 -9 -7
f -8 -7 -6
f -6 -7 -5
f -6 -5 -4
f -4 -5 -3
f -4 -3 -2
f -2 -3 -1

o Default b7C20
usemtl 0x8FBDB9
v 14.914 2.603 0.28
v 15.257 2.603 0.28
v 15.257 3.583 0.28
v 14.914 3.583 0.28
v 14.914 2.603 0.28
v 14.914 2.603 0.28
v 14.914 2.603 0
v 15.257 2.603 0.28
v 15.257 2.603 0
v 15.257 3.583 0.28
v 15.257 3.583 0
v 14.914 3.583 0.28
v 14.914 3.583 0
v 14.914 2.603 0.28
v 14.914 2.603 0

f -12 -15 -14
f -14 -13 -12
f -10 -9 -8
f -8 -9 -7
f -8 -7 -6
f -6 -7 -5
f -6 -5 -4
f -4 -5 -3
f -4 -3 -2
f -2 -3 -1

o Default b7B50-C51
usemtl 0xFF9E4E
v 7.369 2.601 0.28
v 8.251 2.601 0.28
v 8.251 3.385 0.28
v 7.369 3.385 0.28
v 7.369 2.601 0.28
v 7.369 2.601 0.28
v 7.369 2.601 0
v 8.251 2.601 0.28
v 8.251 2.601 0
v 8.251 3.385 0.28
v 8.251 3.385 0
v 7.369 3.385 0.28
v 7.369 3.385 0
v 7.369 2.601 0.28
v 7.369 2.601 0

f -12 -15 -14
f -14 -13 -12
f -10 -9 -8
f -8 -9 -7
f -8 -7 -6
f -6 -7 -5
f -6 -5 -4
f -4 -5 -3
f -4 -3 -2
f -2 -3 -1

o Default b7B40-C41
usemtl 0x8FBDB9
v 8.633 2.699 0.28
v 10.887 2.699 0.28
v 10.887 3.287 0.28
v 8.633 3.287 0.28
v 8.633 2.699 0.28
v 8.633 2.699 0.28
v 8.633 2.699 0
v 10.887 2.699 0.28
v 10.887 2.699 0
v 10.887 3.287 0.28
v 10.887 3.287 0
v 8.633 3.287 0.28
v 8.633 3.287 0
v 8.633 2.699 0.28
v 8.633 2.699 0

f -12 -15 -14
f -14 -13 -12
f -10 -9 -8
f -8 -9 -7
f -8 -7 -6
f -6 -7 -5
f -6 -5 -4
f -4 -5 -3
f -4 -3 -2
f -2 -3 -1

o Default b7C35
usemtl 0x8FBDB9
v 11.327 2.647 0.28
v 12.993 2.647 0.28
v 12.993 3.039 0.28
v 11.327 3.039 0.28
v 11.327 2.647 0.28
v 11.327 2.647 0.28
v 11.327 2.647 0
v 12.993 2.647 0.28
v 12.993 2.647 0
v 12.993 3.039 0.28
v 12.993 3.039 0
v 11.327 3.039 0.28
v 11.327 3.039 0
v 11.327 2.647 0.28
v 11.327 2.647 0

f -12 -15 -14
f -14 -13 -12
f -10 -9 -8
f -8 -9 -7
f -8 -7 -6
f -6 -7 -5
f -6 -5 -4
f -4 -5 -3
f -4 -3 -2
f -2 -3 -1

o Default b7B34
usemtl 0x8FBDB9
v 11.327 3.047 0.28
v 12.993 3.047 0.28
v 12.993 3.439 0.28
v 11.327 3.439 0.28
v 11.327 3.047 0.28
v 11.327 3.047 0.28
v 11.327 3.047 0
v 12.993 3.047 0.28
v 12.993 3.047 0
v 12.993 3.439 0.28
v 12.993 3.439 0
v 11.327 3.439 0.28
v 11.327 3.439 0
v 11.327 3.047 0.28
v 11.327 3.047 0

f -12 -15 -14
f -14 -13 -12
f -10 -9 -8
f -8 -9 -7
f -8 -7 -6
f -6 -7 -5
f -6 -5 -4
f -4 -5 -3
f -4 -3 -2
f -2 -3 -1

o Default b7B30-C31
usemtl 0x8FBDB9
v 13.322 2.651 0.28
v 14.498 2.651 0.28
v 14.498 3.435 0.28
v 13.322 3.435 0.28
v 13.322 2.651 0.28
v 13.322 2.651 0.28
v 13.322 2.651 0
v 14.498 2.651 0.28
v 14.498 2.651 0
v 14.498 3.435 0.28
v 14.498 3.435 0
v 13.322 3.435 0.28
v 13.322 3.435 0
v 13.322 2.651 0.28
v 13.322 2.651 0

f -12 -15 -14
f -14 -13 -12
f -10 -9 -8
f -8 -9 -7
f -8 -7 -6
f -6 -7 -5
f -6 -5 -4
f -4 -5 -3
f -4 -3 -2
f -2 -3 -1

o Default b7A60-B61
usemtl 0xFF9E4E
v 7.382 3.701 0.28
v 9.489 3.701 0.28
v 9.489 4.485 0.28
v 7.382 4.485 0.28
v 7.382 3.701 0.28
v 7.382 3.701 0.28
v 7.382 3.701 0
v 9.489 3.701 0.28
v 9.489 3.701 0
v 9.489 4.485 0.28
v 9.489 4.485 0
v 7.382 4.485 0.28
v 7.382 4.485 0
v 7.382 3.701 0.28
v 7.382 3.701 0

f -12 -15 -14
f -14 -13 -12
f -10 -9 -8
f -8 -9 -7
f -8 -7 -6
f -6 -7 -5
f -6 -5 -4
f -4 -5 -3
f -4 -3 -2
f -2 -3 -1

o Default b7A50-B51
usemtl 0x8FBDB9
v 9.524 3.701 0.28
v 10.896 3.701 0.28
v 10.896 4.485 0.28
v 9.524 4.485 0.28
v 9.524 3.701 0.28
v 9.524 3.701 0.28
v 9.524 3.701 0
v 10.896 3.701 0.28
v 10.896 3.701 0
v 10.896 4.485 0.28
v 10.896 4.485 0
v 9.524 4.485 0.28
v 9.524 4.485 0
v 9.524 3.701 0.28
v 9.524 3.701 0

f -12 -15 -14
f -14 -13 -12
f -10 -9 -8
f -8 -9 -7
f -8 -7 -6
f -6 -7 -5
f -6 -5 -4
f -4 -5 -3
f -4 -3 -2
f -2 -3 -1

o Default b7A30-B31
usemtl 0x8FBDB9
v 11.342 3.701 0.28
v 14.478 3.701 0.28
v 14.478 4.485 0.28
v 11.342 4.485 0.28
v 11.342 3.701 0.28
v 11.342 3.701 0.28
v 11.342 3.701 0
v 14.478 3.701 0.28
v 14.478 3.701 0
v 14.478 4.485 0.28
v 14.478 4.485 0
v 11.342 4.485 0.28
v 11.342 4.485 0
v 11.342 3.701 0.28
v 11.342 3.701 0

f -12 -15 -14
f -14 -13 -12
f -10 -9 -8
f -8 -9 -7
f -8 -7 -6
f -6 -7 -5
f -6 -5 -4
f -4 -5 -3
f -4 -3 -2
f -2 -3 -1

o Default b7A71
usemtl 0x8FBDB9
v 7.372 4.747 0.28
v 8.548 4.747 0.28
v 8.548 5.139 0.28
v 7.372 5.139 0.28
v 7.372 4.747 0.28
v 7.372 4.747 0.28
v 7.372 4.747 0
v 8.548 4.747 0.28
v 8.548 4.747 0
v 8.548 5.139 0.28
v 8.548 5.139 0
v 7.372 5.139 0.28
v 7.372 5.139 0
v 7.372 4.747 0.28
v 7.372 4.747 0

f -12 -15 -14
f -14 -13 -12
f -10 -9 -8
f -8 -9 -7
f -8 -7 -6
f -6 -7 -5
f -6 -5 -4
f -4 -5 -3
f -4 -3 -2
f -2 -3 -1

o Default b8F70
usemtl 0x8FBDB9
v 7.372 5.147 0.28
v 8.548 5.147 0.28
v 8.548 5.539 0.28
v 7.372 5.539 0.28
v 7.372 5.147 0.28
v 7.372 5.147 0.28
v 7.372 5.147 0
v 8.548 5.147 0.28
v 8.548 5.147 0
v 8.548 5.539 0.28
v 8.548 5.539 0
v 7.372 5.539 0.28
v 7.372 5.539 0
v 7.372 5.147 0.28
v 7.372 5.147 0

f -12 -15 -14
f -14 -13 -12
f -10 -9 -8
f -8 -9 -7
f -8 -7 -6
f -6 -7 -5
f -6 -5 -4
f -4 -5 -3
f -4 -3 -2
f -2 -3 -1

o Default b8F60
usemtl 0x8FBDB9
v 8.569 5.295 0.28
v 9.451 5.295 0.28
v 9.451 5.54 0.28
v 8.569 5.54 0.28
v 8.569 5.295 0.28
v 8.569 5.295 0.28
v 8.569 5.295 0
v 9.451 5.295 0.28
v 9.451 5.295 0
v 9.451 5.54 0.28
v 9.451 5.54 0
v 8.569 5.54 0.28
v 8.569 5.54 0
v 8.569 5.295 0.28
v 8.569 5.295 0

f -12 -15 -14
f -14 -13 -12
f -10 -9 -8
f -8 -9 -7
f -8 -7 -6
f -6 -7 -5
f -6 -5 -4
f -4 -5 -3
f -4 -3 -2
f -2 -3 -1

o Default b8F50-7A51
usemtl 0x8FBDB9
v 9.772 4.751 0.28
v 10.899 4.751 0.28
v 10.899 5.535 0.28
v 9.772 5.535 0.28
v 9.772 4.751 0.28
v 9.772 4.751 0.28
v 9.772 4.751 0
v 10.899 4.751 0.28
v 10.899 4.751 0
v 10.899 5.535 0.28
v 10.899 5.535 0
v 9.772 5.535 0.28
v 9.772 5.535 0
v 9.772 4.751 0.28
v 9.772 4.751 0

f -12 -15 -14
f -14 -13 -12
f -10 -9 -8
f -8 -9 -7
f -8 -7 -6
f -6 -7 -5
f -6 -5 -4
f -4 -5 -3
f -4 -3 -2
f -2 -3 -1

o Default b8F71
usemtl 0x8FBDB9
v 7.374 5.847 0.28
v 8.746 5.847 0.28
v 8.746 6.239 0.28
v 7.374 6.239 0.28
v 7.374 5.847 0.28
v 7.374 5.847 0.28
v 7.374 5.847 0
v 8.746 5.847 0.28
v 8.746 5.847 0
v 8.746 6.239 0.28
v 8.746 6.239 0
v 7.374 6.239 0.28
v 7.374 6.239 0
v 7.374 5.847 0.28
v 7.374 5.847 0

f -12 -15 -14
f -14 -13 -12
f -10 -9 -8
f -8 -9 -7
f -8 -7 -6
f -6 -7 -5
f -6 -5 -4
f -4 -5 -3
f -4 -3 -2
f -2 -3 -1

o Default b8E70
usemtl 0x8FBDB9
v 7.374 6.246 0.28
v 8.746 6.246 0.28
v 8.746 6.589 0.28
v 7.374 6.589 0.28
v 7.374 6.246 0.28
v 7.374 6.246 0.28
v 7.374 6.246 0
v 8.746 6.246 0.28
v 8.746 6.246 0
v 8.746 6.589 0.28
v 8.746 6.589 0
v 7.374 6.589 0.28
v 7.374 6.589 0
v 7.374 6.246 0.28
v 7.374 6.246 0

f -12 -15 -14
f -14 -13 -12
f -10 -9 -8
f -8 -9 -7
f -8 -7 -6
f -6 -7 -5
f -6 -5 -4
f -4 -5 -3
f -4 -3 -2
f -2 -3 -1

o Default b8F55
usemtl 0x8FBDB9
v 9.064 5.847 0.28
v 9.456 5.847 0.28
v 9.456 6.239 0.28
v 9.064 6.239 0.28
v 9.064 5.847 0.28
v 9.064 5.847 0.28
v 9.064 5.847 0
v 9.456 5.847 0.28
v 9.456 5.847 0
v 9.456 6.239 0.28
v 9.456 6.239 0
v 9.064 6.239 0.28
v 9.064 6.239 0
v 9.064 5.847 0.28
v 9.064 5.847 0

f -12 -15 -14
f -14 -13 -12
f -10 -9 -8
f -8 -9 -7
f -8 -7 -6
f -6 -7 -5
f -6 -5 -4
f -4 -5 -3
f -4 -3 -2
f -2 -3 -1

o Default b8E54
usemtl 0x8FBDB9
v 9.064 6.247 0.28
v 9.456 6.247 0.28
v 9.456 6.639 0.28
v 9.064 6.639 0.28
v 9.064 6.247 0.28
v 9.064 6.247 0.28
v 9.064 6.247 0
v 9.456 6.247 0.28
v 9.456 6.247 0
v 9.456 6.639 0.28
v 9.456 6.639 0
v 9.064 6.639 0.28
v 9.064 6.639 0
v 9.064 6.247 0.28
v 9.064 6.247 0

f -12 -15 -14
f -14 -13 -12
f -10 -9 -8
f -8 -9 -7
f -8 -7 -6
f -6 -7 -5
f -6 -5 -4
f -4 -5 -3
f -4 -3 -2
f -2 -3 -1

o Default b8E50-F51
usemtl 0x8FBDB9
v 9.772 5.851 0.28
v 10.899 5.851 0.28
v 10.899 6.635 0.28
v 9.772 6.635 0.28
v 9.772 5.851 0.28
v 9.772 5.851 0.28
v 9.772 5.851 0
v 10.899 5.851 0.28
v 10.899 5.851 0
v 10.899 6.635 0.28
v 10.899 6.635 0
v 9.772 6.635 0.28
v 9.772 6.635 0
v 9.772 5.851 0.28
v 9.772 5.851 0

f -12 -15 -14
f -14 -13 -12
f -10 -9 -8
f -8 -9 -7
f -8 -7 -6
f -6 -7 -5
f -6 -5 -4
f -4 -5 -3
f -4 -3 -2
f -2 -3 -1

o Default b8F45
usemtl 0x8FBDB9
v 11.318 5.847 0.28
v 12.102 5.847 0.28
v 12.102 6.239 0.28
v 11.318 6.239 0.28
v 11.318 5.847 0.28
v 11.318 5.847 0.28
v 11.318 5.847 0
v 12.102 5.847 0.28
v 12.102 5.847 0
v 12.102 6.239 0.28
v 12.102 6.239 0
v 11.318 6.239 0.28
v 11.318 6.239 0
v 11.318 5.847 0.28
v 11.318 5.847 0

f -12 -15 -14
f -14 -13 -12
f -10 -9 -8
f -8 -9 -7
f -8 -7 -6
f -6 -7 -5
f -6 -5 -4
f -4 -5 -3
f -4 -3 -2
f -2 -3 -1

o Default b8E44
usemtl 0x8FBDB9
v 11.318 6.247 0.28
v 12.102 6.247 0.28
v 12.102 6.639 0.28
v 11.318 6.639 0.28
v 11.318 6.247 0.28
v 11.318 6.247 0.28
v 11.318 6.247 0
v 12.102 6.247 0.28
v 12.102 6.247 0
v 12.102 6.639 0.28
v 12.102 6.639 0
v 11.318 6.639 0.28
v 11.318 6.639 0
v 11.318 6.247 0.28
v 11.318 6.247 0

f -12 -15 -14
f -14 -13 -12
f -10 -9 -8
f -8 -9 -7
f -8 -7 -6
f -6 -7 -5
f -6 -5 -4
f -4 -5 -3
f -4 -3 -2
f -2 -3 -1

o Default b8E40-F41
usemtl 0x8FBDB9
v 12.117 5.851 0.28
v 12.803 5.851 0.28
v 12.803 6.635 0.28
v 12.117 6.635 0.28
v 12.117 5.851 0.28
v 12.117 5.851 0.28
v 12.117 5.851 0
v 12.803 5.851 0.28
v 12.803 5.851 0
v 12.803 6.635 0.28
v 12.803 6.635 0
v 12.117 6.635 0.28
v 12.117 6.635 0
v 12.117 5.851 0.28
v 12.117 5.851 0

f -12 -15 -14
f -14 -13 -12
f -10 -9 -8
f -8 -9 -7
f -8 -7 -6
f -6 -7 -5
f -6 -5 -4
f -4 -5 -3
f -4 -3 -2
f -2 -3 -1

o Default b8E30-F31
usemtl 0x8FBDB9
v 13.124 5.851 0.28
v 14.496 5.851 0.28
v 14.496 6.635 0.28
v 13.124 6.635 0.28
v 13.124 5.851 0.28
v 13.124 5.851 0.28
v 13.124 5.851 0
v 14.496 5.851 0.28
v 14.496 5.851 0
v 14.496 6.635 0.28
v 14.496 6.635 0
v 13.124 6.635 0.28
v 13.124 6.635 0
v 13.124 5.851 0.28
v 13.124 5.851 0

f -12 -15 -14
f -14 -13 -12
f -10 -9 -8
f -8 -9 -7
f -8 -7 -6
f -6 -7 -5
f -6 -5 -4
f -4 -5 -3
f -4 -3 -2
f -2 -3 -1

o Default b8F20
usemtl 0x8FBDB9
v 14.914 5.349 0.28
v 15.257 5.349 0.28
v 15.257 5.986 0.28
v 14.914 5.986 0.28
v 14.914 5.349 0.28
v 14.914 5.349 0.28
v 14.914 5.349 0
v 15.257 5.349 0.28
v 15.257 5.349 0
v 15.257 5.986 0.28
v 15.257 5.986 0
v 14.914 5.986 0.28
v 14.914 5.986 0
v 14.914 5.349 0.28
v 14.914 5.349 0

f -12 -15 -14
f -14 -13 -12
f -10 -9 -8
f -8 -9 -7
f -8 -7 -6
f -6 -7 -5
f -6 -5 -4
f -4 -5 -3
f -4 -3 -2
f -2 -3 -1

o Default b8E79
usemtl 0x8FBDB9
v 7.703 6.855 0.28
v 7.948 6.855 0.28
v 7.948 7.1 0.28
v 7.703 7.1 0.28
v 7.703 6.855 0.28
v 7.703 6.855 0.28
v 7.703 6.855 0
v 7.948 6.855 0.28
v 7.948 6.855 0
v 7.948 7.1 0.28
v 7.948 7.1 0
v 7.703 7.1 0.28
v 7.703 7.1 0
v 7.703 6.855 0.28
v 7.703 6.855 0

f -12 -15 -14
f -14 -13 -12
f -10 -9 -8
f -8 -9 -7
f -8 -7 -6
f -6 -7 -5
f -6 -5 -4
f -4 -5 -3
f -4 -3 -2
f -2 -3 -1

o Default b8E77
usemtl 0x8FBDB9
v 7.953 6.855 0.28
v 8.198 6.855 0.28
v 8.198 7.1 0.28
v 7.953 7.1 0.28
v 7.953 6.855 0.28
v 7.953 6.855 0.28
v 7.953 6.855 0
v 8.198 6.855 0.28
v 8.198 6.855 0
v 8.198 7.1 0.28
v 8.198 7.1 0
v 7.953 7.1 0.28
v 7.953 7.1 0
v 7.953 6.855 0.28
v 7.953 6.855 0

f -12 -15 -14
f -14 -13 -12
f -10 -9 -8
f -8 -9 -7
f -8 -7 -6
f -6 -7 -5
f -6 -5 -4
f -4 -5 -3
f -4 -3 -2
f -2 -3 -1

o Default b8D76
usemtl 0x8FBDB9
v 7.704 7.105 0.28
v 8.096 7.105 0.28
v 8.096 7.301 0.28
v 7.704 7.301 0.28
v 7.704 7.105 0.28
v 7.704 7.105 0.28
v 7.704 7.105 0
v 8.096 7.105 0.28
v 8.096 7.105 0
v 8.096 7.301 0.28
v 8.096 7.301 0
v 7.704 7.301 0.28
v 7.704 7.301 0
v 7.704 7.105 0.28
v 7.704 7.105 0

f -12 -15 -14
f -14 -13 -12
f -10 -9 -8
f -8 -9 -7
f -8 -7 -6
f -6 -7 -5
f -6 -5 -4
f -4 -5 -3
f -4 -3 -2
f -2 -3 -1

o Default b8D60-E61
usemtl 0x8FBDB9
v 9.168 6.95 0.28
v 9.952 6.95 0.28
v 9.952 7.636 0.28
v 9.168 7.636 0.28
v 9.168 6.95 0.28
v 9.168 6.95 0.28
v 9.168 6.95 0
v 9.952 6.95 0.28
v 9.952 6.95 0
v 9.952 7.636 0.28
v 9.952 7.636 0
v 9.168 7.636 0.28
v 9.168 7.636 0
v 9.168 6.95 0.28
v 9.168 6.95 0

f -12 -15 -14
f -14 -13 -12
f -10 -9 -8
f -8 -9 -7
f -8 -7 -6
f -6 -7 -5
f -6 -5 -4
f -4 -5 -3
f -4 -3 -2
f -2 -3 -1

o Default b8D54-E55
usemtl 0x8FBDB9
v 10.262 6.95 0.28
v 10.458 6.95 0.28
v 10.458 7.636 0.28
v 10.262 7.636 0.28
v 10.262 6.95 0.28
v 10.262 6.95 0.28
v 10.262 6.95 0
v 10.458 6.95 0.28
v 10.458 6.95 0
v 10.458 7.636 0.28
v 10.458 7.636 0
v 10.262 7.636 0.28
v 10.262 7.636 0
v 10.262 6.95 0.28
v 10.262 6.95 0

f -12 -15 -14
f -14 -13 -12
f -10 -9 -8
f -8 -9 -7
f -8 -7 -6
f -6 -7 -5
f -6 -5 -4
f -4 -5 -3
f -4 -3 -2
f -2 -3 -1

o Default b8D50-E51
usemtl 0x8FBDB9
v 10.465 6.95 0.28
v 10.906 6.95 0.28
v 10.906 7.636 0.28
v 10.465 7.636 0.28
v 10.465 6.95 0.28
v 10.465 6.95 0.28
v 10.465 6.95 0
v 10.906 6.95 0.28
v 10.906 6.95 0
v 10.906 7.636 0.28
v 10.906 7.636 0
v 10.465 7.636 0.28
v 10.465 7.636 0
v 10.465 6.95 0.28
v 10.465 6.95 0

f -12 -15 -14
f -14 -13 -12
f -10 -9 -8
f -8 -9 -7
f -8 -7 -6
f -6 -7 -5
f -6 -5 -4
f -4 -5 -3
f -4 -3 -2
f -2 -3 -1

o Default b8D44-E45
usemtl 0x8FBDB9
v 11.317 6.95 0.28
v 12.003 6.95 0.28
v 12.003 7.636 0.28
v 11.317 7.636 0.28
v 11.317 6.95 0.28
v 11.317 6.95 0.28
v 11.317 6.95 0
v 12.003 6.95 0.28
v 12.003 6.95 0
v 12.003 7.636 0.28
v 12.003 7.636 0
v 11.317 7.636 0.28
v 11.317 7.636 0
v 11.317 6.95 0.28
v 11.317 6.95 0

f -12 -15 -14
f -14 -13 -12
f -10 -9 -8
f -8 -9 -7
f -8 -7 -6
f -6 -7 -5
f -6 -5 -4
f -4 -5 -3
f -4 -3 -2
f -2 -3 -1

o Default b8D40-E41
usemtl 0x8FBDB9
v 12.018 6.95 0.28
v 12.802 6.95 0.28
v 12.802 7.636 0.28
v 12.018 7.636 0.28
v 12.018 6.95 0.28
v 12.018 6.95 0.28
v 12.018 6.95 0
v 12.802 6.95 0.28
v 12.802 6.95 0
v 12.802 7.636 0.28
v 12.802 7.636 0
v 12.018 7.636 0.28
v 12.018 7.636 0
v 12.018 6.95 0.28
v 12.018 6.95 0

f -12 -15 -14
f -14 -13 -12
f -10 -9 -8
f -8 -9 -7
f -8 -7 -6
f -6 -7 -5
f -6 -5 -4
f -4 -5 -3
f -4 -3 -2
f -2 -3 -1

o Default b8D30-E31
usemtl 0x8FBDB9
v 13.124 6.95 0.28
v 14.496 6.95 0.28
v 14.496 7.636 0.28
v 13.124 7.636 0.28
v 13.124 6.95 0.28
v 13.124 6.95 0.28
v 13.124 6.95 0
v 14.496 6.95 0.28
v 14.496 6.95 0
v 14.496 7.636 0.28
v 14.496 7.636 0
v 13.124 7.636 0.28
v 13.124 7.636 0
v 13.124 6.95 0.28
v 13.124 6.95 0

f -12 -15 -14
f -14 -13 -12
f -10 -9 -8
f -8 -9 -7
f -8 -7 -6
f -6 -7 -5
f -6 -5 -4
f -4 -5 -3
f -4 -3 -2
f -2 -3 -1

o Default b8B60-C61
usemtl 0x8FBDB9
v 7.562 7.561 0.28
v 8.748 7.561 0.28
v 8.748 9.325 0.28
v 7.562 9.325 0.28
v 7.562 7.561 0.28
v 7.562 7.561 0.28
v 7.562 7.561 0
v 8.748 7.561 0.28
v 8.748 7.561 0
v 8.748 9.325 0.28
v 8.748 9.325 0
v 7.562 9.325 0.28
v 7.562 9.325 0
v 7.562 7.561 0.28
v 7.562 7.561 0

f -12 -15 -14
f -14 -13 -12
f -10 -9 -8
f -8 -9 -7
f -8 -7 -6
f -6 -7 -5
f -6 -5 -4
f -4 -5 -3
f -4 -3 -2
f -2 -3 -1

o Default b8B50-C53
usemtl 0x8FBDB9
v 9.178 7.957 0.28
v 10.893 7.957 0.28
v 10.893 9.329 0.28
v 9.178 9.329 0.28
v 9.178 7.957 0.28
v 9.178 7.957 0.28
v 9.178 7.957 0
v 10.893 7.957 0.28
v 10.893 7.957 0
v 10.893 9.329 0.28
v 10.893 9.329 0
v 9.178 9.329 0.28
v 9.178 9.329 0
v 9.178 7.957 0.28
v 9.178 7.957 0

f -12 -15 -14
f -14 -13 -12
f -10 -9 -8
f -8 -9 -7
f -8 -7 -6
f -6 -7 -5
f -6 -5 -4
f -4 -5 -3
f -4 -3 -2
f -2 -3 -1

o Default b8C46-D47
usemtl 0x8FBDB9
v 11.316 7.949 0.28
v 11.855 7.949 0.28
v 11.855 8.537 0.28
v 11.316 8.537 0.28
v 11.316 7.949 0.28
v 11.316 7.949 0.28
v 11.316 7.949 0
v 11.855 7.949 0.28
v 11.855 7.949 0
v 11.855 8.537 0.28
v 11.855 8.537 0
v 11.316 8.537 0.28
v 11.316 8.537 0
v 11.316 7.949 0.28
v 11.316 7.949 0

f -12 -15 -14
f -14 -13 -12
f -10 -9 -8
f -8 -9 -7
f -8 -7 -6
f -6 -7 -5
f -6 -5 -4
f -4 -5 -3
f -4 -3 -2
f -2 -3 -1

o Default b8C40-D41
usemtl 0x8FBDB9
v 11.869 7.949 0.28
v 12.702 7.949 0.28
v 12.702 8.537 0.28
v 11.869 8.537 0.28
v 11.869 7.949 0.28
v 11.869 7.949 0.28
v 11.869 7.949 0
v 12.702 7.949 0.28
v 12.702 7.949 0
v 12.702 8.537 0.28
v 12.702 8.537 0
v 11.869 8.537 0.28
v 11.869 8.537 0
v 11.869 7.949 0.28
v 11.869 7.949 0

f -12 -15 -14
f -14 -13 -12
f -10 -9 -8
f -8 -9 -7
f -8 -7 -6
f -6 -7 -5
f -6 -5 -4
f -4 -5 -3
f -4 -3 -2
f -2 -3 -1

o Default b8C30-D31
usemtl 0x8FBDB9
v 13.075 7.949 0.28
v 14.496 7.949 0.28
v 14.496 8.537 0.28
v 13.075 8.537 0.28
v 13.075 7.949 0.28
v 13.075 7.949 0.28
v 13.075 7.949 0
v 14.496 7.949 0.28
v 14.496 7.949 0
v 14.496 8.537 0.28
v 14.496 8.537 0
v 13.075 8.537 0.28
v 13.075 8.537 0
v 13.075 7.949 0.28
v 13.075 7.949 0

f -12 -15 -14
f -14 -13 -12
f -10 -9 -8
f -8 -9 -7
f -8 -7 -6
f -6 -7 -5
f -6 -5 -4
f -4 -5 -3
f -4 -3 -2
f -2 -3 -1

o Default b8B40-C41
usemtl 0x8FBDB9
v 11.321 8.848 0.28
v 12.35 8.848 0.28
v 12.35 9.338 0.28
v 11.321 9.338 0.28
v 11.321 8.848 0.28
v 11.321 8.848 0.28
v 11.321 8.848 0
v 12.35 8.848 0.28
v 12.35 8.848 0
v 12.35 9.338 0.28
v 12.35 9.338 0
v 11.321 9.338 0.28
v 11.321 9.338 0
v 11.321 8.848 0.28
v 11.321 8.848 0

f -12 -15 -14
f -14 -13 -12
f -10 -9 -8
f -8 -9 -7
f -8 -7 -6
f -6 -7 -5
f -6 -5 -4
f -4 -5 -3
f -4 -3 -2
f -2 -3 -1

o Default b8B36-C37
usemtl 0x8FBDB9
v 12.612 8.848 0.28
v 12.808 8.848 0.28
v 12.808 9.338 0.28
v 12.612 9.338 0.28
v 12.612 8.848 0.28
v 12.612 8.848 0.28
v 12.612 8.848 0
v 12.808 8.848 0.28
v 12.808 8.848 0
v 12.808 9.338 0.28
v 12.808 9.338 0
v 12.612 9.338 0.28
v 12.612 9.338 0
v 12.612 8.848 0.28
v 12.612 8.848 0

f -12 -15 -14
f -14 -13 -12
f -10 -9 -8
f -8 -9 -7
f -8 -7 -6
f -6 -7 -5
f -6 -5 -4
f -4 -5 -3
f -4 -3 -2
f -2 -3 -1

o Default b8B34-C35
usemtl 0x8FBDB9
v 12.814 8.848 0.28
v 13.157 8.848 0.28
v 13.157 9.338 0.28
v 12.814 9.338 0.28
v 12.814 8.848 0.28
v 12.814 8.848 0.28
v 12.814 8.848 0
v 13.157 8.848 0.28
v 13.157 8.848 0
v 13.157 9.338 0.28
v 13.157 9.338 0
v 12.814 9.338 0.28
v 12.814 9.338 0
v 12.814 8.848 0.28
v 12.814 8.848 0

f -12 -15 -14
f -14 -13 -12
f -10 -9 -8
f -8 -9 -7
f -8 -7 -6
f -6 -7 -5
f -6 -5 -4
f -4 -5 -3
f -4 -3 -2
f -2 -3 -1

o Default b8B30-C31
usemtl 0x8FBDB9
v 13.471 8.848 0.28
v 14.5 8.848 0.28
v 14.5 9.338 0.28
v 13.471 9.338 0.28
v 13.471 8.848 0.28
v 13.471 8.848 0.28
v 13.471 8.848 0
v 14.5 8.848 0.28
v 14.5 8.848 0
v 14.5 9.338 0.28
v 14.5 9.338 0
v 13.471 9.338 0.28
v 13.471 9.338 0
v 13.471 8.848 0.28
v 13.471 8.848 0

f -12 -15 -14
f -14 -13 -12
f -10 -9 -8
f -8 -9 -7
f -8 -7 -6
f -6 -7 -5
f -6 -5 -4
f -4 -5 -3
f -4 -3 -2
f -2 -3 -1

o Default b8C20
usemtl 0x8FBDB9
v 14.913 8.147 0.28
v 15.158 8.147 0.28
v 15.158 8.245 0.28
v 15.207 8.245 0.28
v 15.207 8.49 0.28
v 14.913 8.49 0.28
v 14.913 8.147 0.28
v 14.913 8.147 0.28
v 14.913 8.147 0.28
v 14.913 8.147 0
v 15.158 8.147 0.28
v 15.158 8.147 0
v 15.158 8.245 0.28
v 15.158 8.245 0
v 15.207 8.245 0.28
v 15.207 8.245 0
v 15.207 8.49 0.28
v 15.207 8.49 0
v 14.913 8.49 0.28
v 14.913 8.49 0
v 14.913 8.147 0.28
v 14.913 8.147 0
v 14.913 8.147 0.28
v 14.913 8.147 0

f -22 -21 -20
f -22 -20 -19
f -23 -22 -19
f -23 -19 -24
f -16 -15 -14
f -14 -15 -13
f -14 -13 -12
f -12 -13 -11
f -12 -11 -10
f -10 -11 -9
f -10 -9 -8
f -8 -9 -7
f -8 -7 -6
f -6 -7 -5
f -6 -5 -4
f -4 -5 -3
f -4 -3 -2
f -2 -3 -1

o Default b8C23
usemtl 0x8FBDB9
v 14.913 8.5 0.28
v 15.207 8.5 0.28
v 15.207 9.236 0.28
v 14.913 9.236 0.28
v 14.913 8.5 0.28
v 14.913 8.5 0.28
v 14.913 8.5 0
v 15.207 8.5 0.28
v 15.207 8.5 0
v 15.207 9.236 0.28
v 15.207 9.236 0
v 14.913 9.236 0.28
v 14.913 9.236 0
v 14.913 8.5 0.28
v 14.913 8.5 0

f -12 -15 -14
f -14 -13 -12
f -10 -9 -8
f -8 -9 -7
f -8 -7 -6
f -6 -7 -5
f -6 -5 -4
f -4 -5 -3
f -4 -3 -2
f -2 -3 -1

o Default b8B20
usemtl 0x8FBDB9
v 14.913 9.247 0.28
v 15.207 9.247 0.28
v 15.207 9.639 0.28
v 14.913 9.639 0.28
v 14.913 9.247 0.28
v 14.913 9.247 0.28
v 14.913 9.247 0
v 15.207 9.247 0.28
v 15.207 9.247 0
v 15.207 9.639 0.28
v 15.207 9.639 0
v 14.913 9.639 0.28
v 14.913 9.639 0
v 14.913 9.247 0.28
v 14.913 9.247 0

f -12 -15 -14
f -14 -13 -12
f -10 -9 -8
f -8 -9 -7
f -8 -7 -6
f -6 -7 -5
f -6 -5 -4
f -4 -5 -3
f -4 -3 -2
f -2 -3 -1

o Default b8B27
usemtl 0x8FBDB9
v 14.316 9.645 0.28
v 14.904 9.645 0.28
v 14.904 9.841 0.28
v 14.316 9.841 0.28
v 14.316 9.645 0.28
v 14.316 9.645 0.28
v 14.316 9.645 0
v 14.904 9.645 0.28
v 14.904 9.645 0
v 14.904 9.841 0.28
v 14.904 9.841 0
v 14.316 9.841 0.28
v 14.316 9.841 0
v 14.316 9.645 0.28
v 14.316 9.645 0

f -12 -15 -14
f -14 -13 -12
f -10 -9 -8
f -8 -9 -7
f -8 -7 -6
f -6 -7 -5
f -6 -5 -4
f -4 -5 -3
f -4 -3 -2
f -2 -3 -1

o Default b8B29
usemtl 0x8FBDB9
v 13.716 9.645 0.28
v 14.304 9.645 0.28
v 14.304 9.841 0.28
v 13.716 9.841 0.28
v 13.716 9.645 0.28
v 13.716 9.645 0.28
v 13.716 9.645 0
v 14.304 9.645 0.28
v 14.304 9.645 0
v 14.304 9.841 0.28
v 14.304 9.841 0
v 13.716 9.841 0.28
v 13.716 9.841 0
v 13.716 9.645 0.28
v 13.716 9.645 0

f -12 -15 -14
f -14 -13 -12
f -10 -9 -8
f -8 -9 -7
f -8 -7 -6
f -6 -7 -5
f -6 -5 -4
f -4 -5 -3
f -4 -3 -2
f -2 -3 -1

o Default b8B31
usemtl 0x8FBDB9
v 13.413 9.645 0.28
v 13.707 9.645 0.28
v 13.707 9.841 0.28
v 13.413 9.841 0.28
v 13.413 9.645 0.28
v 13.413 9.645 0.28
v 13.413 9.645 0
v 13.707 9.645 0.28
v 13.707 9.645 0
v 13.707 9.841 0.28
v 13.707 9.841 0
v 13.413 9.841 0.28
v 13.413 9.841 0
v 13.413 9.645 0.28
v 13.413 9.645 0

f -12 -15 -14
f -14 -13 -12
f -10 -9 -8
f -8 -9 -7
f -8 -7 -6
f -6 -7 -5
f -6 -5 -4
f -4 -5 -3
f -4 -3 -2
f -2 -3 -1

o Default b8B35
usemtl 0x8FBDB9
v 12.965 9.645 0.28
v 13.406 9.645 0.28
v 13.406 9.841 0.28
v 12.965 9.841 0.28
v 12.965 9.645 0.28
v 12.965 9.645 0.28
v 12.965 9.645 0
v 13.406 9.645 0.28
v 13.406 9.645 0
v 13.406 9.841 0.28
v 13.406 9.841 0
v 12.965 9.841 0.28
v 12.965 9.841 0
v 12.965 9.645 0.28
v 12.965 9.645 0

f -12 -15 -14
f -14 -13 -12
f -10 -9 -8
f -8 -9 -7
f -8 -7 -6
f -6 -7 -5
f -6 -5 -4
f -4 -5 -3
f -4 -3 -2
f -2 -3 -1

o Default b8B37
usemtl 0x8FBDB9
v 12.515 9.645 0.28
v 12.956 9.645 0.28
v 12.956 9.841 0.28
v 12.515 9.841 0.28
v 12.515 9.645 0.28
v 12.515 9.645 0.28
v 12.515 9.645 0
v 12.956 9.645 0.28
v 12.956 9.645 0
v 12.956 9.841 0.28
v 12.956 9.841 0
v 12.515 9.841 0.28
v 12.515 9.841 0
v 12.515 9.645 0.28
v 12.515 9.645 0

f -12 -15 -14
f -14 -13 -12
f -10 -9 -8
f -8 -9 -7
f -8 -7 -6
f -6 -7 -5
f -6 -5 -4
f -4 -5 -3
f -4 -3 -2
f -2 -3 -1

o Default b8B41
usemtl 0x8FBDB9
v 11.913 9.645 0.28
v 12.207 9.645 0.28
v 12.207 9.841 0.28
v 11.913 9.841 0.28
v 11.913 9.645 0.28
v 11.913 9.645 0.28
v 11.913 9.645 0
v 12.207 9.645 0.28
v 12.207 9.645 0
v 12.207 9.841 0.28
v 12.207 9.841 0
v 11.913 9.841 0.28
v 11.913 9.841 0
v 11.913 9.645 0.28
v 11.913 9.645 0

f -12 -15 -14
f -14 -13 -12
f -10 -9 -8
f -8 -9 -7
f -8 -7 -6
f -6 -7 -5
f -6 -5 -4
f -4 -5 -3
f -4 -3 -2
f -2 -3 -1

o Default b8B43
usemtl 0x8FBDB9
v 11.613 9.645 0.28
v 11.907 9.645 0.28
v 11.907 9.841 0.28
v 11.613 9.841 0.28
v 11.613 9.645 0.28
v 11.613 9.645 0.28
v 11.613 9.645 0
v 11.907 9.645 0.28
v 11.907 9.645 0
v 11.907 9.841 0.28
v 11.907 9.841 0
v 11.613 9.841 0.28
v 11.613 9.841 0
v 11.613 9.645 0.28
v 11.613 9.645 0

f -12 -15 -14
f -14 -13 -12
f -10 -9 -8
f -8 -9 -7
f -8 -7 -6
f -6 -7 -5
f -6 -5 -4
f -4 -5 -3
f -4 -3 -2
f -2 -3 -1

o Default b8B47
usemtl 0x8FBDB9
v 10.963 9.645 0.28
v 11.257 9.645 0.28
v 11.257 9.841 0.28
v 10.963 9.841 0.28
v 10.963 9.645 0.28
v 10.963 9.645 0.28
v 10.963 9.645 0
v 11.257 9.645 0.28
v 11.257 9.645 0
v 11.257 9.841 0.28
v 11.257 9.841 0
v 10.963 9.841 0.28
v 10.963 9.841 0
v 10.963 9.645 0.28
v 10.963 9.645 0

f -12 -15 -14
f -14 -13 -12
f -10 -9 -8
f -8 -9 -7
f -8 -7 -6
f -6 -7 -5
f -6 -5 -4
f -4 -5 -3
f -4 -3 -2
f -2 -3 -1

o Default b8B51
usemtl 0x8FBDB9
v 10.663 9.645 0.28
v 10.957 9.645 0.28
v 10.957 9.841 0.28
v 10.663 9.841 0.28
v 10.663 9.645 0.28
v 10.663 9.645 0.28
v 10.663 9.645 0
v 10.957 9.645 0.28
v 10.957 9.645 0
v 10.957 9.841 0.28
v 10.957 9.841 0
v 10.663 9.841 0.28
v 10.663 9.841 0
v 10.663 9.645 0.28
v 10.663 9.645 0

f -12 -15 -14
f -14 -13 -12
f -10 -9 -8
f -8 -9 -7
f -8 -7 -6
f -6 -7 -5
f -6 -5 -4
f -4 -5 -3
f -4 -3 -2
f -2 -3 -1

o Default b8A70-B71
usemtl 0x8FBDB9
v 7.571 9.653 0.28
v 9.58 9.653 0.28
v 9.58 10.633 0.28
v 7.963 10.633 0.28
v 7.571 10.241 0.28
v 7.571 9.653 0.28
v 7.571 9.653 0.28
v 7.571 9.653 0.28
v 7.571 9.653 0
v 9.58 9.653 0.28
v 9.58 9.653 0
v 9.58 10.633 0.28
v 9.58 10.633 0
v 7.963 10.633 0.28
v 7.963 10.633 0
v 7.571 10.241 0.28
v 7.571 10.241 0
v 7.571 9.653 0.28
v 7.571 9.653 0
v 7.571 9.653 0.28
v 7.571 9.653 0

f -20 -19 -18
f -20 -18 -17
f -20 -17 -21
f -14 -13 -12
f -12 -13 -11
f -12 -11 -10
f -10 -11 -9
f -10 -9 -8
f -8 -9 -7
f -8 -7 -6
f -6 -7 -5
f -6 -5 -4
f -4 -5 -3
f -4 -3 -2
f -2 -3 -1

o Default b8A67
usemtl 0x8FBDB9
v 8.004 10.945 0.28
v 8.396 10.945 0.28
v 8.396 11.141 0.28
v 8.004 11.141 0.28
v 8.004 10.945 0.28
v 8.004 10.945 0.28
v 8.004 10.945 0
v 8.396 10.945 0.28
v 8.396 10.945 0
v 8.396 11.141 0.28
v 8.396 11.141 0
v 8.004 11.141 0.28
v 8.004 11.141 0
v 8.004 10.945 0.28
v 8.004 10.945 0

f -12 -15 -14
f -14 -13 -12
f -10 -9 -8
f -8 -9 -7
f -8 -7 -6
f -6 -7 -5
f -6 -5 -4
f -4 -5 -3
f -4 -3 -2
f -2 -3 -1

o Default b8A65
usemtl 0x8FBDB9
v 8.402 10.945 0.28
v 8.598 10.945 0.28
v 8.598 11.141 0.28
v 8.402 11.141 0.28
v 8.402 10.945 0.28
v 8.402 10.945 0.28
v 8.402 10.945 0
v 8.598 10.945 0.28
v 8.598 10.945 0
v 8.598 11.141 0.28
v 8.598 11.141 0
v 8.402 11.141 0.28
v 8.402 11.141 0
v 8.402 10.945 0.28
v 8.402 10.945 0

f -12 -15 -14
f -14 -13 -12
f -10 -9 -8
f -8 -9 -7
f -8 -7 -6
f -6 -7 -5
f -6 -5 -4
f -4 -5 -3
f -4 -3 -2
f -2 -3 -1

o Default b8A61
usemtl 0x8FBDB9
v 8.608 10.945 0.28
v 9.392 10.945 0.28
v 9.392 11.141 0.28
v 8.608 11.141 0.28
v 8.608 10.945 0.28
v 8.608 10.945 0.28
v 8.608 10.945 0
v 9.392 10.945 0.28
v 9.392 10.945 0
v 9.392 11.141 0.28
v 9.392 11.141 0
v 8.608 11.141 0.28
v 8.608 11.141 0
v 8.608 10.945 0.28
v 8.608 10.945 0

f -12 -15 -14
f -14 -13 -12
f -10 -9 -8
f -8 -9 -7
f -8 -7 -6
f -6 -7 -5
f -6 -5 -4
f -4 -5 -3
f -4 -3 -2
f -2 -3 -1

o Default b8A59
usemtl 0x8FBDB9
v 9.402 10.945 0.28
v 9.598 10.945 0.28
v 9.598 11.141 0.28
v 9.402 11.141 0.28
v 9.402 10.945 0.28
v 9.402 10.945 0.28
v 9.402 10.945 0
v 9.598 10.945 0.28
v 9.598 10.945 0
v 9.598 11.141 0.28
v 9.598 11.141 0
v 9.402 11.141 0.28
v 9.402 11.141 0
v 9.402 10.945 0.28
v 9.402 10.945 0

f -12 -15 -14
f -14 -13 -12
f -10 -9 -8
f -8 -9 -7
f -8 -7 -6
f -6 -7 -5
f -6 -5 -4
f -4 -5 -3
f -4 -3 -2
f -2 -3 -1

o Default b5J70
usemtl 0xFF9E4E
v -4.051 23.096 0.28
v -2.287 23.096 0.28
v -2.287 22.9 0.28
v -1.454 22.9 0.28
v -1.454 23.488 0.28
v -4.051 23.488 0.28
v -4.051 23.096 0.28
v -4.051 23.096 0.28
v -4.051 23.096 0.28
v -4.051 23.096 0
v -2.287 23.096 0.28
v -2.287 23.096 0
v -2.287 22.9 0.28
v -2.287 22.9 0
v -1.454 22.9 0.28
v -1.454 22.9 0
v -1.454 23.488 0.28
v -1.454 23.488 0
v -4.051 23.488 0.28
v -4.051 23.488 0
v -4.051 23.096 0.28
v -4.051 23.096 0
v -4.051 23.096 0.28
v -4.051 23.096 0

f -23 -22 -21
f -23 -21 -20
f -23 -20 -19
f -23 -19 -24
f -16 -15 -14
f -14 -15 -13
f -14 -13 -12
f -12 -13 -11
f -12 -11 -10
f -10 -11 -9
f -10 -9 -8
f -8 -9 -7
f -8 -7 -6
f -6 -7 -5
f -6 -5 -4
f -4 -5 -3
f -4 -3 -2
f -2 -3 -1

o Default b3E02
usemtl 0x8FBDB9
v -30.729 2.108 0.28
v -29.651 2.108 0.28
v -29.651 2.598 0.28
v -30.729 2.598 0.28
v -30.729 2.108 0.28
v -30.729 2.108 0.28
v -30.729 2.108 0
v -29.651 2.108 0.28
v -29.651 2.108 0
v -29.651 2.598 0.28
v -29.651 2.598 0
v -30.729 2.598 0.28
v -30.729 2.598 0
v -30.729 2.108 0.28
v -30.729 2.108 0

f -12 -15 -14
f -14 -13 -12
f -10 -9 -8
f -8 -9 -7
f -8 -7 -6
f -6 -7 -5
f -6 -5 -4
f -4 -5 -3
f -4 -3 -2
f -2 -3 -1

o Default b2K24-3D01
usemtl 0x8FBDB9
v -31.624 2.111 0.28
v -31.036 2.111 0.28
v -31.036 2.944 0.28
v -31.624 2.944 0.28
v -31.624 2.111 0.28
v -31.624 2.111 0.28
v -31.624 2.111 0
v -31.036 2.111 0.28
v -31.036 2.111 0
v -31.036 2.944 0.28
v -31.036 2.944 0
v -31.624 2.944 0.28
v -31.624 2.944 0
v -31.624 2.111 0.28
v -31.624 2.111 0

f -12 -15 -14
f -14 -13 -12
f -10 -9 -8
f -8 -9 -7
f -8 -7 -6
f -6 -7 -5
f -6 -5 -4
f -4 -5 -3
f -4 -3 -2
f -2 -3 -1

o Default b2H37
usemtl 0x8FBDB9
v -33.335 4.998 0.28
v -32.845 4.998 0.28
v -32.845 5.488 0.28
v -33.335 5.488 0.28
v -33.335 4.998 0.28
v -33.335 4.998 0.28
v -33.335 4.998 0
v -32.845 4.998 0.28
v -32.845 4.998 0
v -32.845 5.488 0.28
v -32.845 5.488 0
v -33.335 5.488 0.28
v -33.335 5.488 0
v -33.335 4.998 0.28
v -33.335 4.998 0

f -12 -15 -14
f -14 -13 -12
f -10 -9 -8
f -8 -9 -7
f -8 -7 -6
f -6 -7 -5
f -6 -5 -4
f -4 -5 -3
f -4 -3 -2
f -2 -3 -1

o Default b2H35
usemtl 0x8FBDB9
v -32.835 4.998 0.28
v -32.345 4.998 0.28
v -32.345 5.488 0.28
v -32.835 5.488 0.28
v -32.835 4.998 0.28
v -32.835 4.998 0.28
v -32.835 4.998 0
v -32.345 4.998 0.28
v -32.345 4.998 0
v -32.345 5.488 0.28
v -32.345 5.488 0
v -32.835 5.488 0.28
v -32.835 5.488 0
v -32.835 4.998 0.28
v -32.835 4.998 0

f -12 -15 -14
f -14 -13 -12
f -10 -9 -8
f -8 -9 -7
f -8 -7 -6
f -6 -7 -5
f -6 -5 -4
f -4 -5 -3
f -4 -3 -2
f -2 -3 -1

o Default b2H33
usemtl 0x8FBDB9
v -32.036 4.997 0.28
v -31.644 4.997 0.28
v -31.644 5.389 0.28
v -32.036 5.389 0.28
v -32.036 4.997 0.28
v -32.036 4.997 0.28
v -32.036 4.997 0
v -31.644 4.997 0.28
v -31.644 4.997 0
v -31.644 5.389 0.28
v -31.644 5.389 0
v -32.036 5.389 0.28
v -32.036 5.389 0
v -32.036 4.997 0.28
v -32.036 4.997 0

f -12 -15 -14
f -14 -13 -12
f -10 -9 -8
f -8 -9 -7
f -8 -7 -6
f -6 -7 -5
f -6 -5 -4
f -4 -5 -3
f -4 -3 -2
f -2 -3 -1

o Default b2H21
usemtl 0x8FBDB9
v -30.036 4.998 0.28
v -29.644 4.998 0.28
v -29.644 5.488 0.28
v -30.036 5.488 0.28
v -30.036 4.998 0.28
v -30.036 4.998 0.28
v -30.036 4.998 0
v -29.644 4.998 0.28
v -29.644 4.998 0
v -29.644 5.488 0.28
v -29.644 5.488 0
v -30.036 5.488 0.28
v -30.036 5.488 0
v -30.036 4.998 0.28
v -30.036 4.998 0

f -12 -15 -14
f -14 -13 -12
f -10 -9 -8
f -8 -9 -7
f -8 -7 -6
f -6 -7 -5
f -6 -5 -4
f -4 -5 -3
f -4 -3 -2
f -2 -3 -1

o Default b2J35
usemtl 0x8FBDB9
v -33.033 4.146 0.28
v -32.347 4.146 0.28
v -32.347 4.44 0.28
v -33.033 4.44 0.28
v -33.033 4.146 0.28
v -33.033 4.146 0.28
v -33.033 4.146 0
v -32.347 4.146 0.28
v -32.347 4.146 0
v -32.347 4.44 0.28
v -32.347 4.44 0
v -33.033 4.44 0.28
v -33.033 4.44 0
v -33.033 4.146 0.28
v -33.033 4.146 0

f -12 -15 -14
f -14 -13 -12
f -10 -9 -8
f -8 -9 -7
f -8 -7 -6
f -6 -7 -5
f -6 -5 -4
f -4 -5 -3
f -4 -3 -2
f -2 -3 -1

o Default b2K33
usemtl 0x8FBDB9
v -33.287 3.246 0.28
v -33.042 3.246 0.28
v -33.042 3.589 0.28
v -33.287 3.589 0.28
v -33.287 3.246 0.28
v -33.287 3.246 0.28
v -33.287 3.246 0
v -33.042 3.246 0.28
v -33.042 3.246 0
v -33.042 3.589 0.28
v -33.042 3.589 0
v -33.287 3.589 0.28
v -33.287 3.589 0
v -33.287 3.246 0.28
v -33.287 3.246 0

f -12 -15 -14
f -14 -13 -12
f -10 -9 -8
f -8 -9 -7
f -8 -7 -6
f -6 -7 -5
f -6 -5 -4
f -4 -5 -3
f -4 -3 -2
f -2 -3 -1

o Default b2K27
usemtl 0x8FBDB9
v -32.03 3.247 0.28
v -31.05 3.247 0.28
v -31.05 3.639 0.28
v -32.03 3.639 0.28
v -32.03 3.247 0.28
v -32.03 3.247 0.28
v -32.03 3.247 0
v -31.05 3.247 0.28
v -31.05 3.247 0
v -31.05 3.639 0.28
v -31.05 3.639 0
v -32.03 3.639 0.28
v -32.03 3.639 0
v -32.03 3.247 0.28
v -32.03 3.247 0

f -12 -15 -14
f -14 -13 -12
f -10 -9 -8
f -8 -9 -7
f -8 -7 -6
f -6 -7 -5
f -6 -5 -4
f -4 -5 -3
f -4 -3 -2
f -2 -3 -1

o Default b2J30
usemtl 0x8FBDB9
v -32.03 3.646 0.28
v -31.05 3.646 0.28
v -31.05 3.94 0.28
v -32.03 3.94 0.28
v -32.03 3.646 0.28
v -32.03 3.646 0.28
v -32.03 3.646 0
v -31.05 3.646 0.28
v -31.05 3.646 0
v -31.05 3.94 0.28
v -31.05 3.94 0
v -32.03 3.94 0.28
v -32.03 3.94 0
v -32.03 3.646 0.28
v -32.03 3.646 0

f -12 -15 -14
f -14 -13 -12
f -10 -9 -8
f -8 -9 -7
f -8 -7 -6
f -6 -7 -5
f -6 -5 -4
f -4 -5 -3
f -4 -3 -2
f -2 -3 -1

o Default b3B02
usemtl 0x8FBDB9
v -33.173 2.107 0.28
v -32.536 2.107 0.28
v -32.536 2.499 0.28
v -33.173 2.499 0.28
v -33.173 2.107 0.28
v -33.173 2.107 0.28
v -33.173 2.107 0
v -32.536 2.107 0.28
v -32.536 2.107 0
v -32.536 2.499 0.28
v -32.536 2.499 0
v -33.173 2.499 0.28
v -33.173 2.499 0
v -33.173 2.107 0.28
v -33.173 2.107 0

f -12 -15 -14
f -14 -13 -12
f -10 -9 -8
f -8 -9 -7
f -8 -7 -6
f -6 -7 -5
f -6 -5 -4
f -4 -5 -3
f -4 -3 -2
f -2 -3 -1

o Default b3G02
usemtl 0x8FBDB9
v -28.631 2.107 0.28
v -27.798 2.107 0.28
v -27.798 2.499 0.28
v -28.631 2.499 0.28
v -28.631 2.107 0.28
v -28.631 2.107 0.28
v -28.631 2.107 0
v -27.798 2.107 0.28
v -27.798 2.107 0
v -27.798 2.499 0.28
v -27.798 2.499 0
v -28.631 2.499 0.28
v -28.631 2.499 0
v -28.631 2.107 0.28
v -28.631 2.107 0

f -12 -15 -14
f -14 -13 -12
f -10 -9 -8
f -8 -9 -7
f -8 -7 -6
f -6 -7 -5
f -6 -5 -4
f -4 -5 -3
f -4 -3 -2
f -2 -3 -1

o Default b2B10
usemtl 0x8FBDB9
v -28.473 11.346 0.28
v -27.836 11.346 0.28
v -27.836 11.64 0.28
v -28.473 11.64 0.28
v -28.473 11.346 0.28
v -28.473 11.346 0.28
v -28.473 11.346 0
v -27.836 11.346 0.28
v -27.836 11.346 0
v -27.836 11.64 0.28
v -27.836 11.64 0
v -28.473 11.64 0.28
v -28.473 11.64 0
v -28.473 11.346 0.28
v -28.473 11.346 0

f -12 -15 -14
f -14 -13 -12
f -10 -9 -8
f -8 -9 -7
f -8 -7 -6
f -6 -7 -5
f -6 -5 -4
f -4 -5 -3
f -4 -3 -2
f -2 -3 -1

o Default b3B21
usemtl 0x8FBDB9
v -33.327 -1.09 0.28
v -33.082 -1.09 0.28
v -33.082 -0.355 0.28
v -33.327 -0.355 0.28
v -33.327 -1.09 0.28
v -33.327 -1.09 0.28
v -33.327 -1.09 0
v -33.082 -1.09 0.28
v -33.082 -1.09 0
v -33.082 -0.355 0.28
v -33.082 -0.355 0
v -33.327 -0.355 0.28
v -33.327 -0.355 0
v -33.327 -1.09 0.28
v -33.327 -1.09 0

f -12 -15 -14
f -14 -13 -12
f -10 -9 -8
f -8 -9 -7
f -8 -7 -6
f -6 -7 -5
f -6 -5 -4
f -4 -5 -3
f -4 -3 -2
f -2 -3 -1

o Default b3B33
usemtl 0x8FBDB9
v -33.327 -2.744 0.28
v -33.082 -2.744 0.28
v -33.082 -2.45 0.28
v -33.327 -2.45 0.28
v -33.327 -2.744 0.28
v -33.327 -2.744 0.28
v -33.327 -2.744 0
v -33.082 -2.744 0.28
v -33.082 -2.744 0
v -33.082 -2.45 0.28
v -33.082 -2.45 0
v -33.327 -2.45 0.28
v -33.327 -2.45 0
v -33.327 -2.744 0.28
v -33.327 -2.744 0

f -12 -15 -14
f -14 -13 -12
f -10 -9 -8
f -8 -9 -7
f -8 -7 -6
f -6 -7 -5
f -6 -5 -4
f -4 -5 -3
f -4 -3 -2
f -2 -3 -1

o Default b3B35
usemtl 0x8FBDB9
v -33.327 -3.044 0.28
v -33.082 -3.044 0.28
v -33.082 -2.75 0.28
v -33.327 -2.75 0.28
v -33.327 -3.044 0.28
v -33.327 -3.044 0.28
v -33.327 -3.044 0
v -33.082 -3.044 0.28
v -33.082 -3.044 0
v -33.082 -2.75 0.28
v -33.082 -2.75 0
v -33.327 -2.75 0.28
v -33.327 -2.75 0
v -33.327 -3.044 0.28
v -33.327 -3.044 0

f -12 -15 -14
f -14 -13 -12
f -10 -9 -8
f -8 -9 -7
f -8 -7 -6
f -6 -7 -5
f -6 -5 -4
f -4 -5 -3
f -4 -3 -2
f -2 -3 -1

o Default b3C39
usemtl 0x8FBDB9
v -32.527 -2.445 0.28
v -32.233 -2.445 0.28
v -32.233 -2.249 0.28
v -32.527 -2.249 0.28
v -32.527 -2.445 0.28
v -32.527 -2.445 0.28
v -32.527 -2.445 0
v -32.233 -2.445 0.28
v -32.233 -2.445 0
v -32.233 -2.249 0.28
v -32.233 -2.249 0
v -32.527 -2.249 0.28
v -32.527 -2.249 0
v -32.527 -2.445 0.28
v -32.527 -2.445 0

f -12 -15 -14
f -14 -13 -12
f -10 -9 -8
f -8 -9 -7
f -8 -7 -6
f -6 -7 -5
f -6 -5 -4
f -4 -5 -3
f -4 -3 -2
f -2 -3 -1

o Default b3D34
usemtl 0x8FBDB9
v -31.128 -2.844 0.28
v -30.932 -2.844 0.28
v -30.932 -2.55 0.28
v -31.128 -2.55 0.28
v -31.128 -2.844 0.28
v -31.128 -2.844 0.28
v -31.128 -2.844 0
v -30.932 -2.844 0.28
v -30.932 -2.844 0
v -30.932 -2.55 0.28
v -30.932 -2.55 0
v -31.128 -2.55 0.28
v -31.128 -2.55 0
v -31.128 -2.844 0.28
v -31.128 -2.844 0

f -12 -15 -14
f -14 -13 -12
f -10 -9 -8
f -8 -9 -7
f -8 -7 -6
f -6 -7 -5
f -6 -5 -4
f -4 -5 -3
f -4 -3 -2
f -2 -3 -1

o Default b3G32
usemtl 0x8FBDB9
v -28.528 -2.695 0.28
v -28.332 -2.695 0.28
v -28.332 -2.45 0.28
v -28.528 -2.45 0.28
v -28.528 -2.695 0.28
v -28.528 -2.695 0.28
v -28.528 -2.695 0
v -28.332 -2.695 0.28
v -28.332 -2.695 0
v -28.332 -2.45 0.28
v -28.332 -2.45 0
v -28.528 -2.45 0.28
v -28.528 -2.45 0
v -28.528 -2.695 0.28
v -28.528 -2.695 0

f -12 -15 -14
f -14 -13 -12
f -10 -9 -8
f -8 -9 -7
f -8 -7 -6
f -6 -7 -5
f -6 -5 -4
f -4 -5 -3
f -4 -3 -2
f -2 -3 -1

o Default b3K30
usemtl 0x8FBDB9
v -25.526 -2.441 0.28
v -25.183 -2.441 0.28
v -25.183 -1.853 0.28
v -25.526 -1.853 0.28
v -25.526 -2.441 0.28
v -25.526 -2.441 0.28
v -25.526 -2.441 0
v -25.183 -2.441 0.28
v -25.183 -2.441 0
v -25.183 -1.853 0.28
v -25.183 -1.853 0
v -25.526 -1.853 0.28
v -25.526 -1.853 0
v -25.526 -2.441 0.28
v -25.526 -2.441 0

f -12 -15 -14
f -14 -13 -12
f -10 -9 -8
f -8 -9 -7
f -8 -7 -6
f -6 -7 -5
f -6 -5 -4
f -4 -5 -3
f -4 -3 -2
f -2 -3 -1

o Default b3N43
usemtl 0x9AADAD
v -22.874 -3.944 0.28
v -22.335 -3.944 0.28
v -22.335 -3.65 0.28
v -22.874 -3.65 0.28
v -22.874 -3.944 0.28
v -22.874 -3.944 0.28
v -22.874 -3.944 0
v -22.335 -3.944 0.28
v -22.335 -3.944 0
v -22.335 -3.65 0.28
v -22.335 -3.65 0
v -22.874 -3.65 0.28
v -22.874 -3.65 0
v -22.874 -3.944 0.28
v -22.874 -3.944 0

f -12 -15 -14
f -14 -13 -12
f -10 -9 -8
f -8 -9 -7
f -8 -7 -6
f -6 -7 -5
f -6 -5 -4
f -4 -5 -3
f -4 -3 -2
f -2 -3 -1

o Default b3R41
usemtl 0x8FBDB9
v -19.528 -3.644 0.28
v -19.332 -3.644 0.28
v -19.332 -3.35 0.28
v -19.528 -3.35 0.28
v -19.528 -3.644 0.28
v -19.528 -3.644 0.28
v -19.528 -3.644 0
v -19.332 -3.644 0.28
v -19.332 -3.644 0
v -19.332 -3.35 0.28
v -19.332 -3.35 0
v -19.528 -3.35 0.28
v -19.528 -3.35 0
v -19.528 -3.644 0.28
v -19.528 -3.644 0

f -12 -15 -14
f -14 -13 -12
f -10 -9 -8
f -8 -9 -7
f -8 -7 -6
f -6 -7 -5
f -6 -5 -4
f -4 -5 -3
f -4 -3 -2
f -2 -3 -1

o Default b3M10-N11
usemtl 0x8FBDB9
v -23.122 -1.415 0.28
v -22.338 -1.415 0.28
v -22.338 1.721 0.28
v -23.122 1.721 0.28
v -23.122 -1.415 0.28
v -23.122 -1.415 0.28
v -23.122 -1.415 0
v -22.338 -1.415 0.28
v -22.338 -1.415 0
v -22.338 1.721 0.28
v -22.338 1.721 0
v -23.122 1.721 0.28
v -23.122 1.721 0
v -23.122 -1.415 0.28
v -23.122 -1.415 0

f -12 -15 -14
f -14 -13 -12
f -10 -9 -8
f -8 -9 -7
f -8 -7 -6
f -6 -7 -5
f -6 -5 -4
f -4 -5 -3
f -4 -3 -2
f -2 -3 -1

o Default b3N02
usemtl 0x8FBDB9
v -22.62 2.106 0.28
v -21.689 2.106 0.28
v -21.689 2.449 0.28
v -22.62 2.449 0.28
v -22.62 2.106 0.28
v -22.62 2.106 0.28
v -22.62 2.106 0
v -21.689 2.106 0.28
v -21.689 2.106 0
v -21.689 2.449 0.28
v -21.689 2.449 0
v -22.62 2.449 0.28
v -22.62 2.449 0
v -22.62 2.106 0.28
v -22.62 2.106 0

f -12 -15 -14
f -14 -13 -12
f -10 -9 -8
f -8 -9 -7
f -8 -7 -6
f -6 -7 -5
f -6 -5 -4
f -4 -5 -3
f -4 -3 -2
f -2 -3 -1

o Default b3T20-U21
usemtl 0x8FBDB9
v -17.122 -1.138 0.28
v -16.338 -1.138 0.28
v -16.338 -0.256 0.28
v -17.122 -0.256 0.28
v -17.122 -1.138 0.28
v -17.122 -1.138 0.28
v -17.122 -1.138 0
v -16.338 -1.138 0.28
v -16.338 -1.138 0
v -16.338 -0.256 0.28
v -16.338 -0.256 0
v -17.122 -0.256 0.28
v -17.122 -0.256 0
v -17.122 -1.138 0.28
v -17.122 -1.138 0

f -12 -15 -14
f -14 -13 -12
f -10 -9 -8
f -8 -9 -7
f -8 -7 -6
f -6 -7 -5
f -6 -5 -4
f -4 -5 -3
f -4 -3 -2
f -2 -3 -1

o Default b3T02
usemtl 0x8FBDB9
v -15.942 2.121 0.28
v -15.942 2.954 0.28
v -17.118 2.954 0.28
v -17.118 2.121 0.28
v -15.942 2.121 0.28
v -15.942 2.121 0.28
v -15.942 2.121 0
v -15.942 2.954 0.28
v -15.942 2.954 0
v -17.118 2.954 0.28
v -17.118 2.954 0
v -17.118 2.121 0.28
v -17.118 2.121 0
v -15.942 2.121 0.28
v -15.942 2.121 0

f -12 -15 -14
f -14 -13 -12
f -10 -9 -8
f -8 -9 -7
f -8 -7 -6
f -6 -7 -5
f -6 -5 -4
f -4 -5 -3
f -4 -3 -2
f -2 -3 -1

o Default b4A13
usemtl 0x8FBDB9
v -15.121 2.359 0.28
v -14.288 2.359 0.28
v -14.288 2.947 0.28
v -15.121 2.947 0.28
v -15.121 2.359 0.28
v -15.121 2.359 0.28
v -15.121 2.359 0
v -14.288 2.359 0.28
v -14.288 2.359 0
v -14.288 2.947 0.28
v -14.288 2.947 0
v -15.121 2.947 0.28
v -15.121 2.947 0
v -15.121 2.359 0.28
v -15.121 2.359 0

f -12 -15 -14
f -14 -13 -12
f -10 -9 -8
f -8 -9 -7
f -8 -7 -6
f -6 -7 -5
f -6 -5 -4
f -4 -5 -3
f -4 -3 -2
f -2 -3 -1

o Default b4K10
usemtl 0x8FBDB9
v -17.116 14.205 0.28
v -15.744 14.205 0.28
v -15.744 14.401 0.28
v -17.116 14.401 0.28
v -17.116 14.205 0.28
v -17.116 14.205 0.28
v -17.116 14.205 0
v -15.744 14.205 0.28
v -15.744 14.205 0
v -15.744 14.401 0.28
v -15.744 14.401 0
v -17.116 14.401 0.28
v -17.116 14.401 0
v -17.116 14.205 0.28
v -17.116 14.205 0

f -12 -15 -14
f -14 -13 -12
f -10 -9 -8
f -8 -9 -7
f -8 -7 -6
f -6 -7 -5
f -6 -5 -4
f -4 -5 -3
f -4 -3 -2
f -2 -3 -1

o Default b5B29
usemtl 0x8FBDB9
v -10.477 15.496 0.28
v -10.232 15.496 0.28
v -10.232 15.79 0.28
v -10.477 15.79 0.28
v -10.477 15.496 0.28
v -10.477 15.496 0.28
v -10.477 15.496 0
v -10.232 15.496 0.28
v -10.232 15.496 0
v -10.232 15.79 0.28
v -10.232 15.79 0
v -10.477 15.79 0.28
v -10.477 15.79 0
v -10.477 15.496 0.28
v -10.477 15.496 0

f -12 -15 -14
f -14 -13 -12
f -10 -9 -8
f -8 -9 -7
f -8 -7 -6
f -6 -7 -5
f -6 -5 -4
f -4 -5 -3
f -4 -3 -2
f -2 -3 -1

o Default b5B31
usemtl 0x8FBDB9
v -10.228 15.496 0.28
v -10.032 15.496 0.28
v -10.032 15.79 0.28
v -10.228 15.79 0.28
v -10.228 15.496 0.28
v -10.228 15.496 0.28
v -10.228 15.496 0
v -10.032 15.496 0.28
v -10.032 15.496 0
v -10.032 15.79 0.28
v -10.032 15.79 0
v -10.228 15.79 0.28
v -10.228 15.79 0
v -10.228 15.496 0.28
v -10.228 15.496 0

f -12 -15 -14
f -14 -13 -12
f -10 -9 -8
f -8 -9 -7
f -8 -7 -6
f -6 -7 -5
f -6 -5 -4
f -4 -5 -3
f -4 -3 -2
f -2 -3 -1

o Default b5D43
usemtl 0x8FBDB9
v -9.178 17.199 0.28
v -8.982 17.199 0.28
v -8.982 17.787 0.28
v -9.178 17.787 0.28
v -9.178 17.199 0.28
v -9.178 17.199 0.28
v -9.178 17.199 0
v -8.982 17.199 0.28
v -8.982 17.199 0
v -8.982 17.787 0.28
v -8.982 17.787 0
v -9.178 17.787 0.28
v -9.178 17.787 0
v -9.178 17.199 0.28
v -9.178 17.199 0

f -12 -15 -14
f -14 -13 -12
f -10 -9 -8
f -8 -9 -7
f -8 -7 -6
f -6 -7 -5
f -6 -5 -4
f -4 -5 -3
f -4 -3 -2
f -2 -3 -1

o Default b5D45
usemtl 0x8FBDB9
v -8.977 17.199 0.28
v -8.683 17.199 0.28
v -8.683 17.787 0.28
v -8.977 17.787 0.28
v -8.977 17.199 0.28
v -8.977 17.199 0.28
v -8.977 17.199 0
v -8.683 17.199 0.28
v -8.683 17.199 0
v -8.683 17.787 0.28
v -8.683 17.787 0
v -8.977 17.787 0.28
v -8.977 17.787 0
v -8.977 17.199 0.28
v -8.977 17.199 0

f -12 -15 -14
f -14 -13 -12
f -10 -9 -8
f -8 -9 -7
f -8 -7 -6
f -6 -7 -5
f -6 -5 -4
f -4 -5 -3
f -4 -3 -2
f -2 -3 -1

o Default b5F28
usemtl 0x8FBDB9
v -11.774 20.046 0.28
v -11.137 20.046 0.28
v -11.137 20.291 0.28
v -11.529 20.291 0.28
v -11.529 20.34 0.28
v -11.774 20.34 0.28
v -11.774 20.046 0.28
v -11.774 20.046 0.28
v -11.774 20.046 0.28
v -11.774 20.046 0
v -11.137 20.046 0.28
v -11.137 20.046 0
v -11.137 20.291 0.28
v -11.137 20.291 0
v -11.529 20.291 0.28
v -11.529 20.291 0
v -11.529 20.34 0.28
v -11.529 20.34 0
v -11.774 20.34 0.28
v -11.774 20.34 0
v -11.774 20.046 0.28
v -11.774 20.046 0
v -11.774 20.046 0.28
v -11.774 20.046 0

f -23 -22 -21
f -21 -20 -19
f -23 -21 -19
f -23 -19 -24
f -16 -15 -14
f -14 -15 -13
f -14 -13 -12
f -12 -13 -11
f -12 -11 -10
f -10 -11 -9
f -10 -9 -8
f -8 -9 -7
f -8 -7 -6
f -6 -7 -5
f -6 -5 -4
f -4 -5 -3
f -4 -3 -2
f -2 -3 -1

o Default b5M25
usemtl 0x8FBDB9
v -14.678 25.447 0.28
v -14.482 25.447 0.28
v -14.482 25.79 0.28
v -14.678 25.79 0.28
v -14.678 25.447 0.28
v -14.678 25.447 0.28
v -14.678 25.447 0
v -14.482 25.447 0.28
v -14.482 25.447 0
v -14.482 25.79 0.28
v -14.482 25.79 0
v -14.678 25.79 0.28
v -14.678 25.79 0
v -14.678 25.447 0.28
v -14.678 25.447 0

f -12 -15 -14
f -14 -13 -12
f -10 -9 -8
f -8 -9 -7
f -8 -7 -6
f -6 -7 -5
f -6 -5 -4
f -4 -5 -3
f -4 -3 -2
f -2 -3 -1

o Default b7A61
usemtl 0x8FBDB9
v 8.569 4.748 0.28
v 9.451 4.748 0.28
v 9.451 5.287 0.28
v 8.569 5.287 0.28
v 8.569 4.748 0.28
v 8.569 4.748 0.28
v 8.569 4.748 0
v 9.451 4.748 0.28
v 9.451 4.748 0
v 9.451 5.287 0.28
v 9.451 5.287 0
v 8.569 5.287 0.28
v 8.569 5.287 0
v 8.569 4.748 0.28
v 8.569 4.748 0

f -12 -15 -14
f -14 -13 -12
f -10 -9 -8
f -8 -9 -7
f -8 -7 -6
f -6 -7 -5
f -6 -5 -4
f -4 -5 -3
f -4 -3 -2
f -2 -3 -1

o Default b8F30-7A31
usemtl 0x8FBDB9
v 11.342 4.751 0.28
v 14.478 4.751 0.28
v 14.478 5.535 0.28
v 11.342 5.535 0.28
v 11.342 4.751 0.28
v 11.342 4.751 0.28
v 11.342 4.751 0
v 14.478 4.751 0.28
v 14.478 4.751 0
v 14.478 5.535 0.28
v 14.478 5.535 0
v 11.342 5.535 0.28
v 11.342 5.535 0
v 11.342 4.751 0.28
v 11.342 4.751 0

f -12 -15 -14
f -14 -13 -12
f -10 -9 -8
f -8 -9 -7
f -8 -7 -6
f -6 -7 -5
f -6 -5 -4
f -4 -5 -3
f -4 -3 -2
f -2 -3 -1

o Default b7E60-6A61
usemtl 0x8FBDB9
v 8.322 -0.994 0.28
v 9.449 -0.994 0.28
v 9.449 0.28 0.28
v 8.322 0.28 0.28
v 8.322 -0.994 0.28
v 8.322 -0.994 0.28
v 8.322 -0.994 0
v 9.449 -0.994 0.28
v 9.449 -0.994 0
v 9.449 0.28 0.28
v 9.449 0.28 0
v 8.322 0.28 0.28
v 8.322 0.28 0
v 8.322 -0.994 0.28
v 8.322 -0.994 0

f -12 -15 -14
f -14 -13 -12
f -10 -9 -8
f -8 -9 -7
f -8 -7 -6
f -6 -7 -5
f -6 -5 -4
f -4 -5 -3
f -4 -3 -2
f -2 -3 -1

o Default b6A43
usemtl 0x9AADAD
v 11.918 -0.997 0.28
v 12.702 -0.997 0.28
v 12.702 0.032 0.28
v 11.918 0.032 0.28
v 11.918 -0.997 0.28
v 11.918 -0.997 0.28
v 11.918 -0.997 0
v 12.702 -0.997 0.28
v 12.702 -0.997 0
v 12.702 0.032 0.28
v 12.702 0.032 0
v 11.918 0.032 0.28
v 11.918 0.032 0
v 11.918 -0.997 0.28
v 11.918 -0.997 0

f -12 -15 -14
f -14 -13 -12
f -10 -9 -8
f -8 -9 -7
f -8 -7 -6
f -6 -7 -5
f -6 -5 -4
f -4 -5 -3
f -4 -3 -2
f -2 -3 -1

o Default b4B21
usemtl 0x8FBDB9
v -13.919 3.756 0.28
v -12.841 3.756 0.28
v -12.841 4.05 0.28
v -13.919 4.05 0.28
v -13.919 3.756 0.28
v -13.919 3.756 0.28
v -13.919 3.756 0
v -12.841 3.756 0.28
v -12.841 3.756 0
v -12.841 4.05 0.28
v -12.841 4.05 0
v -13.919 4.05 0.28
v -13.919 4.05 0
v -13.919 3.756 0.28
v -13.919 3.756 0

f -12 -15 -14
f -14 -13 -12
f -10 -9 -8
f -8 -9 -7
f -8 -7 -6
f -6 -7 -5
f -6 -5 -4
f -4 -5 -3
f -4 -3 -2
f -2 -3 -1

o Default b2E65
usemtl 0xFF9E4E
v -38.027 8.795 0.28
v -36.753 8.795 0.28
v -36.753 8.991 0.28
v -38.027 8.991 0.28
v -38.027 8.795 0.28
v -38.027 8.795 0.28
v -38.027 8.795 0
v -36.753 8.795 0.28
v -36.753 8.795 0
v -36.753 8.991 0.28
v -36.753 8.991 0
v -38.027 8.991 0.28
v -38.027 8.991 0
v -38.027 8.795 0.28
v -38.027 8.795 0

f -12 -15 -14
f -14 -13 -12
f -10 -9 -8
f -8 -9 -7
f -8 -7 -6
f -6 -7 -5
f -6 -5 -4
f -4 -5 -3
f -4 -3 -2
f -2 -3 -1

o Default b7D40-E41
usemtl 0x8FBDB9
v 11.32 0.501 0.28
v 12.3 0.501 0.28
v 12.3 1.285 0.28
v 11.32 1.285 0.28
v 11.32 0.501 0.28
v 11.32 0.501 0.28
v 11.32 0.501 0
v 12.3 0.501 0.28
v 12.3 0.501 0
v 12.3 1.285 0.28
v 12.3 1.285 0
v 11.32 1.285 0.28
v 11.32 1.285 0
v 11.32 0.501 0.28
v 11.32 0.501 0

f -12 -15 -14
f -14 -13 -12
f -10 -9 -8
f -8 -9 -7
f -8 -7 -6
f -6 -7 -5
f -6 -5 -4
f -4 -5 -3
f -4 -3 -2
f -2 -3 -1

o Default b6F20
usemtl 0x8FBDB9
v 14.903 -7.251 0.28
v 15.148 -7.251 0.28
v 15.148 -6.663 0.28
v 14.903 -6.663 0.28
v 14.903 -7.251 0.28
v 14.903 -7.251 0.28
v 14.903 -7.251 0
v 15.148 -7.251 0.28
v 15.148 -7.251 0
v 15.148 -6.663 0.28
v 15.148 -6.663 0
v 14.903 -6.663 0.28
v 14.903 -6.663 0
v 14.903 -7.251 0.28
v 14.903 -7.251 0

f -12 -15 -14
f -14 -13 -12
f -10 -9 -8
f -8 -9 -7
f -8 -7 -6
f -6 -7 -5
f -6 -5 -4
f -4 -5 -3
f -4 -3 -2
f -2 -3 -1

o Default b6G20
usemtl 0x8FBDB9
v 14.903 -8.346 0.28
v 15.148 -8.346 0.28
v 15.148 -7.268 0.28
v 14.903 -7.268 0.28
v 14.903 -8.346 0.28
v 14.903 -8.346 0.28
v 14.903 -8.346 0
v 15.148 -8.346 0.28
v 15.148 -8.346 0
v 15.148 -7.268 0.28
v 15.148 -7.268 0
v 14.903 -7.268 0.28
v 14.903 -7.268 0
v 14.903 -8.346 0.28
v 14.903 -8.346 0

f -12 -15 -14
f -14 -13 -12
f -10 -9 -8
f -8 -9 -7
f -8 -7 -6
f -6 -7 -5
f -6 -5 -4
f -4 -5 -3
f -4 -3 -2
f -2 -3 -1

o Default b6J40-J50
usemtl 0x8FBDB9
v 9.601 -9.703 0.28
v 12.149 -9.703 0.28
v 12.149 -9.654 0.28
v 12.492 -9.654 0.28
v 12.492 -9.703 0.28
v 13.227 -9.703 0.28
v 13.227 -8.87 0.28
v 12.933 -8.87 0.28
v 12.933 -9.409 0.28
v 9.601 -9.409 0.28
v 9.601 -9.703 0.28
v 9.601 -9.703 0.28
v 9.601 -9.703 0
v 12.149 -9.703 0.28
v 12.149 -9.703 0
v 12.149 -9.654 0.28
v 12.149 -9.654 0
v 12.492 -9.654 0.28
v 12.492 -9.654 0
v 12.492 -9.703 0.28
v 12.492 -9.703 0
v 13.227 -9.703 0.28
v 13.227 -9.703 0
v 13.227 -8.87 0.28
v 13.227 -8.87 0
v 12.933 -8.87 0.28
v 12.933 -8.87 0
v 12.933 -9.409 0.28
v 12.933 -9.409 0
v 9.601 -9.409 0.28
v 9.601 -9.409 0
v 9.601 -9.703 0.28
v 9.601 -9.703 0

f -24 -33 -32
f -30 -29 -28
f -28 -27 -26
f -24 -32 -31
f -28 -26 -25
f -25 -24 -31
f -30 -28 -25
f -25 -31 -30
f -22 -21 -20
f -20 -21 -19
f -20 -19 -18
f -18 -19 -17
f -18 -17 -16
f -16 -17 -15
f -16 -15 -14
f -14 -15 -13
f -14 -13 -12
f -12 -13 -11
f -12 -11 -10
f -10 -11 -9
f -10 -9 -8
f -8 -9 -7
f -8 -7 -6
f -6 -7 -5
f -6 -5 -4
f -4 -5 -3
f -4 -3 -2
f -2 -3 -1

o Default b6C60
usemtl 0x8FBDB9
v 8.315 -4.152 0.28
v 8.805 -4.152 0.28
v 8.805 -3.662 0.28
v 8.315 -3.662 0.28
v 8.315 -4.152 0.28
v 8.315 -4.152 0.28
v 8.315 -4.152 0
v 8.805 -4.152 0.28
v 8.805 -4.152 0
v 8.805 -3.662 0.28
v 8.805 -3.662 0
v 8.315 -3.662 0.28
v 8.315 -3.662 0
v 8.315 -4.152 0.28
v 8.315 -4.152 0

f -12 -15 -14
f -14 -13 -12
f -10 -9 -8
f -8 -9 -7
f -8 -7 -6
f -6 -7 -5
f -6 -5 -4
f -4 -5 -3
f -4 -3 -2
f -2 -3 -1

o Default b6A24-B25
usemtl 0x8FBDB9
v 14.865 -2.594 0.28
v 15.355 -2.594 0.28
v 15.355 -1.32 0.28
v 14.865 -1.32 0.28
v 14.865 -2.594 0.28
v 14.865 -2.594 0.28
v 14.865 -2.594 0
v 15.355 -2.594 0.28
v 15.355 -2.594 0
v 15.355 -1.32 0.28
v 15.355 -1.32 0
v 14.865 -1.32 0.28
v 14.865 -1.32 0
v 14.865 -2.594 0.28
v 14.865 -2.594 0

f -12 -15 -14
f -14 -13 -12
f -10 -9 -8
f -8 -9 -7
f -8 -7 -6
f -6 -7 -5
f -6 -5 -4
f -4 -5 -3
f -4 -3 -2
f -2 -3 -1

o Default b7E42
usemtl 0x8FBDB9
v 11.918 0.044 0.28
v 12.702 0.044 0.28
v 12.702 0.191 0.28
v 11.918 0.191 0.28
v 11.918 0.044 0.28
v 11.918 0.044 0.28
v 11.918 0.044 0
v 12.702 0.044 0.28
v 12.702 0.044 0
v 12.702 0.191 0.28
v 12.702 0.191 0
v 11.918 0.191 0.28
v 11.918 0.191 0
v 11.918 0.044 0.28
v 11.918 0.044 0

f -12 -15 -14
f -14 -13 -12
f -10 -9 -8
f -8 -9 -7
f -8 -7 -6
f -6 -7 -5
f -6 -5 -4
f -4 -5 -3
f -4 -3 -2
f -2 -3 -1

o Default b8E20
usemtl 0x8FBDB9
v 14.912 5.999 0.28
v 15.108 5.999 0.28
v 15.108 6.636 0.28
v 14.912 6.636 0.28
v 14.912 5.999 0.28
v 14.912 5.999 0.28
v 14.912 5.999 0
v 15.108 5.999 0.28
v 15.108 5.999 0
v 15.108 6.636 0.28
v 15.108 6.636 0
v 14.912 6.636 0.28
v 14.912 6.636 0
v 14.912 5.999 0.28
v 14.912 5.999 0

f -12 -15 -14
f -14 -13 -12
f -10 -9 -8
f -8 -9 -7
f -8 -7 -6
f -6 -7 -5
f -6 -5 -4
f -4 -5 -3
f -4 -3 -2
f -2 -3 -1

o Default b8B55
usemtl 0x8FBDB9
v 10.413 9.645 0.28
v 10.658 9.645 0.28
v 10.658 9.841 0.28
v 10.413 9.841 0.28
v 10.413 9.645 0.28
v 10.413 9.645 0.28
v 10.413 9.645 0
v 10.658 9.645 0.28
v 10.658 9.645 0
v 10.658 9.841 0.28
v 10.658 9.841 0
v 10.413 9.841 0.28
v 10.413 9.841 0
v 10.413 9.645 0.28
v 10.413 9.645 0

f -12 -15 -14
f -14 -13 -12
f -10 -9 -8
f -8 -9 -7
f -8 -7 -6
f -6 -7 -5
f -6 -5 -4
f -4 -5 -3
f -4 -3 -2
f -2 -3 -1

o Default b8E71
usemtl 0x8FBDB9
v 8.104 7.299 0.28
v 8.104 7.103 0.28
v 8.202 7.103 0.28
v 8.202 6.858 0.28
v 8.447 6.858 0.28
v 8.447 7.299 0.28
v 8.104 7.299 0.28
v 8.104 7.299 0.28
v 8.104 7.299 0
v 8.104 7.103 0.28
v 8.104 7.103 0
v 8.202 7.103 0.28
v 8.202 7.103 0
v 8.202 6.858 0.28
v 8.202 6.858 0
v 8.447 6.858 0.28
v 8.447 6.858 0
v 8.447 7.299 0.28
v 8.447 7.299 0
v 8.104 7.299 0.28
v 8.104 7.299 0

f -16 -21 -20
f -19 -18 -17
f -16 -20 -19
f -19 -17 -16
f -14 -13 -12
f -12 -13 -11
f -12 -11 -10
f -10 -11 -9
f -10 -9 -8
f -8 -9 -7
f -8 -7 -6
f -6 -7 -5
f -6 -5 -4
f -4 -5 -3
f -4 -3 -2
f -2 -3 -1

o Default b8A60-B61
usemtl 0x8FBDB9
v 9.915 9.656 0.28
v 10.405 9.656 0.28
v 10.405 10.881 0.28
v 9.915 10.881 0.28
v 9.915 9.656 0.28
v 9.915 9.656 0.28
v 9.915 9.656 0
v 10.405 9.656 0.28
v 10.405 9.656 0
v 10.405 10.881 0.28
v 10.405 10.881 0
v 9.915 10.881 0.28
v 9.915 10.881 0
v 9.915 9.656 0.28
v 9.915 9.656 0

f -12 -15 -14
f -14 -13 -12
f -10 -9 -8
f -8 -9 -7
f -8 -7 -6
f -6 -7 -5
f -6 -5 -4
f -4 -5 -3
f -4 -3 -2
f -2 -3 -1

o Default b5K27
usemtl 0x8FBDB9
v -13.674 23.497 0.28
v -13.086 23.497 0.28
v -13.086 23.889 0.28
v -13.674 23.889 0.28
v -13.674 23.497 0.28
v -13.674 23.497 0.28
v -13.674 23.497 0
v -13.086 23.497 0.28
v -13.086 23.497 0
v -13.086 23.889 0.28
v -13.086 23.889 0
v -13.674 23.889 0.28
v -13.674 23.889 0
v -13.674 23.497 0.28
v -13.674 23.497 0

f -12 -15 -14
f -14 -13 -12
f -10 -9 -8
f -8 -9 -7
f -8 -7 -6
f -6 -7 -5
f -6 -5 -4
f -4 -5 -3
f -4 -3 -2
f -2 -3 -1

o Default b5F29
usemtl 0x8FBDB9
v -11.328 19.789 0.28
v -11.328 19.593 0.28
v -11.426 19.593 0.28
v -11.426 19.397 0.28
v -11.132 19.397 0.28
v -11.132 19.789 0.28
v -11.328 19.789 0.28
v -11.328 19.789 0.28
v -11.328 19.789 0
v -11.328 19.593 0.28
v -11.328 19.593 0
v -11.426 19.593 0.28
v -11.426 19.593 0
v -11.426 19.397 0.28
v -11.426 19.397 0
v -11.132 19.397 0.28
v -11.132 19.397 0
v -11.132 19.789 0.28
v -11.132 19.789 0
v -11.328 19.789 0.28
v -11.328 19.789 0

f -16 -21 -20
f -20 -19 -18
f -18 -17 -16
f -16 -20 -18
f -14 -13 -12
f -12 -13 -11
f -12 -11 -10
f -10 -11 -9
f -10 -9 -8
f -8 -9 -7
f -8 -7 -6
f -6 -7 -5
f -6 -5 -4
f -4 -5 -3
f -4 -3 -2
f -2 -3 -1

o Default b5C81
usemtl 0x8FBDB9
v -2.047 15.754 0.28
v -1.753 15.754 0.28
v -1.753 16.832 0.28
v -2.047 16.832 0.28
v -2.047 15.754 0.28
v -2.047 15.754 0.28
v -2.047 15.754 0
v -1.753 15.754 0.28
v -1.753 15.754 0
v -1.753 16.832 0.28
v -1.753 16.832 0
v -2.047 16.832 0.28
v -2.047 16.832 0
v -2.047 15.754 0.28
v -2.047 15.754 0

f -12 -15 -14
f -14 -13 -12
f -10 -9 -8
f -8 -9 -7
f -8 -7 -6
f -6 -7 -5
f -6 -5 -4
f -4 -5 -3
f -4 -3 -2
f -2 -3 -1

o Default b3U41
usemtl 0xFF9E4E
v -16.726 -3.941 0.28
v -16.334 -3.941 0.28
v -16.334 -3.353 0.28
v -16.726 -3.353 0.28
v -16.726 -3.941 0.28
v -16.726 -3.941 0.28
v -16.726 -3.941 0
v -16.334 -3.941 0.28
v -16.334 -3.941 0
v -16.334 -3.353 0.28
v -16.334 -3.353 0
v -16.726 -3.353 0.28
v -16.726 -3.353 0
v -16.726 -3.941 0.28
v -16.726 -3.941 0

f -12 -15 -14
f -14 -13 -12
f -10 -9 -8
f -8 -9 -7
f -8 -7 -6
f -6 -7 -5
f -6 -5 -4
f -4 -5 -3
f -4 -3 -2
f -2 -3 -1

o Default b3M45
usemtl 0x8FBDB9
v -23.776 -3.945 0.28
v -23.433 -3.945 0.28
v -23.433 -3.7 0.28
v -23.776 -3.7 0.28
v -23.776 -3.945 0.28
v -23.776 -3.945 0.28
v -23.776 -3.945 0
v -23.433 -3.945 0.28
v -23.433 -3.945 0
v -23.433 -3.7 0.28
v -23.433 -3.7 0
v -23.776 -3.7 0.28
v -23.776 -3.7 0
v -23.776 -3.945 0.28
v -23.776 -3.945 0

f -12 -15 -14
f -14 -13 -12
f -10 -9 -8
f -8 -9 -7
f -8 -7 -6
f -6 -7 -5
f -6 -5 -4
f -4 -5 -3
f -4 -3 -2
f -2 -3 -1

o Default b2E16
usemtl 0x8FBDB9
v -30.337 8.047 0.28
v -30.043 8.047 0.28
v -30.043 8.488 0.28
v -30.337 8.488 0.28
v -30.337 8.047 0.28
v -30.337 8.047 0.28
v -30.337 8.047 0
v -30.043 8.047 0.28
v -30.043 8.047 0
v -30.043 8.488 0.28
v -30.043 8.488 0
v -30.337 8.488 0.28
v -30.337 8.488 0
v -30.337 8.047 0.28
v -30.337 8.047 0

f -12 -15 -14
f -14 -13 -12
f -10 -9 -8
f -8 -9 -7
f -8 -7 -6
f -6 -7 -5
f -6 -5 -4
f -4 -5 -3
f -4 -3 -2
f -2 -3 -1

o Default b2E12
usemtl 0x8FBDB9
v -30.036 8.047 0.28
v -29.693 8.047 0.28
v -29.693 8.488 0.28
v -30.036 8.488 0.28
v -30.036 8.047 0.28
v -30.036 8.047 0.28
v -30.036 8.047 0
v -29.693 8.047 0.28
v -29.693 8.047 0
v -29.693 8.488 0.28
v -29.693 8.488 0
v -30.036 8.488 0.28
v -30.036 8.488 0
v -30.036 8.047 0.28
v -30.036 8.047 0

f -12 -15 -14
f -14 -13 -12
f -10 -9 -8
f -8 -9 -7
f -8 -7 -6
f -6 -7 -5
f -6 -5 -4
f -4 -5 -3
f -4 -3 -2
f -2 -3 -1

o Default b2E42
usemtl 0x8FBDB9
v -35.137 8.196 0.28
v -34.843 8.196 0.28
v -34.843 8.49 0.28
v -35.137 8.49 0.28
v -35.137 8.196 0.28
v -35.137 8.196 0.28
v -35.137 8.196 0
v -34.843 8.196 0.28
v -34.843 8.196 0
v -34.843 8.49 0.28
v -34.843 8.49 0
v -35.137 8.49 0.28
v -35.137 8.49 0
v -35.137 8.196 0.28
v -35.137 8.196 0

f -12 -15 -14
f -14 -13 -12
f -10 -9 -8
f -8 -9 -7
f -8 -7 -6
f -6 -7 -5
f -6 -5 -4
f -4 -5 -3
f -4 -3 -2
f -2 -3 -1

o Default b2E53
usemtl 0x8FBDB9
v -36.436 8.795 0.28
v -36.093 8.795 0.28
v -36.093 8.991 0.28
v -36.436 8.991 0.28
v -36.436 8.795 0.28
v -36.436 8.795 0.28
v -36.436 8.795 0
v -36.093 8.795 0.28
v -36.093 8.795 0
v -36.093 8.991 0.28
v -36.093 8.991 0
v -36.436 8.991 0.28
v -36.436 8.991 0
v -36.436 8.795 0.28
v -36.436 8.795 0

f -12 -15 -14
f -14 -13 -12
f -10 -9 -8
f -8 -9 -7
f -8 -7 -6
f -6 -7 -5
f -6 -5 -4
f -4 -5 -3
f -4 -3 -2
f -2 -3 -1

o Default b2D45
usemtl 0x8FBDB9
v -35.738 9.096 0.28
v -35.542 9.096 0.28
v -35.542 9.341 0.28
v -35.738 9.341 0.28
v -35.738 9.096 0.28
v -35.738 9.096 0.28
v -35.738 9.096 0
v -35.542 9.096 0.28
v -35.542 9.096 0
v -35.542 9.341 0.28
v -35.542 9.341 0
v -35.738 9.341 0.28
v -35.738 9.341 0
v -35.738 9.096 0.28
v -35.738 9.096 0

f -12 -15 -14
f -14 -13 -12
f -10 -9 -8
f -8 -9 -7
f -8 -7 -6
f -6 -7 -5
f -6 -5 -4
f -4 -5 -3
f -4 -3 -2
f -2 -3 -1

o Default b2D41
usemtl 0x8FBDB9
v -35.738 9.348 0.28
v -35.542 9.348 0.28
v -35.542 9.838 0.28
v -35.738 9.838 0.28
v -35.738 9.348 0.28
v -35.738 9.348 0.28
v -35.738 9.348 0
v -35.542 9.348 0.28
v -35.542 9.348 0
v -35.542 9.838 0.28
v -35.542 9.838 0
v -35.738 9.838 0.28
v -35.738 9.838 0
v -35.738 9.348 0.28
v -35.738 9.348 0

f -12 -15 -14
f -14 -13 -12
f -10 -9 -8
f -8 -9 -7
f -8 -7 -6
f -6 -7 -5
f -6 -5 -4
f -4 -5 -3
f -4 -3 -2
f -2 -3 -1

o Default b2A15
usemtl 0xFF9E4E
v -29.294 13.049 0.28
v -28.755 13.049 0.28
v -28.755 13.637 0.28
v -29.294 13.637 0.28
v -29.294 13.049 0.28
v -29.294 13.049 0.28
v -29.294 13.049 0
v -28.755 13.049 0.28
v -28.755 13.049 0
v -28.755 13.637 0.28
v -28.755 13.637 0
v -29.294 13.637 0.28
v -29.294 13.637 0
v -29.294 13.049 0.28
v -29.294 13.049 0

f -12 -15 -14
f -14 -13 -12
f -10 -9 -8
f -8 -9 -7
f -8 -7 -6
f -6 -7 -5
f -6 -5 -4
f -4 -5 -3
f -4 -3 -2
f -2 -3 -1

o Default b2A13
usemtl 0xFF9E4E
v -28.404 13.049 0.28
v -27.865 13.049 0.28
v -27.865 13.637 0.28
v -28.404 13.637 0.28
v -28.404 13.049 0.28
v -28.404 13.049 0.28
v -28.404 13.049 0
v -27.865 13.049 0.28
v -27.865 13.049 0
v -27.865 13.637 0.28
v -27.865 13.637 0
v -28.404 13.637 0.28
v -28.404 13.637 0
v -28.404 13.049 0.28
v -28.404 13.049 0

f -12 -15 -14
f -14 -13 -12
f -10 -9 -8
f -8 -9 -7
f -8 -7 -6
f -6 -7 -5
f -6 -5 -4
f -4 -5 -3
f -4 -3 -2
f -2 -3 -1

o Default Default_0
usemtl Default_0.webp
v -41.5 -15.659021 0
v 35.89998 -15.658904 0
v 35.899602 28.460058 0
v -41.5 28.45951 0
vt 0 0 0
vt 1 0 0
vt 0 1 0
vt 1 1 0
f -4/4 -3/3 -2/1 -1/2

